0
-0.0
1
-1
10
-10
20
-20
1000000
0.1
0.10
0.100000000000
0.099999999999
0.100000000001
0.5
2.5
3.333333333333
9.999999999999
10.000000000001
0.000000000001
-0.000000000001
-692.115
0.0000008368620
0.0000459786
-51.3720
0.050954000
84.8533
-8306.49
-6.12932
0.0000337779
0.00000731031
-0.00569071
-0.00000160880
0.86384600
-0.000000841741
65.1617
0.0751869
4946.54
-0.000000181866
0.530611
3.16941
6.56680
0.644238
5707.90
-0.0000391082
-554252
0.000000397888000
0.53560000
-0.998063
12427.6
9555.76
7.37616
7590.56
0.000000578132
-0.000000800620
9137.12
-61763.1
69965.0
-0.000726015
82.2996
-0.421721
-0.000000342858
0.0800742
0.666274
0.00000919766
335.841
0.847246
-0.0000594845
500831
0.0684222
5808.27
0.0000211048
0.0638614
-0.000000213676
0.0103420
0.0160050
-8.78324
0.000882930
0.000017991
-0.045119
947.6270
72.787
0.000168883
0.717224
260.664
880586.0
0.0509828
5.46850
-8005.25
0.0000059787
-192897.0
0.00000352653
92645.1
256.993
0.000292701
-0.000000451481
0.00908534000
0.676016
2.46174
0.000418868
0.000000548249
0.000000772033
15.5649
366.61
-392.59
0.00670087
-0.0473500
456.650
0.0093284
147977
0.613317
0.26413
96.9097
0.000052080
0.330204
0.0975428
0.000000012172
-2.71331
0.000486113
100.92400
0.000000504661
0.877238
0.000343622
0.912122
-4356.01
0.0000610429
67.4687
0.55316
0.00664180
7.5328
0.0154556
6.90559
7.07551
0.000000775836
35.22510
-0.0000231192
961661
0.68456
0.0000196407
0.00081456000
665.92
-89322.5
570910
0.26555
36274.7
9.55836
633.075
0.000871812
811.910
0.0000876738
0.0006625610
-553114
-0.461451
9038.23
-0.0117051
-0.00771544
0.0000012702
-44.2781
416961
-0.0771577
4491.94
0.000000084608
5967.18
4753.63
6.74607
0.133029
0.00000337953
-0.00000408694
0.382359
0.000245262
3.40354
9082.54
0.910333
935.263
0.00000807122
9187.14
0.0000728137
-0.0073471600
0.0000005906310
0.00000403221
13.6554
854
7578.97
-456.710
0.00000460895
675.045
0.000097594
-0.00894886
-21.9763
-3180.44
980799
4387.88
-165587
991.222
476254
0.000053813700
-0.000802780
17787.2
-0.00000248834
580095
0.000000755639
743.653
0.927296
-3299.25
0.0000058857
0.000368489
6736.19
68726.9
6982.2
-65.8388
841.955
0.0000212261000
0.00000780556
263576
367536
146628
-3989.0
485233
4.44860
-41346.9
0.000000079037
755.924
0.00696609
1607.89
0.0000212954
676684
341878.0
0.0000749997
0.000000027168
0.0203995
53.6353
0.0000652314
80.9960
2846.27
0.000000394937
0.000000898293
0.00007572290
-99.2247
-0.00454819
0.135575
-7084.2
0.0000583611
415.128
0.0000855041
78.5375
70.3349
0.00000244400
0.360497
64.677
-0.31948
5036.98
96733.7
0.0139444
375763.00
7047.66
0.00495740
0.000000352085
6.04975
87079.9
0.0000185516
-0.0455174
0.000000291257
-88442
0.000000329411
5817.85
-54119.7
47.13530
-3.27076
9.81600
0.00000638853
252391
406.371000
0.848029
0.0432344
22.7386
-0.00226718
320.936
0.491630
0.43676
0.0332266
0.000000991539
0.00002368860
0.113444000
0.0989775
-0.00000419584
-8.31094
0.492952
913.91
4.21720000
-0.000000832983
-0.0713682
-0.00060013100
-9742.04
64646.1
654349
0.26958
0.0416331
-0.000149349
0.277349
-2.66013
0.263354
0.00243703
0.599109
4.28693
0.439424
-0.0536702
-88.3392
51.2344
635511
0.0349225
0.0525423
0.0000737589
-0.00076354
0.0000387141
0.0584860
-0.0000348999
35.359
68.4644
86499.1
0.000000694182
0.000000749486
0.0189379
0.00089685
0.000000258696
-34.5444
877.701
-0.000338767
-0.0466023
0.00290072
-345.6050
-38.4028
1.79325
0.00000002085
0.0000318822
-358840.0
0.0000157756
-512314
-46.9776
7008.15
16458.5000
96.319000
20.0034
0.000000928258
0.000750017
0.0000304042
0.0440470
34328
0.000374675
0.00844959000
-45766.3
290511
44.7053
43779.4
886260
-0.00000690446
-0.0189208
415.308
9.29476
0.0566627
-249.033
0.00000182529
0.000608347
630171
0.000000493628
-665769
-0.000000366783
952.416
914298
-0.0000833152000
3784.85
94.6327
695.167
0.000834066
0.000796541000
0.00000405058
0.0000368161
-0.0000448147
-0.0000024182
-4182.90
-7639.51
0.00000632869
0.00000846403
0.0000828860000
695.512
1.38951
55.0481
268.792
0.0011359
1969.52
5978.48
-0.0000740545
-0.00000552907
19.6747
-0.000265751
695060
0.000000699821
-0.0000187646
307.611
0.00000743617
0.000138815
0.00804762
-218328
-0.000000554773
0.0000683371
10410
-501210
58.5510
0.0434576
-0.000712738
-0.000000328096
7006.66
0.045607
605.525
654.046
-1813.87
53974.8
0.987964
0.000006175
0.00000766554
738944
0.000827125
0.00103207
0.00517913
0.466130000
0.406191000
86746.8
31589.4
0.00690726
-0.054086000
7.46785
0.000000734342
-408647
0.000000706760
-0.0000906614
3293.22
0.856763
0.730604
1.09075
0.546680
0.000004656620
0.00000712614
0.00000991799
-0.000088121
-41.5675
80.0065
83.1323
99.0103
0.00250623
7010.12
0.000000515543
0.798732
0.000765982
0.000000091483
5.9150
183.68
-0.000000066160
-0.00000152399
-0.0000620736
6904.05
0.781080
0.00170952
-0.0000298333
-0.0000078922
9.9713
0.000756266
0.0000380927
0.000000692626
9.6933200
0.0000230981
-0.00000564260
0.0000260413
0.0439654
20.6988
26.6178
0.0000686121
5308.16
10.594
24.6957
0.00535887
0.000587263
0.0000100818
0.000024147
-0.000660307
-0.00984423
0.923655
3576.92
-0.0567399
0.000737803
0.000000193062
0.000000669195
-40.3977
0.00699662
0.00000006797
17650
0.00000430923
0.0183865
405.860
-37659.9
-552.9
0.00000973180
0.147011000
0.00989394
-0.000000857915
1.4361
412445.000
13947.6
0.0000546882
2.4871
4301.36
-532853
0.000000203188
-0.000361472
0.000000009403
0.000857162
-0.000272143
20.0290
-0.000428686
-42.4244
0.720395
0.039475
0.00010773000
605658
8.43128
0.77986
0.0000920673
-0.313460
301.679
-5.39295
-0.0000813105
0.100856
497.629
-0.000000617223
0.0776269
0.0000244096
3.47083
-0.0000020918100
-0.000000121761
-362.51
0.00684557
-0.0757679
33.4070
600909.0
-7.48264
0.0090265
0.434422
652758
-6657.73
0.00000238947
0.00000067215
0.000899955
0.164692
79.4661
91.6986
-5.47085000
2529.0
96023.3
-21404.9
-8597.63000
91346.1000
-584.136
3361.97
0.000004535280
823522
0.0000473956
-0.00000036036
48919.3
0.959378
9.795900
5.0527500
0.000000136158000
256500.00
1333.71
48361.2
0.000000452760
0.067972
2.482830
5967.05
0.00991879
7427.92
0.0338059
0.000831161
-0.000000521171
-0.68903
0.000900160
0.0002694420
-0.00000963128
-32.4048
-23.5086
-76028.4
5.14204
35.0804
0.000000901684
0.22983
-99521
0.00831170
55958.5
63605.4
0.00529962
794412
0.000773336
866470
-1.34910
-237.287
89004.2
941.667
185.176
2797.06
-46.9339
0.00000713169
-30763.6
0.000151136
0.00112682
0.0314724
-0.181802
0.000000888098
-0.000000442466
9.52317
-998172
0.0000892924
0.000012139
-0.0000507908
0.0000290508
350655
0.000390690
0.600881
0.656260
2.685510
6585.30
-0.263630
87705.1
6.94512
63167.7
0.0000776770
1724.46
0.0000410995
-112.112
9619.97
0.0219983
0.000000362750
-0.000818011
0.00000827569
46266.6
-0.0000384581
0.000000425260
0.0000515893
0.174765
6.22937
-64279.6
0.00263073
6.71190
0.0000682396
0.0000323716
71212.9
0.000043265
-956254
68.8018
0.0846728
4853.0
11616.7000
26.2186
0.00468659
0.000000618675
-5522.2
3.83610
0.0000359647
-2438.45
0.00528410
0.6627
0.505146
0.0239699
35.4186
28.9931000
-0.000344065
0.0000015446
-0.00288713
0.00845826
-0.0000681824
-0.000375273
0.000000942785
0.922901
339.405
-799473.0
0.0000003123470
380.69400
-0.0000628772
0.00493577
-87.05760
903.481
0.342633
1.16018
-824.022
0.000717460
0.0000109080
71494.9
0.000000423608
0.109212
58455.0
-59957.9
0.00000094797
-0.00000546239
0.000000688322
72.9197
0.0818103
9.91996
0.000000212317
0.000051649
36028
-0.0109715
0.00293141
0.00132136
967950
418347
0.000000104410
10481.1
0.000332259
-93798
-0.0000596048
0.00612759
0.0000364941
-5334.30
-90.79380
0.000490626
2.04771
2.87180
-0.0259200
0.709049
563.543000
-0.000932937
784.805
2195.86
0.0000850745
5965.26
0.259033
603.382
0.000000469650
0.00332627
951046
-0.0833101
20.8629
-211.27
2.03566
0.0085950
-36.49
0.00389153
0.000022109100
-75.5871
0.00614158
92150.0
0.0924410
0.937027
787.555
0.501553
0.0654589
10116.8
96.274
77.5246
372550
-40447.0
-0.00481689
0.000000689799
-278931
51670.6
-760.038
9153.85000
-0.0909342
-2044.7700
21779.4000
0.889602
-0.00777040
80534.7
-0.0000137118
0.000000202989
220293
-65445.9
5.81511
0.0000437799
-0.000000711085
0.00483558
-0.123488
393389
0.0913965
76860.6
0.00000522948
-2.635
0.00736668
-9.8097
372.718
0.0204048
0.0047033
499564
0.00000879535
0.0000615499
-4114.14
0.000000108700
0.00931013
5.8398
22.2529
59830.3
-27354.10
381.5930
2.662840
-0.879459
-238579
-0.39190
165059
0.0000673578
6473.61
6.91195
3.97646
-48.636
-22642.3
80.383
-407.094
746.532
493335
0.000757354
638.329
0.000000090675
-0.0000699061
0.0868007
0.6455
0.00489828
-92.5400
58.684
0.00960416000
-32551.8
3529.85
-0.0000423180
-0.398880
0.00762031
0.000639171
-0.000226682
-429649
0.0000214123
0.000530991
5.57935
-0.00668729
0.000000966629
0.648772
-8275.12
450.435
50474.9
0.000000695481
0.000000232639
5577.82
0.000000003549
-0.0000521227
-72.2413
248.096
570.117
1.02463
0.000000418032
-635.37
0.00054430800
0.000987894
0.437116
-45633.7
13478.8
95.1681
-0.00100733
-876.535
6.95114
69.1629
3148.8
5.51021
0.000869145
-0.0953217
0.000135345
6776.59
241516
18.0163
-0.00216653
-957.411
0.00000022492
51613.2
0.000214096
0.0000754858
0.0000010455300
-0.000144141
0.000044436
88.6560
-345.453
0.0071175
-7.2187
0.725294
0.000520107
597.81
492.57
39.5787
-0.000546529
0.5527
239169
370.581
205.427
0.000000815720
0.00000676778
-271196
0.000000967686
-0.00173480
0.0000655432
9236.76
0.00000461665
0.000441376
0.000711738
-0.0000013912
0.00697676
0.000000899067
47.599
-543673
949680
5.351840
93527.4
0.0579905
0.255122
-3246.31
9.72896
0.000000486292
0.000920346
3474.32
0.0000976651
0.00680732
4.660
-0.0346448
0.0000004076390
619.028
0.0000302538
0.00064751
93946.3
451864
0.0000100988
536361
0.0000336386
0.000818166
72.7331
0.0275806
-226.67700
0.000000502138
-333687
0.0000882475
0.0000022765
746.335
-0.297330000
0.00131915
667.992
0.000000006541
0.000000194135
0.0000323765
355.270
0.000008075260
-0.0000895907
23107.5
-4141.63
4.85129
0.00000889802
0.00101120
-105.395
0.000611522
0.0000056369
9442.21
6.28275
-0.00000606938
0.000980457
0.000000765619
27.33500
606298
0.92840100
2473.64
-36.2177
-686.947
65.9392
-0.00580928
6158.79000
-0.000000883383
-797.028
0.000000095196
7274.74000
-52.25420
-0.000810221
795300
0.00000109928
0.00000440494
0.00000716458
0.0140397
-0.00000520658
5.82934
-0.000000599979
-200.759
862405
0.000682561
9.04203
-0.025059
-0.265743
0.06279
454062
-0.00000076193400
0.000826019
0.0419621
7659.32
-0.00000765729
560.290
0.324292
0.00562098
0.0000100695
197.29800
0.0000096543
86.6204
-306888
0.27753500
0.664087
251626
0.0629641
-0.00000981432
7.3933
0.0851188
0.000000124609
0.0000658020
0.0303875
-8379.26
0.0592181
0.00000717547
0.000940253
0.00364099
7.34805
0.874454
0.46079
-0.149031
-0.0000753256
0.000000444368
2948.22
-653.708
-67017.7
997.742
1847.79
844172
751771
863.991
0.00650095
0.0000073888
26551.1000
222.716
-0.0342062
774904
35585.3
83193
-818021
-0.00000022478
0.00000341992000
-0.00000054403
211812
0.0000816923
2.88167
42938.9
46062.3
13.6618
0.00000136259
928.423
0.0000365920
34.9989
-444.56
61795.7
73.9711
68459.0000
-0.063383
0.0243622
0.771407
-0.00000691666
0.00461128
33.2356
0.0000932560
-531257
0.0457434
0.000000772778
0.00000592845
0.000000770470
-6.46524
0.383718
820.128
769038
0.00000489616
-0.00000700064
0.000582995
-0.000000907380
0.00000747032
-18.516
0.56804200
-9.20069
88476.7
-4.38930
0.0086472
-15.7890
887.026
-548470
-3.61941
-727844
-0.718087
15534.9
0.000000995245
-0.0000004955610
0.0860316
0.0000251786
0.00000848244
473.58900
138.048
-463552
0.071676700
0.00000209748
568.160
0.0000507119
0.00072430
-0.0449237
8338.92
0.0068063
0.000000973789
0.00832803
0.000946748
0.000000451204
-0.000491806
0.0000219267
68869.6
352612
0.00365566
0.00018688
0.000000992604
0.000000578047
-0.00000278463
-0.0000380614
-34.2612
-0.00565636
0.0089285
0.000201125
-0.000778354
0.000000260685
0.000133872
0.175751
9.04656
0.0000605389
0.956696
850138
67544.8
41495.1
42053.5
5309.85
0.00000736864
96.9829
14.1555
359.714
0.903279
-0.0212403
0.00687472
2123.75
-0.0641460
0.397575
0.00000624633
0.000113182
0.00844463
-90426.7
11.5280
0.000000879168
0.000538282
-6914.2
-0.000000278127
0.00249469
0.0000894945
0.00000454582
0.00661005
0.076318
93756.5
3102.85
-773747
-0.0000960523
-0.00000462145
980.526
470339
-0.0000620480
0.0090586300
0.00131679
-0.000000628358
-946.216
-0.000178841
0.00000462233
0.00000144535
201.092
0.444734
3744.17
4.70769
0.0005558940
0.0906040
-3244.46
-0.746843
-0.00342851
0.0823167
0.000754115
-52.5270
-0.735136
92225.0
68196.1
0.007528770
0.172512
0.0000236673
4906.44
-0.000000888090
0.00000716289
0.00483654
0.0609110
0.000597092
0.00000860372
-0.00187705
0.69269
97.5476
0.000273308
0.000227007
2656.5
-653.736
0.00000649707
565.01000
614.284
-0.000000619886
93.14400
6.63622
-0.00000058962
-1.73857
0.00138453
0.00956454
-32.6256
0.615148
-79.239
9.55368
479.205
0.000000204470
936.972
4.13222
-99199.0
1.93454
0.00391493
0.0000118192
0.00000970440
0.000027849
0.000469712
0.330863
14.2629
0.000981028
0.000425141
0.000759028
87182.6
8.04871
-0.00000857342
0.413014
0.0000973725
-46796.8
2.63685
0.000000909863
0.000000578630
0.0000335448
-0.0509709
0.00512370
52.2528
628370
0.000961046
322.024
827.355
0.0000468030
555752
1.55825
-0.00957208
93950.2
0.00000145795
887956
-82970.3
0.36811
0.0780556
-79.5885
1.2241300
-0.0510408
0.000000682437
-85.7590000
0.000000059217
-0.0000548186
-9.63193
541.753
179610.0
-0.0000867891
67691.9
-0.0075687700
0.0000205156
0.00000792734
-0.00386771
33602.4
0.00000854805
698560
883.34500
0.000000392848
0.0000860000
-0.000690476
0.427791
-0.000807782
8520.23
-0.00298265
0.00000811414
0.96761000
1.11505000
0.00000125018
0.00000758977
7.4265
-0.0000062623
379977
-0.0572006
5.43128
784056
0.264039
0.940833
958216.000
883350
98608.8
0.0000348048
0.000000445949
0.00000645219
0.0000423058
0.697496
0.0703484
-94846.2
0.0000476014
1352.5
-0.0060840
0.108291
0.8580
0.00021798
219.856
0.73057
0.0000779831
-57026.4
0.077308
-6945.44
-0.000000897614
-6.39976
9.11386
-0.017779
0.00756101
0.000308797
-0.00399587
7984.50
-59.3496
9.02380
9777.56
-85304.5
1938.55
3.98140
0.71065
0.00000746605
0.0009462020
534928
67.3227
0.00000659525
531466
0.0000832221
50.913600
193.356
0.00111122
0.000000643046
0.0000164164
-99115.3
0.00000684697
-0.0029877
0.225540
0.000797150
-0.929972
9203.60
70152.3
84.0010
442338
252477.000
-0.000000745845
339.352
840.101
3.03454
0.00000508438
0.524236
535.373
99.0458
2.98471
0.00000717196
9.25947
6977.26
0.994040
0.997279
432.877
-0.0000278272
-5743.70
58.1121
0.0103944
3.29020
820.098
796.320
0.0000402920
-172868
0.247945
0.022262200
9.67619
3.59780
0.00000454818
0.00000974474
0.000000884614
84.7190
59800
0.00000025778
9459.09
-0.607569
0.0024681
0.000008670010
4423.74
-80757.0
88808.3
-0.00251791
0.0000663882
-0.000000967588
0.00007088
0.000000914909
0.00000951828
6.69263
0.521187
1975.13
7854.21
0.998995
25.8297000
0.822725
517944
-81.7169
47551
-0.000000396708
3.90190
440997
-7.59557
0.00005904280
-2374.86
380.320
0.000995879
0.0297227
0.0000223468
-1.60223
0.00330591
84826.7
451.022
8701.50
0.0000153706
-85.911
469.846
439581
-2.0332100
0.0802760
0.85912100
0.0000034194
-0.000950000
0.00000239796
0.0712580
-53983.1
-5.03852
0.0000625105
4.53494
0.0000350856
1.1044
-0.0000084604000
0.40738200
0.865938
0.0000851267000
663790.00
-240186
-59.2861
62716.4
902.528
0.00841793
0.0646924
-4.66692
305336.00
-0.0000630313
578495
0.00998822
0.000000818850
-46888.1
0.0973288
0.00000665834
0.0000002809670
1.88482
46.2652
0.0000009203310
0.715470
-0.000419068000
0.0000775645
7499.22
66.2745
758.55
-0.328908
-659602
0.00286731
0.00801271
0.00432685
25.0570
402.43
0.000714637
1.89458
-0.958297
7637.240
769.020
636.475
8.0891
0.0563133
0.0000384507
190.58800
0.000000321964
0.00000668114
-0.0371052
0.000000062991
0.000687977
0.00000898415
-58596.50
-0.00945404
0.000791452
55.3811
-284879
0.000682236
7970.24
0.00000008963
0.0708644
0.000000450975
926708
-0.502006
627.887
-414258
0.46460
0.515279
-0.574791
-16511.0
0.000219186
179.15
0.0000403665
93.2074
-0.06132
4.297580
0.00000173364
0.3528020
5.71372
746.184
0.00000194482
-0.0656187
0.00112192
213.519
0.0391020
79169.9
313780
170.158
27.5112
0.0000736196
952.448
0.00376152
457322
-0.0000658858
71133.1
7.2296
0.000908296
-3151.25
153.220
0.000000549424
-8.81528
-62.2206
-0.00000572602
0.00000291748
0.000000417048
0.00000319773
0.000000925689
279.45
6.40456
0.0000933771
-43727.0
-0.00074436100
0.518540000
0.000494947
-751.051
0.0000049609
-0.0000921544
-3.61314
0.095136
0.169353
40.4900
-0.000000639951
93429.1
5.06842
-0.00000185148
-0.000778702
0.374310
40.4517000
9665.0900
460.310
0.0000396690
0.635198
0.0000053447
0.836996
-0.0001578210
359734.0
2836.49
0.000000303340
0.0905576
0.00918116
27130.9
2.59845
977.882000
-0.00129888
-0.0910820
65.1045
0.004463
53450.5
0.000637953
52723.7
0.962865
0.133283
-0.00967269
0.278072
8.01283
0.442607000
-85.298600
-956.1510
1322.7
8650.34
0.0000706368
756008
0.1774420
0.000000954721
0.00000072572000
1.39504
2.17747
-0.0729786
0.00630741
0.00000323276
733.6770
0.656564
8.30878
160.910
0.737966
0.900975
0.0000737045
0.000000522708
0.000033473
0.639461
265845
0.00000268714
0.000129086
0.00575920
3.99456
0.059624
-1369.46
62.3867
0.000313538
318268
480990
-0.28453
0.000899329
74778.3
0.0000096807
0.0000194271
-0.00000284836
11.553200
0.000000553306
14.5983
5.80297
0.0239038
0.000036477
0.673031
396420
-0.0000213116
524.229
0.000078210
44080.2
0.501224
0.000000388692
407596
0.00895436
-202.706
0.843852
0.0699278
-90543
0.98789000
0.0000902076
9053.29
0.0389395
26.3820
0.00548434
-0.000118137
8553.03
0.00420645
0.0663219
0.0000873613
0.000538098
998662
909.628
-5.60162
0.0867250
520.259
21.3416
-0.945036
0.00000261299
0.0000228762
0.0833190
30091.5
8083.59
-0.384715
-0.000000777926
1.17786
0.0000497712
-0.000000505585
0.0607971
0.000009336010
0.0314694
0.0000652672
-0.000992975
684776
393459
-0.127984
880.524
0.00000983619
0.000705545
0.000014540
0.000000175377
-161.938
8139.57
0.00861064
62.1128
0.948468000
918553
43837.6
357.265
3.26370
0.0000577011
922206
0.0594314
-0.438366
514474
62617.1
979290
77164
0.00161149
0.00137753
0.0381942
0.000192258
7.39948
0.000773226
0.000089509300
-0.918336
0.00420140
523.786
-0.00000585012
-0.00000049350
66066.9
0.0000898855
8411.67
0.000938867
-99539.7
21523.5
63.9601
-0.0000847363
0.00547127
984892
432.484
952390.00
0.289483
0.00142588
0.00934406
0.000861141
872562
9.06242
786.411000
6.67952
0.00000583285
-0.00000542166
0.00574282
0.00000360517
-0.00285234
55860.8
705.68
-674.107
843.647
1877.37
-0.793499
-3.57108000
84794.9
0.0000723747
0.0000706518
-0.0000086126
0.00000843987000
3.2306
0.000080222
-0.000000329625
723.32500
-0.000000480204000
-3.64993
197521
0.000000920358
-0.69549000
-4.89587
0.00000243710
589208
8429.65
0.0060467
407.916
-0.00000672053
220212.0
0.0000009420400
0.000528274
260468
0.000899994
86671.7
424181
0.000000164525
0.0000729513
0.00009112340
0.000000287404
0.000000432586
-0.300232
0.00000367130
-0.103966
0.0654601
535398.000
740.993
850511
76.4042
3463.16
3.05919
0.00000774122
0.000000731900
19.3245
164509
0.000000139352
-675.377
-9.74661
101.35
0.00000663589
0.0000530779
-0.00893267
0.0588496
-550.414
0.0776043
0.000385086
0.000000116590
0.00614569
-0.619315
91.784
0.00000747567
0.0355541
812.583
0.000843422
6174.63
0.0000691355
0.0000589881
0.00206323
79287.1
0.715698
-740.299
71.6679
0.160104
3.76382
5.32877
0.00000625696
345463
14.9636
412.037
-0.0924747
14362.00
0.0826168
-191586
0.000000743163
0.0000548535
-0.0766485
0.0750935
0.0000320466
924.236
-42.6788
0.716439
26974.9
82.2517
0.0000599862
0.000119152
0.00394805
0.000000920653
6188.84
0.218051
7744.31
358.100
0.000000264455
6.88269
0.00000982633
0.0000850849
10.7734
8.87204
-516.542
5081.59
0.0233509
7362.74
0.000000689031
8.34866
0.0000314793
500637.00
0.00000869651
193468
0.000000492423
21.1255
19.1078
1034.9800
13735.4
0.000175475
0.0000780580
51149.9
0.00301609
-0.00644259
156525
0.0305691
0.657803
-339691.0
47.2978
6.73197
0.818292
0.0000260362
-9.8277600
60190.10
0.0329687
-0.000656339
0.43252
0.000000107678
37411.2
-0.0000827441
0.00000734757
0.00000727240
-53.4932
-0.0719763
0.00083197
6.51072
9026.48
536.527
-21.1543
-0.00000514391
7.87768
973426
0.03913600
52.2556
-0.0498308
0.0000482583
0.00000487479
0.0000360356
-8460.22
0.00000022158600
59.7011
0.00572099
0.000000496435
0.00157027
990515
8895.5
2.67134
-0.95169
-648.23
1150.52
-8.48356
-7003.53
2.14212
-0.00150236
0.0009075600
-0.0637964
0.0000196836
8.58501
0.00717218000
-122229
26079.6
0.005364230
0.00000570180
0.339027
64090.6
0.00643277
-0.0000636307
0.0527694
19.8278
0.000000859547
-8.9321500
64117.5
-367135
-0.00000130958
317.136
5315.71
925418
-163.216
-0.00572480
4.68075
596.573
0.000000255664
83.2314
0.00000253666
55.977
0.0362325
0.000077538
-9.64044
9499.85
221530
681174
-5.7009
59930.0
0.0000220735
0.00848477
-0.00021687
0.00000834530
97.6725
0.000000242286
8708.17
-0.0668098000
0.00065189200
0.000843128
36.8056
0.0780796
-0.00654797
61.4141
-0.00700681
-0.000855964
0.00000338130
-0.00000433423
-0.902505
0.0904787
0.0061681
0.00000067516
0.00113454
0.00000413967
0.000000742425
802666
-0.0000877370
0.00989120
306679
0.0000305375
0.919216
1.72973
69931.9000
-0.956234
576660
33.38
0.000817363
0.00001680020
4.35840
0.0000751096
0.292418
-788.302
0.0000468935000
6.35722
48
0.000000576748
-0.000590102
0.000595781
0.279419
1.21724
-0.017739
69.8301
-6.45891
1.83406
-0.00618595
0.0206175
0.0067686
-0.0000991227
94.3236
7522.3
0.0000983109
-0.625035
2719.39
4.94511
3.51157
-0.00000487889
-0.000000149482
-739.202
-758.357
35.6624
927256
0.00957917
0.00000902018
0.0277950
-0.0422569
0.875994
906.357
95.5443
0.0395586
6342.31
-0.0000744228
380865
0.0000910435
18.5963
693.84
0.0000698012
0.0719886
-0.0038668
69.71850
0.00037638
-0.000040653
-81310.7
378.68300
0.000000095860
60.9073
15352.0
0.000443123
-96.9953
39.10
0.00000268374
309330
0.000350347
-26455.4
0.00000109053
372.991
55.5264
3.26207
-0.0000496328
-0.00665776
0.357930000
859.138
0.000459706
-34.4399
22.8524
0.0000029420
-0.00923535
718124
43.0609000
-7.37161
90.8512
0.86023200
66394.5
0.00046129
-0.00558139
430626
-0.000107394
0.00000364054000
-0.00000416961
0.000000358830
0.0000079681900
0.0000371183
0.749723
-8162.35
-0.000000204987
-2477.39
462.343
0.000000256615
3855.49
0.76342
-0.00607984
0.0000814349
-4.89715
-1.81786
53373.4
0.0000288059
849.24
76.8589
-9.69570
364.764
-0.0000002209
605905
0.00000541365
6.24179
-5236.3
0.00000246809
3.42599
5.00560
0.000000735988
-5.24850000
0.00978538
0.00169485
-0.00000078030200
-0.00550349
44.7378
-2.46
0.00870654000
0.0000495691
0.733214
0.00000213539
0.00000675056
-519390
0.000130418
0.000549703
7385.72
0.00585151
0.00000232452
0.000412174
0.00000208467
9.35148
-0.000000827668
0.000749734
-0.000000107350
-711103
36.950
-0.0909243
848038
4.07239
0.000141832
-0.00348577
0.0358266
0.00000873124
76.5735
0.074443
0.33926000
0.000515524
2.39943
-1.06248
0.0931489
9560.94
9648.89
5.46764
0.0000847408
229.722
64559.3
4160.93
0.000000910095
0.0278702
0.000000821943
8435.09
-0.00892474
0.00000051850
0.00579501
-0.0000935670
31.2519
903892.00
0.033362
3.17536000
804977
-0.000219046
-0.00807230
0.00000067778
3.48835
0.000000426376
0.000281206
14836.6
0.000000498737000
424764.0
-756.174
0.000000123036
625210.00
-0.0000682924
-650330.00
0.00000325070
0.0940837
968.757
55.5147000
45.5842
0.0000981891
0.000738782
33.0015
0.000837926
50.536
0.000000163
29857
0.004087
319.98
126368
-36.5367
1664.3200
0.000297907000
0.000000494881
-0.0560943
0.00535767
0.000000821157
-0.00347647
9.17521
0.000346544
-72276.7
0.000914346
-0.0927316
64.8598
-9507.12
4225.31
393.311
0.00000161972
0.000396180
-0.464348
0.00623713
-58053.1
0.000477209
823.511
-9.24343
0.000000992785
-0.00637877000
-0.000000043972
0.0029700000
86585
0.767828
27.6887
-3680.68
54645.4
0.00474511
-89.1561
-353393.0
97396.7
0.870330
4307.42
856.564
0.0000781416
507193
0.652802
0.868649
0.0795148
0.0000342384
0.602036
6680.70
87.1668
17.8274
2.65229
0.0000562490
412.726
0.000937279
0.000717432
45887.5
-865033
0.630988
0.573900
85430.6
0.000000993888
90828.5
943.603
0.0000215256
6051.12
-0.872892
-0.0800393
43564.3
0.0674533
0.00000783276
0.317650
0.000201270
9.01445
-0.0000466196
0.202763
-93.0142
-0.000321118
-302.187
0.729899
-0.000000762992
0.000000622946
-44.4039
5945.95
0.769814
-771.058
0.707485
0.00000202093
-0.0593341
608.327
-665532
-0.0000007308
0.0000451014
0.0621435
-415020
9.80016
0.0165281
153.859
0.069006
-0.0732809
80418.0
-116911
0.195126
-512.5560
-0.00263123
0.0000171818
0.000000649437
593122
0.000833866
0.000000926905
6739.47
8.19304
0.0000008549720
6.67255
0.00463369
75.68380
-3.81727
0.0000454206
437058
-8012.30000
0.000901230
6841.76
0.000000739395
0.000191155
0.00661325
9.96673
0.00615300
664747
0.00476126
0.0000756736
-94439.9
0.000000876928
92317.0
0.263069
0.0709367
784162
93.2489
91.4715
0.0945157
0.0000389729
0.000116885
0.0587237
0.00263469
0.530275
0.0178915
-0.00163936
0.000000420590
-2951.12
-73464.8
18877.0
-12.8490
-0.000000248098
0.0116495000
-2243.48
0.00000056528
82.9508
0.0082184
-0.9634
0.00147786
91.6539
794090
-824.250
39.57380
4.80849000
-615.678
-0.00634531
-51087.8
-0.00230549
-0.76377
-0.00000944263
0.000000845709
0.00325683
9.32161
0.0694336
0.000360007
0.000000400297
0.000000731171
-127816
-0.000000792310
0.000177726
944206
-0.0681988
1768.68
8113.92
0.101996
-784.179
28799.2
0.000000532913
0.0000558345
-219.90
0.73754
-84.4638
0.00035924
-869.250
3.62492
375.081
233053
592.660
0.0000513266
-0.00000478152
-0.000000812061
0.00849574
1493.49
0.000000177729
-0.260023
0.00001700
0.0651872
0.00219866
46.2784
25.9638
-0.000654000
0.0000602186
93610
3598.92
-0.00790303000
0.083021
0.0000315925
0.000079506
0.000000613632
1.64683
0.00004090080
0.0000811817
0.000070986
-89.0525
0.000055037
0.141130
267.35
0.00896402
253842.00
805.128
0.000000666748
-8038.41
0.000000596591
0.00000463799
0.000026958
0.0000509931
-0.000000177865
82.7198
8.80856
-31062.1
-127843
4169.93000
0.0000939665
-0.00000235524
-54082.6
0.973798
0.06280580
0.00552512
0.000000861463
96.1230
0.0756944
0.00920352
-0.0000171131
0.00000104160
0.00419145
-4.96668
-0.00235761
0.0000460970
-80.1448
0.00370083
0.00000098110
0.00520519
0.00000631748
0.000912596
-735.413
0.000699969
-5790.39
48.7819000
12.3202
0.000000283538
597907
-0.0000848387
0.0000438318
-463.658
-3.30023
-0.0000722243
174926
-0.00000361361
915640
60906.7
-0.000000107530
-81.5754
0.0000730689
0.00755745
-47509.1
257.977
0.00000235196
36.5569
0.213563
0.000397487
662803.00
0.849700
5862.22
7.25682
693348
0.0000947483
0.0000665991
4.62990
-0.00000380111
80.0763
79298.3
9.70975
-0.000000423433
832602
2.33334
-0.00000850735
617462
0.759825
0.00758400
0.00206042
5485.42
0.000000969685
0.00000503879
0.737573
0.522947
970.176
0.0531060
0.0304142
-5744.40
132769
-31.418
0.0053491
0.0000600520
0.000000757314
0.000000611248
0.0716355
0.00000285691
9315.47
-44915.7
628.97900
0.233229
0.00021099
0.0000082088
0.0000237484
21.8930
0.000779951
0.00000880189
0.0000807024
613484.000
0.00000066471
4.26336
0.000000059034
437605.000
46539.40
-84078.3
-0.0000941239
690039
0.444529
0.0000821810
241629
0.0000551539
0.448810
2294.48
-0.000917488
27.1119
365.663
5.79002
0.000035835
-92.9700
0.891639
0.443245
0.000000135652
-0.00000969821
0.0000089243
-75.8996
641.093
-73.21600
0.000000541055
-0.185226
0.00000587505
1.43982
0.00000867090
-0.000182185
0.989687
0.00467044
692312
12.5547
0.0000378523
0.0000891224
6089.68
0.987439000
81179.4
-854.134
0.000988418
4161.47
536417
-0.0000517663
-396.850
59.0943
0.0000090555
0.0359081
0.0000506511
0.494470
6904.46
92161.1
-39.1895000
0.0000001968290
-0.000000537296
129.572
0.000000646518
611.790
3.45245
-0.000823967
0.000000656105
-57110.0
-25.984
0.00441333
5906.18
3806.60
343.580
105.295
7916.06
95428.3
4.28018
782685.000
9.95220
0.0000830039
746.094
7.52291
290404
0.00960685
7335.76
30046.0
6.604790
0.341002
1.7754
0.0000356214
-0.000000246883
40.7381
-1.6012700
-65.8226
0.000000778205
0.00000042242
0.866533
0.00463919
8349.32
0.0000943829
0.0120047
467.783
0.00813872
88.134
0.569100
8194.20
-84175.8
0.000000946370
0.000000710580
0.500115
-0.593918
132412
-8.01369
0.0656782
38648.9
0.0537741
0.655504
0.00462943
1.27298
0.000930975
0.035485
6032.92
0.00861874
-933260.0
-8.11447
-0.00000386206
16256.3
0.52282100
9703.8
-0.005290740
0.00000965071
-4.32083
70.0383
-91380.5
92060.000
-0.302432
8.58675
0.00000377742
-0.00507724
0.00000584559
6763.650
-0.000000369008
5.21731
500897
-0.00222065
0.139963
85558.9
-0.00437998
0.000791607
683.374
-599212
0.00908552
606.767
0.467304000
0.000262655
0.546518
0.000382663
45293.3
834.782
0.00000202572
-9025.69
148.141
1769.93
-711100
-0.00000863947
-0.000921116
85.5014
-0.00000197730
-759613
8.79197
0.282117
0.00000511309
0.000000133314
0.5819
-15175.4
0.0000425845
2.10562
0.00000738839
0.00013134
0.000000833681
-7.32453
0.0532943
0.547976
3896.60
0.00906124
463932
0.000000235426
-58.5165
2011.38
184992
-4968.750
0.00602552
-401197
984.43
802.221
0.118812
5184.540
710570
648289.000
36047.0
0.843465
-0.53053
279.447
-429861
-338058
712.2
-480958
311.820
61362.5
154302
988483
0.0000225293
0.09344500
0.107309
-50.2306
981.1300
-0.00792075
0.00000579352
71802
9.77205
0.0403201
0.00000698983
665205
0.00439069
-0.000000728970
0.0000749882
0.0000102794
0.0000441968
342411
0.00000107119
-0.000000863974
73.2560
0.0000906098
72.1842
0.000000911721
6.16642
628029.0
0.000000641492
2961.22
0.0000448689
40.5073
3570.68
74.7501
74684.1
-62253.1
5416.92
0.000000956991000
0.000041171
0.000776891
84.5490
-665023
428.825
0.00000639527
34.8552
-0.000000133346
-2444.15
81701.8
0.00858041
0.0000938216
4.74855
-867.20
-0.0000236049
73579.9
95.3147
0.00135249
0.0000653809000
58898.9
66.633
612748
0.000432124
0.00000445665
7.06756
5.36105
-64.9216
160753
0.414307
0.000000461753
0.00165319
0.00000478586
0.00000749195000
0.00000256180
-0.00746445
0.059693
0.00000560279
95254.8
593.634
0.00329795
879.384
0.000000323629
0.0000464631
-449940
-89824.3
0.0184081
0.00000006293
8.52928
-2001.75
6320.69
-0.536701
0.000468701
0.00089873
0.00000933436
8265.7
0.000402507
0.000888831
0.950000
-0.0000748974
-0.825674
-0.000000191214
0.104280
0.000000218759
-308.781
405.624
-0.00000240793
4.92984
-622.434
0.239413
4.09959
0.00000729232
0.00361088
-0.0000049779
0.00015600200
0.0063393100
-87.45110
537.535
0.000000761090
-0.0194063
-0.000000995818
0.00381541000
0.00000086692
5693.27
69469.0
-647.163
0.000000741745
760134
-7.55295
-8681.000
316573
5.10260
628.416
61.7953
-81608.3
-0.000375638
-299622
0.0000452708
-0.221541
0.00000430254
-0.5998
-0.055397
0.0265073
-76040.1
0.305085000
0.182396
0.00939984
0.000000644718
0.000000815150
-0.0358697
995690
4.11610
0.0000400515
452.919
0.0480969
-0.000551812
0.000000480421
-0.0860562
902958
0.00222892
836.956
667.265
-5310.81
0.0904222
0.0000402010
-34908.4
0.000176019
6682.03
9.43716
-0.00000279848
-7346.71
6.88121
-0.0000186283
0.00608719
0.786403
4.80230
0.000000197377
1.11563
0.0000471074
0.0000728594
-80.9480
0.000298031
-0.0000387415
425188
0.00981479
585.325
84345.7
-0.00807056
72846.3
-0.103453
0.0000074387
0.044950
0.000332751
0.00000840973
2.5183
0.9514280
0.00000766441
64.4606
0.0640919000
-0.00000351115
0.00000612649
0.0164825
-921624
-69.0252
51998
212164
0.0000310766
-378405
-0.0265460
-0.0000113338
7720.84
-1370.40
70.025100
-79.7678
0.0000748815
354.124
92.9053000
8.86890
851.652
-546.896
0.0590321
4.32890
-63.50
-0.00000181540
0.000000544438
0.0000079059
0.252679
0.00933302
-341.140
0.0705950
0.00859918
-5905.11
0.00000993763
0.0000043392
0.000993776
314.7450
417919
8.89769
-11805.5
-0.0602476
0.000093204100
0.000080327500
0.224956
3575.08
-0.842953
114199
0.00899532
0.667850
0.00000657062
0.000000512153
0.00000769065
-0.720409
6.0547100
91.6057
99934.8
-0.00000889929
0.0000233848
0.0000058339
-0.0527676
64.5698000
-0.00864042
647314
62620.7
0.00000452157
-36.9742
-573822
0.0031660
0.08693
0.000000444273
464686
0.000000904327
-76874.5
-0.0000571153
-3321.53
-266148
41249.8
0.168563
0.00063405300
430353
0.739726
0.0000871454
0.445158
0.0000698735000
269004
3039.9
0.000000546989
-94874.0
311.474
0.000000466259
0.0002941300
0.059054700
-0.000144236
0.000000468573
0.000000605704
2.39270
727.791
104.486
0.00406585
9152.32
-0.00000512306
2473.7
81.4167
989.475
0.444253
0.00000979266
0.0000139506
-864.046
33951.0
636.013
0.676193
-158720
1272.66
0.508975
-20.4088
892653
-0.0000510797
0.0000846852
634.321
0.0987903
38771.5
966041
0.000529845
-0.000406842
0.00000964076
-0.000000046799
0.0000028804
46.6340
0.777303
-12.7973
0.502670
4516.88
-173550
-0.0959617
138520
1988.87
-0.0649278
2430.11
0.00430017
-0.0000121395
7.9891
-35702.8
0.000932702
0.00346652
0.0102077
-784309
21.2112
0.00110628
394.52
239.853
3.39755
0.000000883271
0.966930
0.00171778
0.0004959380
655739
0.0000930338
-0.00000909085
0.000097873000
0.000000347837
0.700947
-0.000852065
69579.8
-50.5650
0.000912488
-0.00000001659
44691.6
-88827.7
0.971853
0.415577
0.0706883000
884.723
0.105648
0.0000199982
-0.55102
549336
0.0000335399
0.000000031136000
-0.00767563
-0.000000434692
0.130679
0.0505701
-697443
-82639.8
-73.8010
40419.0
0.00100126
0.008659
71.8858
0.000000604309
0.00342902
0.0295386
922551
0.00000145138
-0.000961226
-0.00824135
0.95705
76910.4
282463
0.00000298631
190.170
0.000000080577
0.00000104853
668314
-0.0843149
-562.681
-0.0177607
-0.000204991
5.96058
0.000000760471
-0.000000112462
0.00888279
0.000000441435
3383.16
-0.308196
281.124
829.172
117399
-0.000000183635
247.129
-0.00920664
262.000
-43.3713
0.000210598
306201
0.00000478809
0.00000184953
0.00000307280
0.00140787
-0.0768710
-9678.34
0.0000471299
71.378
9552.04
-0.0000309309
0.000000786247
-0.000866899
-90737.1
4948.66
-0.147253
883946
0.00017060
-2.67146
0.994187
0.000000075319
-148486
0.0000598220
-0.000665160
0.00000178491
0.0436585
196361
0.339122
0.00781673
0.31222400
-4.77123
-0.0363975
-6989.63
-28.9402
-1691.41
0.0545005
398.338
0.000000607863
-0.000000588365
-447.87
253.536
907397
-453.826
-0.923990
0.000000873599000
-39051.1
0.0000057960
0.00004501300
93.3116
0.00003350720
637400
0.000902621
-66.670
-0.000937976
-0.00000816066
79.3954000
-0.000000051364
0.0000846379
0.00802814
0.000000770240
-0.000067147
0.000000423594
0.00000830759
0.00000137859
0.635941
0.321431
10.7256
0.048653
0.31829
6.62976
10126.4
-0.00000293363
9.16119
-1717.40
-0.00958303
0.000167915
0.000000470201
-0.0581511
9441.77
0.000826011
92.0003
-0.0000398335
0.00764360
254841
0.00912889
253.767000
0.000538121
320432
0.00000776990
0.000000158243
-34467.1
80.9288
-0.0973534
-0.0000034409
-0.00925080
-3.01770
0.000000781398
-50.6443
-3464.3
57.5673
0.0000978611
461.849
-21050.5
-622.730
-7942.32
0.00193002
-95.2977
0.837673
0.000000439077
7595.700
252.637
-0.000093120
0.0000770659
1299.10
675634.00
0.297565
66.4081
-0.0000630473
0.00150285
-956654.0
4648.48
-321863
4963.5
-92048.8
0.567982
-928.30
-0.845695
0.837142
147047
-0.00000775492
0.739914
385.719
469355
-26042.9
0.00825916
13.2199
0.000641453
0.00382802
-8792.07
601.533
0.0000214412
-3235.8
0.0000997749
0.0690294
5523.51
329.885
9489.25
0.0557176
2.623950
0.000000575131
0.0000453906
-51.8491
4.06710
0.920945
-0.000521729
0.00000108761
-0.924117
545.369
0.0000155751
7021.33
0.0767878
78.5188
-98.9606
0.000557868
99835.6
9816.74
0.0369810
0.00000960727
504.525
0.00466356
484465
0.0000912641
-21031.6000
0.00408089
4.51664
0.00000394914
-709237
-2966.07
0.000223717
31080.6
0.0000610664
16619.0
759423
-663848
-0.0000841313000
611358
446.29
0.000981031
58733.2
-1170.63
0.0479951
962.067
0.000000750067
-0.000000962838
0.00331205
-0.00205697
54093.8
0.0000829268
0.000000356965000
0.0002307150
-5.96530000
-0.0450762
25940
46.1599
-8861.67
0.991011
0.429770
0.00000235150
-0.0624376
759.16000
877700
1935.70
155030
-3671.5200
-0.000896634
0.000850840
254320
-0.000000444995
0.000000488588000
-0.00878830
0.000502650
-1982.71
-44156.2
49580.5
0.000506356
-0.43983
0.00000229752000
-0.0220936
0.075467
920.973
0.00000946156
-806.516
234.887
913.230
0.000000499224
0.0437210
0.0301318
0.00003286
536416
4.05074000
0.0472807
0.00251904
0.0000019453
27781.7
-0.04071
1.14223
31895
927085.0
0.0829849
0.00000159046
-990238
956.894
0.0313690
-0.000000321254
-26897.00
0.0000033853
0.0926034
0.00033178500
364.339
-0.00000078444
7.94413
0.00822442
-0.0000140410
4.73601
203192
0.680757
0.000760673
-0.00707059
0.002889370
5344.9300
-0.0283835
0.00000801104000
78.2955
0.000189115
-8.77712
0.000794500
5.88269
-11845.4
-0.000000031291
-8686.37
728.049
3975.3
0.0000856809
4798.2
0.00000710567
51288.1
23.9161
0.00372656
-49139
-1.04758
444.429
569.349
0.516482
2102.84
0.000118509
0.0000845727
-0.000289055
0.000114425
8.84609
-13948
0.0372824
0.0000422630
736.85000
-0.0000036979
0.000198407
0.0000049326
-40667
0.281652
0.000867674
0.00000563616000
62893
22751.00
0.00000864111
4.33947
-0.000000625185
0.0000001145030
1.85104
0.000000030629
-382972
0.000452417
21256.1
0.000000595502
-0.177171
0.00000329493
0.900268
-2.43591
-0.00522126
-0.00058426
-0.000964503
-0.550906
-0.000000574996
0.0000854730
9.157040
0.00000511956
0.0497226
-6378.62
0.00000038849
0.00234049
7.85839000
611700
-0.00948628
-0.0777110
1582.76
0.0914036
-573605
728980
861.77
-2485.39000
0.000033871
0.0000683276
-0.0000681792
0.000000617869
-0.009504930
0.00000069467
0.905298
-614.417
0.850485
-0.00000463128
700.688
0.00183741
0.500189
0.462903
507820
8687.98000
83.2150000
27930.5
0.000000305508
9.56734
0.000000305618
0.00000867571
-0.000975661
738.718
515.31
0.0859430
70833.1
0.00554884
-462.999
490179
462720
284.8560
435400
0.0000655607
0.003854860
0.000402000
-0.0000227843
493595
-0.00627365
0.519985
0.0318632
-0.00000078664
510.091
0.00000250204
116.545
-0.00008893800
9.84527
49846.6
718.907
2738.65
30229.1
0.56809200
0.00627374
-0.00759896
-0.000000061877
0.00601670
0.445710
-0.0000782549
0.0872253
5308.05
371260
621550
-0.89957
245771
0.00000020170900
-2369.10
187.627
20.7673
-385.422
4982.27
0.000444940
3.65144000
-0.000480291
0.00657642
0.0000781055
0.000434958000
0.000866790
0.000000886505
0.00407215
27180.3
82828.0
-0.0000329404
-37.0426
0.000259650
0.00472715
30974.2
89938.7
0.00000296904
45.9837
484.375
0.0934676
0.000000664205
79.5569
-310548
3.78796
-0.100284
-13109.5
0.00212989
0.083067
9.41195
0.00000414985
256041
-0.0599496
0.00326034
-15.4213
-0.959989
0.0674899
788975.00
0.00000702981000
-0.007019260
0.58072300
0.0000240848
813466
6765.91
-0.00881030
823388
0.0000143076
-0.0040782
7.12163
195.383
815755
-41.177300
15367.7
0.000000438217
0.0623107
-6.83793
-0.00479056
0.0488621
905.707
0.00000796762
0.0097174
0.00144509
0.653473
16.7456
0.0868376
-5.68685
0.255291
0.00001137920
13850.5
0.0000007099460
5846.14
5.83566
68.8454
0.000000191716
1.87646
410.323
0.0987897
0.000607508
0.000441565
0.00000103586
0.000000025231
21.0119
9.71147
133.81
-0.0000295604
4.01346
311.44
0.00714743
412466
0.00000986697
4220.67
0.0248042
0.0000860331
4603.59
0.119488
0.0000638911
0.0000894941
7.61516
0.0545713
149.383
0.0521253
-0.000000525524
0.000000359827
795.833
0.0000362278000
922.059
156.478
539.022
4971.18
370.25
-18.5971
16076.2
-0.238465
304436
-0.000000065514
45057.1
291.767
0.00353455
0.0000011477
0.000000834094
-0.0000694224
-0.000056286700
0.000120464
4589.12
536.728
0.00000204715
0.000000245928
0.000894364
0.00000655153
87.05450
-0.87793
-0.000000430857
84998.6
0.00527748
0.000000769388
91.4709
0.00813332
471690
-5949.02
201.268
0.019130
6.98465
0.000000203702
-0.0000043632
-0.00928731
76.9577
7.16574
3.06941
-2866.82
0.00678079
-69.51130
0.00967608
92075.4
0.343467
7.71337
-5.34063
-87.2682
669782
0.0000365778000
-0.00811004
0.00000736874
0.0002759170
80.0135
-0.00000042811
0.0000551129
0.00037815
0.263295
0.0006032780
-0.0332236
22503.3
0.000000215961
258.950
0.07620770
0.0000509591
0.00000269540
17.9790
14893.6000
64.897
2767.48
0.0000154324000
0.00583529
-0.00103188
0.00552336
633556
-0.00000953388
0.0000347240
-0.00100237
279490
-151.773000
773.056
88013.100
0.000790568
-0.0000443456
47.6470
0.462257
580361.0
0.0294419
-77.9306
47504.2
0.00000864447
5454.24
4402.28
-9634.930
8.15715000
0.964005
0.0068500
0.000476604
-37492.3
67635.3
-0.0516568
0.00945025
-3.36535
0.0901661
675693.0
603.443
41.4220
-2.60630
-3.63041
0.00000290038
0.0000830181
0.00429202
6090.41
0.00000800051
516130
-86.1735
-0.0000737775
1.53770
0.0206560
22.8503
59.0516
90.3230
585202
-5.20530
0.00000895103
-0.000550594
-97799.6
0.000146234
4258.28
0.711916
597130
-994.822000
0.852258
0.514180
-15.2284
-0.0681234
-769.824
70.4951
-19002.4
-797608
59.1231
-103.475000
7361.2
883970
0.00000500123
-0.000000847779
-0.00000568963
0.000000218552
-6.31602
271184.00
-9517.33
-0.429583
-20.3686
-0.00331606
-50381.9
0.00153468
668.91600
536.41
-0.00000501085
0.0293053
-0.0062629
0.0940788
9.5981
0.00000719017
-0.00000447864
641801
33300
0.000664033
-0.000813260
-0.000000591524
-9.0506
0.308492
0.00433492
493.942
0.656463
0.00104103
171.356
-79042.6
0.000813301
7.53588
0.0000421872
0.00032335000
382.812
3.98775000
0.000362742
-0.0051312500
4.91267
80.3821
0.00000222402
0.000690343
0.000932832
-4856.56
0.000748980
9945.62
9274.72
-364.079
377.772
828.371
0.0000392773
0.064703
-0.00000676157
3.04700
-0.0000253823
0.00408464
0.0000261248
0.00000717681
-11.6989
465110
0.000005343220
77444.3
83811.8
0.0450296
556.968
0.000000017051
0.0000400769
-606998
705060
0.00000038425
0.0634213
-151128
-0.00000657365
-0.000000755124
215041
-0.000000342682
725.29
0.0065446
-0.0000434523000
4.96820
98894.1
-0.00000186002
483091
6848.47
0.0517689
0.00000109169
0.954992
-9153.5
59838.6
0.000064112
83588.1
-39.4688
-0.000550373
-0.046655500
0.0000744809
-0.0591504000
-9.46968
-0.0000836683
230141.0
0.000000864415
465.198
0.00000154901
0.00000523309
17.4497
-0.559798
-87228.1
0.00132786000
-0.00000989885
-71.0770
0.0962600000
-0.000000208568
281554.0
937860
381489
644.607
-621870
0.000000558924
-0.875043
0.000000873455
-98.9342
0.00000338217
66554.2
95.4150
5.56184
62317.7
-0.000083298900
-0.0622680
-0.000715103
0.00000617794
815128
59.7301
0.00000408582
-164.654
-0.0920941
8432.76
-0.00000763390
-6.05230
0.00000076862700
0.000958804
0.00000875213
-81.1561
0.00000944260
-5770.15
9752.30
-0.000715485
0.000000566269
0.00000027049
0.000188461
618.079
-0.620688
0.0000314571
-94588
-0.00181676
5059.67
-3.68457
0.00120265
0.00993094
-0.00004946250
0.00821946
9.30983
0.000876550
-0.861388
1198.3400
73.8487
206569
-0.00000034673700
3019.40
-0.000000378631
92980.0
0.00000137323
0.00000767046
43.6887
0.0000527044
865846
-0.00000182802
45089.2
-22.7983
0.410205
-25.4431
-0.00634692000
146138
531666.000
-46.0972
0.871388
726.662
0.0000794295
86.427
-792.848
0.817298
0.0000683495
50.8181
-719261
319942
8.3019
0.0483228
714734
42461.1
-0.340077
0.97297
96542.4000
7617.47
13.3438
0.000090319
0.539841
0.0430997
7145.030
13004.0
0.0000324603
0.0000614403
355381
0.0000097853
-0.00363144000
-0.00000091769
0.00000087098300
0.0000203960
0.0000523362
638525
76.39
151.8790
81.0823
-0.00971573
862.943
0.000284160
-0.000964492
0.00941177
-7872.84
0.123523
0.000441611
-6.16479
0.00694730
0.000000998388
0.0000409088
82.237
-0.000932733
0.000000563994
736.501
425.5480
428551
0.00538871
4300.10
9058.63
6610.46
0.00139057
0.690703000
62984
469.956
-189.27
0.00537734
-0.465495
-3.69389
0.000081095
-0.00000083406200
8.64990
0.000764405
0.0336829
87811.8
63286
0.0000552545
-757.533
5005.79
3.74825
-96447.3
0.000000162994
0.0000674796
-96.7921
98.12200
56844.3
0.0157523
-0.000546094
645115
-11.2015
-52.6348
-0.00138815
-0.989941
-0.0000845494
3574.29
0.000000100270
-0.00000206328
0.037440
-361350
0.000823614
534826
3.78193
0.917989
-0.00434564
0.449567
299.836
-0.0403031
0.00206515
0.000000393556
0.0000344867
23860.0
0.0000379926
0.0000599038
-0.000000594195
-0.0000764280
-0.00520342
0.0105402
12643.7
-0.000363777
95833
12061.4
-0.0000337518
44719.9
0.009200000
93496.2
535.092
0.000552215
-80415.8
-0.000000348291
-9520.61
0.00000099805
23.194
-535.867
0.00000894238
-0.00000310122
482.431
0.000607482
0.000000627170
63.9759
0.0000235973
-8.78974
93.2673
17.2859
-61.124300
5.02261
0.000000236336
361641
-0.0000996501
29.9742
833878
0.569519
0.00000354780
-0.00000194628
-0.000130787
1.53260
9.8577
28.6583
-0.000000299201
-0.000000371603
0.00000003149600
0.0000598642
-0.0000027213100
701601
0.0000667902
0.00537223
0.0203576
842128
359038
7485.3
-388.217
0.000000993908
63199.7
0.0000049026
-4.87306
0.836095
-0.0000398159
5651.21
758961.000
0.0000916122
2296.62
7369.98
0.0000676962
0.0519342
-532377
0.00000041752
49069.5
40.5342
0.00000633130
0.000462089
-1456.74
0.0260480
-49065.1
3.7150
0.00443947
709.970
-2.39159
-0.000995594
-764.557
0.0000905130
848.839
52075.4
0.0981815
0.00575705000
4.03210
0.00000070529000
-0.000000184858
7.67522
-0.000000204880
-0.000931000
0.000346251
-84456.8
0.067553600
-31.4653
-77.3715
0.0000770172
984.3890
-0.00000839584
-0.952596
0.0000833344
658770
0.000074672
572179
-0.881167
0.0000999496
-0.0000664798
0.16513
3513.6
0.000000021751
0.000649948
-0.000170126
35.665
0.000046454
152225.000
0.596752
-0.0000056751
6.38841
0.0000002725700
1330.38
-878527
0.14867
6.2772
2479.9
0.00115295
-0.000000398417
-0.000114086
-0.000176777
7.93687
0.00000075106
0.0000013329700
-37147.8
0.000383409
-0.000009440390
-63344
90.1537
-0.00000026919
153.617
0.000764521
0.0000823723
11774.2
-671300
0.00516615
0.00000444245
61.6861
62.8261
0.000606642
0.00550645000
-295593
-4.27940
383.077
0.00131988000
1654.200
0.0000007242230
1.27779
-0.0000983933
0.000000188784
0.00000115146
54.9857
43.6368
0.0000006843010
0.000000894671
0.00717680
76474.0
-2551.24
5.737840
0.0987463
0.00000230589
0.000000447105
0.073261500
-500897
58.0321
0.00757829
-274218
-0.0000828605
-0.00000876199
0.000867267
0.0121458
-0.000840547
0.000003636430
-6.17591
0.000550070
0.0000184437
-694455
-5410.90
353867
0.00363361
6.25151
-0.0443539
-0.00075830
0.00000611298
0.0132458
0.000000825798
-0.00936841000
0.00000325996
-445255
3095.35
0.000000000934
0.000953801
50.1978
0.00796029
0.00054426
0.00000758213
-0.00000988258
0.000276353
78674.8
-0.0000290539
-641860
-7300.31
0.00885320
-0.000539164
0.0211198
4.71072
710897
0.000466224
65.0617
-6.30500
0.0000006297
53.5878
-0.000000183009
8.942980
-71.8325
42663.3
54.9456
0.0521662
6.0930
-246.416
0.0131498
0.419990
0.130146
938696
0.0000017686
0.000578176
0.000965017
0.0000217189
0.00215692
68832.5
0.494459
0.434502
-0.000008777880
5807.73
-0.000000802146
692.209
77.5097
-17.7880
75.05
0.0133840
0.00000375163
0.692660
-80650.1
55.4382
0.000905516
427112
0.0287871
-6892.60
38.2667
0.0000670811000
0.000000866711
36.9914
-0.00000249993
-0.00000408900
148.345
0.565782
0.00312658
4443.04
0.430071
0.0009853240
9336.65
0.0857961
0.082647
0.00734217
0.000000398094
695409
7.60108
837.51
8690.6
0.37935
64677.9
-0.00751982
0.00004118940
1355.5
0.000777474
512.238
6.45838
0.0000753998
8055.28
0.513368
0.038767200
11145.0
0.0878951
9.71244
0.0000880017
-5.65923
106.788
85.108
0.8099820
6.09326
-87.3370
-6749.63
-90.2847
213182
0.0338830
0.000000049252
150144.000
2103.23
0.00000714224
6.15706
0.00000603623
-817.7650
88.5011
0.0076670600
-0.0139758
251.21300
-0.00000647375
0.0715357
0.950824
0.000000136240
132595
-92.6477
-0.15542
-0.556424
68543.8
-0.00412921
-6.33053
0.0996497
-54.8349
0.0000886967
0.00000441859
859.8980
0.00939089
0.00464633
0.00000966732
-0.00525625
-0.000000946535
-0.0000983479000
0.720013
0.142076
0.000955541
0.0547526
59321.8
23248.9
0.000070136
2.11713
731699.000
0.000000138831000
-0.0837464
625.866
8.57353
0.040264000
-0.000000378368
0.00563335
5.18549
66.31
0.0609207
0.357124
0.885613
457227
184907
0.000005926480
83244
-0.156563
41900.3
0.007758
0.000000094387
9342.5400
-0.000079518400
0.0000100473
-1375.05
0.000000104217
0.0000591727
0.00000472385
483949
2.54420
173.375
0.000284085
-0.42864
-0.274667
-0.613655
0.000574865
825.672
-0.669716
3871.4
0.00000706321
-33.1820
0.00000343136
0.00134005
0.755813
3.22383
-0.000079002
-6797.1
2702.17
319490
0.852644
0.0000603925
0.0442586
0.000000891415
0.0119457
237462
0.437219
3.42265
0.000000486559
626.825
0.0998455
0.000000490020
828.316
0.000455364
6475.24
635308
0.0025748
84.085
937767
-0.111741
19.1612
-878222
0.00118084
0.0852099
39.4365000
651069.00
-0.000779276
0.00000705736
-0.00000817801
0.00000249133
-0.000000973294
-0.56212
0.000000827787
-541710
378970
3.32013
70.599
0.0000433593
0.000414706
0.0000706969
0.786312
-0.200533
-9495.27
0.00000197905
0.0000377853
89224.2
0.0000246492
115281
-0.0000705246
-0.0906488
7.96207000
195.495
0.00000104776
0.226960
-0.000000573525000
0.0000940902
0.0798250
86866.0
-9826.8000
-0.000000495082
0.000000379087
-605.312
0.00000348621
0.00000833627
0.0000144847
-88096.9
-2562.7
0.000496004
912961
-719.181
3378.05
0.000000568428
0.0000478579
6.37892
70912.100
0.0000831032
-372.028
-176.726
-0.0000183645
0.0000880571
0.00000857683
0.00179597
0.306514
2905.16000
0.000006708
0.00045823
0.00403361
6908.90
0.000000292526
0.000253503
-0.858070
-930476
0.0095718800
0.0829429
0.0993414
-0.435750
0.530536
63095.2
6.69577
2054.14
-626.184
0.05869240
1318.53
-0.000530724
-15193.5
-0.0708455
-350630
-43.6638
412.693
0.00810526
-0.000813356
85.2990
0.0000007311
-942610
0.000000766742
52732.7
1.14585
0.433255
0.000741279000
757.061
0.554148
0.64701
303.924
909.340
0.000000903134
2.28209
-0.000280472
13.50140
0.000004797610
61.1199
0.000987503
503545
9253.10
0.000000972803
928.709
0.000344216
-0.000372518
0.00000609724
-0.0000003115220
5.50732
5.3176
0.00190962
8658.9
-0.43816
-11.5551
0.00000023772
0.0645713
16280.6
0.00260822
-0.551399
0.00510848
88214.9
43344.6
0.000000805412
-0.0013783
10.4990
4172.65
96028.5
-5604.65
21326.8
0.206003
0.000638574
73814.4
81.4703
67063.4000
9869.1500
0.00931792
956.870
-88782.1
199073
-226790
-598.234000
0.0000989616
-0.0642246
0.0001825
0.000000693422
-0.00000246684
-683849
30825.9
0.669914
475.468
-3564.72
58772.3
-0.000000054273
156.888
0.00820215
0.00000513467
286.082
0.00928628
0.0380529
0.0830399
0.207165
-1.49801
0.479480
-7.37578
4.45049000
9.17193
-477.046
0.0435040
0.000818432
73610.2
0.927682
1.63108
-1850.65
8677.06
38.8482
0.0116378
400.999
-0.000845000
14977.300
0.0501513
12875.8
-0.413368
0.0852134
353.815
0.000000109602
-8907.81
0.0009872730
-0.000876854
1.634300
0.138183
942106
-15312.9
561.385
-0.000817896
0.1597220
0.000000797062
0.000000230318
0.0419841
0.0000796406
-0.00000288455
0.405164
63.2870
89095.6
0.0000991516
6.4481
0.000063143
0.000000790319
-0.00925945
20.5642
-0.0000742922
0.000000385466
7994.16
-0.000883571000
4079.61
-0.00775335
0.562634
930943
-0.0000163235
12579.2
-0.328955
55745.4
-0.0000707638
-92919.8
6.15202
-0.000000471562
0.000442772
0.0000747325
0.0721270
0.00000390459
-0.000000663434
629976
0.123468
0.00129910
-53.7760
174.79800
0.00000867031
-0.000000667261
-853340
7.69691000
835067
-7.09276
-27.3710
0.0000748403
901.053
0.437185000
-31835.00
0.000000038987
700.448
0.0736446
1535.4200
0.000337274
2.53568
-3071.97
64829.0
-322.76500
738.52
0.974592
0.0033237300
0.00552381
0.00075591
363.160
5.1632
-3186.42
-0.0005322
49.9146
969354
-931.23600
-0.0000463388
0.000000282723
47.8826
0.901396
-699449
0.00000148522
74221.0
-280816
0.0931019
65530.4
63986.4
0.0311360
123840.00
-581.668
-0.0895145
768.180
985.200
-0.00000043483700
0.780654
0.122994
49060
-0.530670
0.0822322
0.000000956416
0.00520036
0.000325794
492.611000
4069.360
58996.7
0.0319013
0.0000702776
8.82522
0.0000309273
554493
508.442
0.00000403160
-0.00000315915
8.02367
3.51719
0.0000109335
73840.1
8193.97
0.000000860727
711340
0.00960794
0.948950
0.00000146332
0.000000326213
-252544
-0.000940363
-0.00000537709
-0.000916290
-16796.9
0.789236
0.000000389791
717966
-0.0000515768
9460.22
0.0848219
-0.000032795
-81564.9
12194.1
-731842
212.411
-0.558545
8526.99
-0.00934602
-6645.6
0.000566065
-81734.5
4.70144
0.000000904332
-0.0536256
0.00000446637
-644772
0.437200
8303.11
6.38993
-43935.3
0.0334462
36158.2
306.287
-0.858693
49.9194
-0.0469147
-0.00278913
3792.09
26883.2
4016.59
0.0886196
6500.83
-0.00741815
64.5744
-0.670535
-0.388130
-0.000000713052
0.000359721
0.0467444
-972301
-2.60104
-0.0000329984
462958
0.0000357214
48786.8
704534
-642206
59.5182
83.6210
-0.0000072660
25.4552
90.3295
29169.7
0.00983480
-0.000000035471
5614.150
0.0000649356
9.82574
5000.40
45855.9000
0.000204882
78.4020
-0.0000005523060
0.000000039035
-0.000080785
319.803
2.10319
-0.00000304309
0.00000603138
-0.000000325725
0.00841767
0.000684483000
997.678
87.0927
-0.000354841
0.000498255
-2.901150
788.764
0.0238412
18314.5
0.00897686
0.0000544259
0.00953999
-0.00000030512
-255.92100
0.0000276497
22278.2
3.57513
-0.0237864
-447.892
0.001928920
0.000000780260
763698
-0.000377874
-0.0813074
0.0000084982
0.00000335266
538938
64.3421
201622
0.00000516607
53095
0.971678
0.00151479
0.0000982612
0.000156060
0.9741800
-0.000000995663
78543.6
-0.854948
-0.000000141727
77.2163
75.8312
1335.320
-987518
86582.8
-0.662293
1105.96
-569.187
-0.000000752052
0.00047228900
0.484332
0.000060929500
36683.0
-3770.39
38.4142
0.0065152200
-373213
640540
-687632
0.00120256
600739
45.8755
0.000871944
0.0900651
0.648101
0.000529737
-0.0000875588
-0.0809633
292.997
10.2307
-0.000363418
0.00935587
0.000000549568
-731474
28.8059
-1226.35
98.5341
79.089
-0.000301887
0.434394
-9.17685
0.972741
0.430552
344645
5890.40
0.0000262094
0.0937140
0.323316
917993
0.00124223
0.000252820
0.0363484
0.000797313
-0.00969639
0.000000468412
0.0003090090
-0.0000567535
74.8744
0.000000802850
0.00959060
0.000000661591
-0.00752444
801321
-0.35931000
288.861000
8.53447
-0.0360650
12.0511
0.00000531708
0.000000018974
88.5432
-0.00000608418
898650
614.802
0.00419307
990.532
-6874.7500
495104
771.325
-94.3533
0.254134
0.207863000
-770.519
0.172945
0.039804
-0.00703529
-347.3
-0.000000209947
3671.78
0.903293
0.000000787274
0.00000124754
0.016040700
81.9531
7583.2
0.000000260708
203.239
0.00171948
635.99
60389.6
0.00207957
9.26743
623.902000
0.000301774
0.000000411514
-0.000996978
1196.31
-0.291069
0.000111950
-83.3660
0.000945744
59393.0000
0.000000710368
0.0772388
-0.000159438
0.00069015
0.00989575
0.0029553
0.000000150157
330.792
0.00966178
13708.2
91421.7
0.00000602657
0.0000791695
0.003460220
-0.0000569861
-0.000000042667
676.070
-3.77698
9944.96
-2.0626
0.0090637
0.0000009127580
20161.1
60.2392
0.000000899374
-0.00000342876
-2972.7100
897124
-0.00839394
0.00000647098
-819.184
0.245022000
0.000688628
88.9780
58.0008
34.488
0.0000476316
6497.53
852.747
-571372
968.3520
0.0000759476
-0.00263389
0.0189135
4855.01
362.450
0.000190439
88822.6
9760.42
0.00333201
0.000240619
653805.000
-0.00000043615
0.0000008430
0.000000223408
175076
86143.40
0.169837
0.000000387684
0.00000023809
17536.8
0.414146
26.0934
0.000000394343
7206.14
-0.000783164
-383268
3.21245
-49306.3
0.000000611882
-6886.3
4408.11
-40.6918
1.51737000
4554.41
0.0866674
-0.0000343080
0.000000629794
6.06079
-2911.02
-0.0000672642
194969.00
0.000000125625
329787
-0.000167568
0.0000942612
-48630
0.00000420842
674117
2872.88
3.23624
0.0762163
-0.000899687
0.778432
0.0212759
-0.000486999
-0.983753
-628.120000
0.000642450
-50.0316
449610
-2.539170
-0.000000245680
0.000000715200
0.00321322
10.8470
764.098
0.000399888
49.5113
-724418
1.90672
0.000000920917
5.56338
0.000825601
42.5644
-0.000000646404
-0.0615081
0.00000359465
0.00705187
0.00000449604
565241
0.00027440000
906.9920
-0.77811
0.000614642
-0.000000890151
-0.000503228
180025
9.30311
0.00724021
709600
0.000000678482
28199.3
0.000917919
0.000000813842
-9.70204
9691.39
1863.42
-0.00000592764
0.00000167668
771.073
-52.2442
83.9680
0.00216580
7.27432
0.000547839
0.00000945484
9647.87
85.51
5868.40
0.00742909
-0.0000823099
0.00000245393
0.51870
0.363538
0.00000582439
-0.368478
1518.0700
-0.000281815
519033
-554.063
1.20779
-0.00000995968
0.0000757793
-0.0917987
0.0913651
288.715
-79.4511
1.4870000
-0.0965074
-0.0682
45529.6
-84.7049
-0.624488
21566.600
49.2949
-0.00319399
78.5098000
825.350
-0.000947267
-0.000578787
4.73969
-83.1639
-0.00000070165
53464.4
522735
-0.00000146590
4577.6
7858.64
0.138854
21558.6
380964
-177.250
7957.10
920037
7.16882
153325.00
0.00940222
65.1599
855.326
274.954
583396
-1.52006
23963.70
18.7660
0.00000862293
7964.00
-0.660711
0.000806931
0.00000977019
8432.28
466.6110
0.000001604510
0.00000999418
0.000353492
0.440024
0.381472
0.0169402
-0.198358
-0.00350012
0.874576
0.00000828059
-514.007
0.0067705
0.0000069536
-4522.15
-980.103
517316.0
47.1781
-41.0557
81709.6
-0.247
0.000890179
0.000000700924
0.0000870938
0.238444
0.00000060924
808.705
0.7803
0.00738959
38.9026
0.000573795
-0.00616398
0.420611
18565.5
-516.728
2.3594
-0.00000055942
-1537.35
0.313397
7764.9
-7915.60
2.50056
0.000692402
0.000853233
0.0202033
-0.00000258232000
-21.4404
0.0000781659
9.42101
244999
0.000178962
-0.0000967610
-0.00668477
0.00309933
-794018
489847
826004
0.000556229
-0.0000442651
0.0990453
-57.112
-0.0557206
0.0000642976
45786.00
71662.3000
0.915715
406.394
0.0776741
0.000000415134
0.0822019
0.0323053
-0.000417687
-6315.5
3.30817
474.110
-255.27
0.0331308
92.4132
91.8166
341121
0.000524524
0.0957846
-0.839943
710.686
0.0060689
625771
49.8129
-493106
6.28364
568680
7284.2
0.00000134471
42767.6
-745.402
39.679
776.957
86411
-0.00000304612
470.79000
-0.0820636
0.000000827473
0.0000128341
0.090635300
0.0000679131000
0.000933366
51251.9
-30871.5
0.000977435
0.983715
0.14966
-2899.53
-7817.87
59.0589
6.44682
19318.5
0.00275877
0.000000007753
-0.0002703720
41573.8
6663.71
839.52800
0.00762706
14838.1
8.144
41.2167
-9582.57
-9.84771
5986.73
74.0035
0.000732362
0.04413330
0.0000633147
0.0545081
8955.4600
0.758206
-0.000000246834
8164.69
0.00000928345
0.9308420
-36576.3
3.3408
0.0547662
0.00000989801
0.000000936124000
-0.0000558602
-0.0000132201
0.00447853
653826
0.00000065963
38.2092
0.0530670
873990
0.00000013647
-29.8734
-1080.46
84012.7
-0.00000171926
-0.000000559886
695.962
-0.0000000352
6652.98
0.000000513084
6.62270
0.000168837000
0.000521802
8.3109
2.67889
0.0266034
-0.0000207187
0.0911627
0.00000612741
-0.0858879
-0.000858742
0.000000531252
42.9818
0.0000070964
-0.0000085644000
0.578622
30472.6
37174.7
-45.044400
98.9668
0.05573310
0.000726334
0.000000263274
0.000380641
-0.0660982
-30717.3
0.0656418
-112.315
0.00000419254
-81312.6
0.0383308
0.00122128
5.37455
33792.7
8520.58
-0.0000935429
26.8460
0.0000243630
0.0028302
289965
0.0000596167
266.7480
0.00000547688
6.57684
-7.33432
0.866259
0.00776414
-634542
-0.0000968412
949080
0.000000698866
0.000062282
7.26491
-0.00000179087
0.000074357
0.000004552630
58874.3
-0.000744748
0.00782590
4.96368
0.0740380
0.00000225376
0.000030234600
-53515.6
0.00790434
4.31220
-0.0343262
53.4855
0.471231
0.000000936680
0.000263038
-0.00000031688000
0.00120192
0.000000132337
3463.9
0.0000270145
-0.000363394
8271.98
28.393
0.00993046
0.0890093
0.817286
0.000000308182
0.000422534
0.0035041
0.00000340524
0.0000912412
-0.0000822208
0.0000671473
-1.23646
0.0142953
0.000954462
802.566
0.0000681444
0.0909849
-0.0688149
9.67563
0.000367660
0.701932
0.0000787161
419075
-2888.670
91.2745
800990
-0.0000240334
729.843
-0.0809655
0.04405070
-863551.00
0.000145945
301.295
-707251.0
45673.0
0.0043910
-4686.40
0.00937891
0.0072124
0.00808873
60.3728
-344917
0.00000194945
-0.0000714137
0.00000129967
422073.000
0.0000456462
0.346402
18864.5
0.0815352
0.00266879
-59.7576
0.0344142
984442.0
-89676.1
0.0000747122
-316.718
0.000000747237
0.30639
-1223.04
6.3870500
-0.024432000
0.0000490663
-0.4041590
69.2224
-0.00000971147
0.77200700
0.0151638
62.6410
0.0000607538
0.0942071
0.344932
68867.5
0.00240881
0.000756777
89.8224000
-0.00038425
-0.000000113022
0.00463864
-78335.2
-0.00000059858
0.000228409
8806.26000
-57124.8
7.00742
-0.0000289896
-279.604
0.400797
0.00590915
0.427340
491660
0.0567307
40569.2
0.0301840
-0.66798
506321
0.00000947833
9.10272
-57.4769
-0.121744
59.9806
0.00000941947
-1777.62
636086
-860423
0.142925
0.926045
5454.00
-0.00000986520
30.5738
30188.2
0.0000001087280
0.0000891834
4334.00
0.00349474000
0.00000698579
0.000000748138
73918.6
-0.0000547755
88913.6
0.00000765709
0.000000164797
0.908698
45496.6
-0.00251731000
3332.07
89.6767
0.00000251158
0.2007650
155.350000
79.7671
550768.00
857.6
0.989698
0.00000488749
0.000000531751
0.0000299298
985.88
0.553395
0.000265933
641143
106.674
0.0000180023
86798.2
0.00779842
0.00000399808
35446.1
-4270.44
0.000899411
0.61269
86637.6
0.000783773
1.71595
-0.000000047410000
0.0009611250
533.612
0.000147817
347.851
-3.43609
-0.00000877601
-0.590661
771.47
406.416
-0.0000844445
0.241651
2.900440
50.0803
38.407000
0.393493
-887.538
86.2120
257.156
0.0582647
5.21209
0.118552
0.0000513149
942121
-887.114
0.00000476610
0.0000770145
0.000000473588000
0.0820362
0.000649278
-32.7566
-174374
0.000000748155
2651.83
0.00696041
-0.0153889
60.7148
-68.9832
741361
381.764
0.0000183599
0.00000492826
8195.51
309176
16.0897
-74170.200
-0.970180
0.00000112799
167280
62913.1
5.40738
1403.69
3.16895
0.000000740456
5.14870
-73.7223
48.7378
0.000000206572
0.00000270046
-17361.5
-0.000267477
0.00472008
0.00000054164
0.000794113
478634
744.493
0.0662849
-0.0017413
-42328.0
0.00711695
0.000400636
0.0605753
11.0426
0.00784934
0.000500069
0.00750470
-4324
8700.05000
910.065000
0.000848411
666052
0.0926941
-7382.81
2143.81
8.6170
0.000000110742
-0.000636027
0.00000186923
-7839.17
-83808.2
-0.0807195
0.000941227
3016.11
0.0048340000
89593
82018.0
0.00604447
0.0000971862
0.00657710000
0.435371
0.0704086
89.8584
0.000000250104
0.0000983424
777646
61.9589
3775.82
-79.3840
28.7075
76144.7
0.00496387
0.000000522126
0.0416034
0.0979228
0.00000687363
0.000028548
0.516634
0.000360908
1.71829
-99254.6
3806.75
327.704
9571.93
0.0000797404
-0.0281230000
359.130
0.00324777
0.000970846
3626.18
0.00425940
-0.0000007059
598001
-63.3090
0.00550776000
4709.0
0.00291388
0.00001656390
-0.0000452260
0.00000473198
3.26463
-0.000030942
0.00000093654
272420
-0.605716
0.000000111598000
-0.0973074
3.49710
0.0000839816
379.977
0.679514
303.693
0.000233559
0.00061423
3416.5600
0.000000114145
80282.8
-7092.33
0.00000306431
-5646.2
-352.75300
885632
-19.4949
0.715328
-0.00741999
886.757
0.0085984
-19279.5
50857.4
828546
0.000000097076
47.4480
-40175.4000
0.00000153344
0.678673
45198.8
-0.099378
-0.331447
0.26553
73.4258000
0.0960091
39.012
0.0070381
3828.94
-0.290880
575.566
0.0000822680
3.84456
0.52733
891.027
-0.00000506602
-975676
0.000907181
0.00668930
0.0000984963
0.0937498
77.5336
5.80669
-0.352366
0.00471498
0.521871
-0.000000829040
0.00495511
0.00788940
-0.0746127
-0.0229682
6.40083
5.93800
0.0377420
0.0385658
22.3689
101703
1.68206
-690.505
-75.051000
-0.0662287
0.0000979567
81425
-0.000177520
-5.17258
-5.60005
0.00000468295
0.0014762000
384981
0.000000948854
6.32612
-7011.19
6175.70000
-4.41083
0.047750
0.00695987
714596
2203.31
-0.00963445
1.75016000
73.8814
-0.0000365617
-42.2914
0.00000184910
0.000932625
0.000000166353
0.000000435543
42981.5
59.4409
-0.0000420898
-5.02079
6149.92
4.64584
0.000000754078
1.12914
-0.0137170
0.00880114
0.00000377369
-56106.1000
0.00000744327
0.00523371
0.0000891438
-560725
-0.000357232
-0.82046
0.0745530
0.000000299330
0.00000833744
-3.52468
65.7525
-94.4163
393.00
68.6712
0.661983
-0.000803223
-0.00000232321
-0.00000780181
945.711
0.0000523479
98.1336
-0.000000078931
2.495830
63.7104
-941537
0.0951211
0.0000914746000
-0.0104958
0.00000741672
0.0654834
998.712
-229.129
-0.00974297000
-0.0986527
-92.0996
0.000550961
0.722284
0.000824382
0.00000678007
-0.0000959424
-747.80400
0.00000215330
0.0073661
-0.0862055
282493
-62.2796000
871474
0.0000429380
0.0000045816
0.000000265732
-0.00000224481
-0.000195155
-0.000000593582
0.000640392
713070.000
83.5562
-0.642106
0.0000955342
0.0000311068
462679
7.748010
95861.6
0.000670961
-613873
5.15775
97514.1
0.703412
0.0567596
4.01992
0.000821775
0.07170160
-0.000000225978
-98.1693
-579608
0.0000639446
675.991
-0.000247987
0.000000869366
0.00000324579
-0.00000721982
-80.8450
-533206
0.0000001073700
0.00415702
60.03520
2359.89
0.00587156000
2028.02
-644943
9088.01
79.419
24584.4
0.000000845869
25.0242
-9499.25
0.0000366144
0.000267938
0.0480170
179.503
-5.48053
0.00000208694
295042
-1.51393
73889.6
-61.077500
4.18131
-80187
-0.0000772913
0.0419888
0.0000764235
97221.0
0.00002777620
0.0059935500
354.136
0.00658683
-8665.9
0.0000464890
99.243
65.7571
461.388000
1994.20
31212.7
-41064.9
-0.000008492300
0.226767
-0.0174504000
-9.51263
0.0258960
0.00000555664
0.00000041172
-30531.7
0.783384
56721.2
27.408
0.0494264
-0.000286946
0.000497325
8000.12
16476.0
0.00042403
0.00944323
-0.00920041
-1554.20
0.00663411
-0.000362835
0.362304
0.0043023
4714.130
0.0000603316
-0.0000965000
893.563
-68603.2
0.00000214817
6733.02
41.0702
0.000008052920
819130
0.00670134
0.0063650
-0.00288401
968.312
0.00000905621
0.0000352982
0.0883797
0.000895320
0.00000379306
0.00571607
0.0842164
0.0973836
-0.000000381346
-536730
9606.53
-0.000885019
-38.7420
75341.0000
799330
4.16491
-0.00559521
666.257
850.341
0.0781530
-6492.46
3124.19
-0.954768
-0.0780441
-0.00000297826
0.00642207
536865
0.00000316668
0.802046
309.296
-557243
0.00000628055
36.0158
-797.000
0.0000586832
0.0071208
924.637
89.0040
0.0000195494
-947.124
0.00886570
0.00000413193
-46.1979
531856
0.00692425
0.0000624166
0.000327423
64237.5
91.7419
0.000000090898
75500.7
145246
177102
6805.27
45.9831
-0.678455
0.416247
0.658489
5368.75
-0.0011084
626517
0.218148
20.1272
0.0000825819
0.654429
0.000111569
0.00000811001
0.0501616
0.0395528
0.720569
-0.0727116
-0.00116026
-0.00000689051
0.0000084365
96.8984
74.7804
-19155.6
2.23440000
99027.6
-0.000000039501
64.2611
-0.222247
-0.000000964078
34300.2
48.7048
0.000428956
0.000000287297
-35037
890042
0.0000256252
0.0953394
0.455345
997.327
82.6503
-0.911462
-929.516
233.143
3796.15
113.450
-0.00256999
0.0963325
218436
0.00000524657
149.618
34824.1
5.45419
0.654573
6.86837
0.00248440
-0.0000651185
0.00000690648
0.6407980
567.807
-0.000722757
0.0192128
0.000000948668
-0.496589
0.000685774000
0.000129920
83.8253
0.0000629187
81251.9
0.0485970
-5.35135
-0.703599
476.071
540044
0.0000859119
-0.00000335332
0.00000453333
0.000320124
-4007.64
0.000448548
-16.862
0.362406
0.000000516624
0.000510539
-0.000036703
0.0000704670
-3047.3400
237847.0
0.0000633921
0.000000805146
0.000919253
623040
323.922000
748413
8349.560
0.0869116
4.74574
0.164360
0.000000886083
0.00000037390
-434189
0.0000428409
-0.475814
3130.3
67220.5
0.000547889
0.0663235
0.0000316648
331.786
3.73698
7211.91
-0.000004858
2248.68
515184
-33738.8
7.0144
-0.00000725634
0.000398243000
0.0000025337
809301
-6.03362
0.000216642
0.0153245
-0.0687043
88901.2
0.000332008
0.0861962
833339
0.000000645758
-0.000000477485
0.000021441
0.0000123863
-0.0000134433
-419773
0.412022
1.06580
-92.5514
8265.29
-0.00002369400
3657.0
-496.234
-0.835485
0.000000137229
0.0000826881
809.752
-9836.95
42327.4
-0.0000041847400
382917
-0.000335680
-15122
-0.00748300
43.9379
0.000000284673
58350.4
246669
0.0392005
510502
-0.00000961955
0.000674556
0.0867999
0.0816935
0.809576
-74.369
-14.3310
9.64958
0.00167178
0.00282830
4.67481
-0.000336001
-0.0532120
6.92353
56.7515
526674
0.00000674439
0.0000997353000
-0.094198900
131.84
-0.859527
0.0508569
0.000325357
2.52927
-0.92261
-9.76437
270.771
0.76813600
-0.0052252
0.655276
1.12074
2802.5500
0.00000529471
0.000027223
0.348910
42.22610
-0.000469251
793519
0.000848812
-3.45151
834709
-81.4785
0.955557
194472
0.732369000
9.54373
-502862
0.00544835
5833.08
47.8692
-0.000889267
95.6822
2647.41
-7670.00
-1526.18
12157.8
634.2
0.01777970
0.00382773
0.0862833
0.000733903
0.000620036
0.0000474342
4500.06
4.41778
-0.00000087600
7887.20
524.461
-3266.28
7.71381
0.000805643
-6159.30
0.0000777733
0.00195788
-7219.3
27.680
-0.00000758265
0.0250208
0.777787
0.000367400
-1582.58
540.358
0.0000668246
-9.60753
11907.5
4.68902
7649.30
96.80
0.00539473
-0.00000142256
-0.00606962
-0.0546061
0.000988886
-0.00309429
9.99195
0.00000353251
0.00000843001
2.14118
38411.700
-0.00000302433
49520
0.00000915793
-0.148387
-0.00784385
-0.292899
-0.008575110
0.0000586980
0.000002082
0.028563
0.0323158
9860.20
-52153.8
4120.25
-0.000118025
0.000108667
0.0000366592
-0.0000148954
0.0118603
0.000000406750
9657.36
0.00000691621
38334.8
-2996
-0.0000081295
0.00150435
0.000000082837
-0.000603229
486526
0.00000806748
0.000538990
-0.000849673
0.000000441982000
595.384
-0.00000287920
0.00000888701
0.0000239204
-573.11
0.000000552294
0.00410540
5467.42
65.5758
0.00509969
0.00000413975
59.9468
6.52266
0.000000161324
-575476
4665.36
0.0000727630
-0.440239
0.0000676798
660.960
0.00000896150
78.8352
100.759
55981.0
-0.000000847766
0.000056873800
-360.657
0.00000798400
-0.00000057855
0.000968246
0.699414
-0.00000059435000
181821
0.0042625500
-0.000783549
0.256513
-342.1
6.77301
-926713
-0.0788507
17.9550
0.0000698057
63043
-0.0028699
49.5255
-515.118
6.22346
0.665066
0.000741006000
7612.33
7228.00
7.94876
4455.95
0.8555000
0.00000024107100
957.654
-0.000000792337
0.449957
75.5527
-49.5957
15.61000
-24836.0
0.0365796
0.583285
0.0000641319
4.02338
0.670799
0.0000817369
367.731
2329.25
834261
983781.000
0.0443565
0.00888403
842.33400
0.00000054335000
143.70
0.01905860
12.7896
2633.14
3225.16
0.00694691
0.0264278
8340.14
-41409.1
-0.000004626820
0.0568462
0.0000344924
0.00967237
53449.7
49.5407
-704.921
440.666
354504
355.917
0.00000281559
93353.7
0.000000450359
50140.9
0.0000817206
-0.00000755941000
0.000784626
-3.49512
49.1642
-0.00614469
976.905
43.76830
-580010
-0.028335900
2.63395
-0.00665892
368.07400
0.000113825
443.377
0.0000363039
0.0000930492
-53.527
0.000613644
-0.61159400
16.7723
0.0663637
0.00294814
739.961
516893
-1.07630
0.0000558784
487.674
0.000307220
718.812
-0.000000026811
0.448915
0.00000673353
0.0000124654
-0.000425798
0.000000700367
4987.58
0.0663240
38750.9
0.0687776
0.0000885104
0.0096005
0.000000178077
0.0000800607
0.000749606
0.00000517855
-59927.9
35.0889
0.00000595476
0.556910
2.11076
7835.9
1.59600
8695.66
5.12181
0.955270
0.0564336
-583.90
0.0507532
69.4653
-726.081
174.679
149.068
-68222.0
-0.000000086842
303.251
0.371197
0.00250141
0.0000425371
-0.1331530
5.89661
9.81501
189.452
-254199.00
0.000000900882
0.009159080
-4.29152
-0.0000428999
50880.0
-0.0000119032
0.000000558277
774321
0.0008907720
0.000706146
-0.000276654
0.000000043677
0.000729875
0.000439408
0.00000528334
-0.0000911234
-511092
-887442
92806
-94.6218
7.12616
827.129
70569.3
959.42
0.0000368403
0.0000058923
-341.940
-1075.1800
82032.9
0.000000866737
275647
-718605
190951
-0.000829221
9.07221
76427.5
-0.0000782449
0.000000318358
-501.941
0.000000884201
8.157
0.000744650
0.000556642
-0.00111057
-0.00510140
0.0421500
7.22929
-0.00000899886
20.6249
-0.000139250
-5.7928300
0.0000925994
0.0273960
-2.5283
-780.078
8.98129
-2367.59
0.0565155000
0.0951938
25774.1
0.00000903135
78049
-0.498071
0.000625912
0.0000140326
0.000000637357
-7932.42
68.9664
-791.623
0.000000751629
0.000000071421
706.347
0.000000062002
0.00902001
0.748291
60078.9
0.00000435237
-0.0401066
22553.0
4430.99
9522.05
268.974
0.113922
2.08560
60770.4
0.00702269
0.000000178387
0.00625816
668010.00
0.000000789866
33.4110
9462.93
0.00552836000
0.00000219405
0.0000469964
-0.000000483086
334.084
0.00257496
9145.50
0.000113266
0.00000191339
11049.8
0.000875524
0.000083138800
-0.0000379598
611.281
4874.38
0.2581480
3049.73
664629
4.90785
-0.000456580
333.894
-3.84103
481.231
485820
-0.00000614060
-2.34312
181.0850
-96592.0
-0.0560919
0.0000582039
0.55434
0.000000130052
0.00000194797
0.641897
-0.0936798
0.0460485
-0.656794
0.000801177
0.0000027751
0.692080
-0.820421
0.000184171
0.000000658118
-0.000346411
0.00000284043
-0.0000006928
-30302.2
3706.61
624222.000
0.000000418484
0.000578535
0.040316
69335.6000
0.00743331
-0.000000811418
492589
-0.00000594816
0.0000918048
0.220557
0.00413200
-0.0000398738
7.91646
0.000870233
669.58900
0.512657000
-0.0418464
52603.7
0.00034632600
521.905
535.201
0.000135182
0.000000154232
2.31568
506.487
0.0838258
0.00000694543
-0.0661286
-0.00881592
0.0000461797
311.754
-763054
0.000889548
0.000070255700
-6.72626
-970770
0.000751242
86.6339
0.0706101
0.00000467247
-0.0926335
34608.4
7247.56
6027.03
-0.0000474530
61589.2
36.3385
0.000476723
0.301603
0.0418768
-516.123
89.8430
164.04
0.000186454
-9.59987
0.679005
482560.0
554.204
-0.0000925516
0.00098671
658.410
0.000000227422
606101
0.000617396
654368
0.071429
0.000000811698
0.000000436681000
0.0000306738
0.000000477738
-492.152
771596
12.4561
455.271
0.000975759
0.00000830203
4661.87
0.0000318219
-0.0062553
0.0737116
-804.21300
-0.00560338
0.947632
5826.08
-0.00228942
0.090480600
0.0000886700
7439.03
885.203
0.0021794
0.00000945681
-0.0000003846690
0.00000435816
863590
9.26286
0.0000677730
26170
4.44377
-1764.4200
-0.00000030831
-9906.36
-6947.70
227244
94.2681000
5561.53
21646.1
0.00000566610
0.000000248189
0.00000985218
546.924
9.665540
0.000000251387
949.761
115982
0.0727195
0.566029000
0.0000007573010
0.228838
69608.2
-9.5802
-0.000000997458
0.000000837546
0.0715474
8643.56
0.00000497594
69353.8
0.674448
0.000762184
328401
-0.00801574
-5429.05
312.744
0.01014470
-503.506
0.00000760778
7.63278
0.171881
0.07100800
-0.000000967263000
-97.1582
311.750
0.000000801337
765.327
0.0838087
0.000000178506000
0.0000137008
516320
-0.00073296
-846234
0.00000369946
9560.36
-0.000000031581
4.48553
0.00000074306
136.742
-8.1028
4.76027
0.00000346433000
4462.66
-0.926163
1799.94
0.587168
-16028.6
24777.9
119.337
0.0000584241
-1.84935
-81639
235.123
0.000316618
0.00000981773
-0.00000576529
-95.0131
0.323659
-408.78400
6600.10
175113
-61.6561
0.000552300
-84.1833
0.213998
601.343
0.0800025
0.0000185567
-21837
3713.48
0.867872
0.000872395
-6.7225
0.022609
-9.57725
-0.00000002429
-0.00000395966
-1.09786
0.00000486729000
0.0000799829
0.3707
-820894
0.00183089
76589.5
43.387400
82340.9
-0.000000316814
0.0435479
23275.0
-0.000000448276
-7.29559
0.0000355164
2.45174
0.00000483380
0.570260
686578
0.000836510
0.0079233
0.00000907823
0.00000924150
-0.171890
530.782
0.000917878
952.520
8.19700
0.00000535762
0.00000215784
0.000000137276
90860
-7.06582
0.000000323074
-0.00000503362
-848.133
2229.13
-0.863401
636323
0.000696009
0.00096641000
4795.50
73697
-7.92385
-611.519
0.000000288561
0.00000283091
-8314.50
-0.000000570684
60160
390.599
0.00000108480
0.000000896036
0.00000696622
0.0238503
61.1634
8168.76
-98220.5
0.00394513
-4.33302
-853.096
0.0013788
5.63374
0.774270
0.00112982
0.00000989910
805157
-0.0000886088
0.000293331000
7.25005
6.77804
0.000000791346
568.682
818630
0.000000873558
-0.0498645
-0.000000954914
763.024
-6.01521
0.00000086395
0.00579815
-0.00000473089
0.000000205402
0.000082773
0.000000037469
4206.3
5.66047
3.19686
-888088
-0.0000316420
-0.0000186351
0.0304495
245409
6.0377
5620.0
42.81290
-0.000704527
595.046
-186497
0.081994800
0.000426782
3.54214
5758.45
528217
954.136
0.393425
0.00000149611
0.00000657296
-847.24000
615.059
-4709.87
38062.0
0.000892357
-0.000000493963
0.0000306678
0.0091078700
0.90629
6771.7
11501.1
0.000120960
70980.5000
-0.00000882455
895.1
-0.0000356087
-376.23
-0.00574655
-5181.19000
0.000143357
0.000983064
372.592000
0.427066
0.0000964848
-76.9503
72330.6
-0.000000962503
499775
88.9576
70770.9
0.791208
0.877222
25.7820
-2379.30
0.0545098
0.00282590
-0.0000273146
0.0526358
-0.00000060889
138235
0.257418
0.000000053224000
-1.08123
0.000012324400
0.0000536477
0.000984063
0.000000428176
-0.00000723611
92.9171
544.263
-0.000000138978
0.00654470
0.17851
35658.9
0.000151644
0.0493302
27.9407
0.00000449605
0.000065264
0.57400
43354.80
127044
52335.6
9487.010
-0.00112736
0.00000691986
1.45236
0.000000070488
-0.763641
0.0872737
0.884621
487550
61.1685
0.00000866481
0.0725483
0.00824190
0.0000759110
0.0000252098
-0.000902282
0.000000006916
-0.0000356404
74392.1
0.0000758881
-8782.87
0.0000305685
0.00021063
-0.00000077633800
0.0468917
0.0000460852
0.0000003525
-0.676331
0.00466242
0.0807295
-0.00000971763
46.9394
0.888946
0.0000442017
1876.26
-2.53686
5542.59
0.00710722
0.000095083400
0.000000464169000
402.820000
0.000000701231
0.00000204590
4181.6800
0.00000128624
4.2899
0.000006543570
-0.000136088
0.0753613000
0.0065078
0.00000819613
0.0000427224
5.56490
0.000000041157
7.16820
-4031.0
7.57765
0.321456
895978
0.35778
-53.1273
199.496
0.000830506
-696.203
0.00269341
0.00000954261
0.0895679
0.0000067178
0.00000552746
53127.5
0.0000142430
396052
-35411.6
38473.2
0.00000880961
67725.0
0.000202467
480.707
0.000456868000
60.7826
40608.4
685.005
-4668.85
-0.097562
14338.0
955850
0.00000036674
-1.21829
0.00840349
-442334
-0.00213220
0.00253373
0.000000441318
6290.7
8459.77
-0.0428571
73738
0.000000268216
47630.8
-0.00000403755
0.00000578676
869.446
51564.8
0.000000946429
7.85220
-74839.0
-84.5581
0.000032533300
-378.946
-50841.6
5783.92
628.454
0.00906805
88762.5
9814.89
53.8953
0.000569451
99408.7
-0.00000147516
0.000000089304000
-75.5158
-0.00388431
91843.3
-59890.0
0.000916761
197144
0.00000059192
0.000000505005
0.717973
0.824143
-505.610
29.845900
3.63425
-0.000724847000
0.0000509389
0.00837984
0.598305
-687536
0.190107
1709.71
9.46432
818957
4.74003
0.000566976
677078
5242.84
0.00520423
6822.27
0.850188
-0.000303494
-0.00000593760
0.000659951
0.0984960
-0.00289148
-67534.0
0.000000645067
0.00000500787
319802
0.0861401
1.21065
7199.38
78.3116
0.000000108195
848.29
0.00710800
0.000357432
1572.200
745.47
-0.00514235
0.827313
0.000183378
0.81014
0.0000414666
9.98071
0.00911702
2.66487
85700.2
-717141
0.0776021
-0.922721
-87.6585
0.00000437108000
2000.8
85.2098
0.000000925463
-0.0827550
0.775344
0.0000319326
-0.0000840123
0.000000953040
0.0423814
91058.2
0.00664767
53.5323
518359
0.00713704
-21247.2
0.297337
0.000115741
0.0209266
85090.8
0.0000522821
0.0323754
0.000000940229
-0.803289
0.00000769201
-0.0000810323
58597.2
58345.7000
0.000943610
0.000820388
40.960
483.005
79902.5
-17735.5
0.000721998
0.0490529
56349.3
0.00000247492
308803
-0.0000338681
0.0000416405
0.00091835
57340.1
9.06584
0.00000600756
0.223490
0.00000695846
98503.8
0.000026208800
-123359
96621.1
0.00162593
852426
0.000025571
13305.40
-5.54292
-0.0000770878
581453
0.000000970716
-0.000000657109
-47646.3
0.000000228805
-58.10590
-0.22709
-0.578879
0.000345618
-0.00000827092
0.913295
-0.0915219
0.0000045914
575503
428160
0.0000851191
0.0000586014
0.00000431392
0.0461642
26.2465
-0.000858484
554413
-0.0293651
-7.48173
-0.00958967
0.0542141
0.000000428089
-0.0000882870
-0.000000682724
0.000770951
81.5026
0.000000433583
7049.56
-0.000006643850
0.000000197242
-0.00948562
0.00000631663
0.0106540
-69550.00
0.0000828366
0.0000646932
0.00031354
0.774778
0.000100938
-190722
53.886
42.582
0.444246
0.197558
0.00874272
-0.00752109
453.48600
0.000000215431
73366
-0.00125696
0.000245191
-0.000000754212000
95.0999
0.0000490084
0.000000943158
71009.2
0.0852222
-5215.19
6065.35
-0.0000525254000
0.46730400
-0.0000278467
-0.0000483876
0.000000345340
753714
63165.2
9.91680
-4.10994
398.676
77.4201
0.604321
0.307282
-0.511230
98.8674
0.000401636
6790.43
-0.404581
0.000000322352
946552
0.0000187639
0.000062633
0.00000910193
-0.0000158190
-0.0724166
0.056924700
0.000000335299
0.438773
0.848506
0.168062
0.000000190649
594.000
0.00000004489500
138.395
0.000000468760
0.292352
0.00000232548
0.0214309
80.647
26.9246
5603.14
-159346
325.922
0.0509263
0.175997
-7.73748
7989.39
44789.9
0.000338302
0.0000548628
0.976111
-1852.920
-74973.4
324.818
-0.0000428648
0.0000928087
30.2210
-0.00525731
7137.15
-0.0000095583
-0.00000674091
-5815.32
0.000810367
10.856300
-864.493
0.090519
741823
-454.975
750861
184.094
-5117.98
28294.1
0.00000061905
5934.53
78814.4
0.0154458000
-0.000000707745
0.00000153338
0.363871
916630
0.000207927
28820.2
0.0885003
-528.490
-343638
5.91285
-617746
0.000000482893
-371.161
62744.0
-580.894
0.00789406
-0.00709689
3203.74
5368.07
917.02
-0.00294374
-265.601
0.0000771956
0.807449
-0.00000752784
822.872
0.540458
0.000394125
522.642
-0.00000118129
0.784805
-98.6883
0.000000117178
-0.00000034647
0.797261
0.000000071211
-51835.4000
86.251
0.000277035000
0.0333664
-0.000956743
0.0244722
92069.3
-0.0000430415
0.0000274006
0.000877036
0.000000355879
41.3627
0.000566951
63.258
-0.000000287591
-0.919992
-4252.32
9.0068
0.00000211052
-0.000044853
-0.0000500261
0.00129757
-0.168862
3235.87
703.8
0.7731590
0.00000552857
0.0000840586
3292.12
0.654339
4.43349
9892.58
0.867002
0.000000562227
0.0000002607400
-0.00633020000
0.5250180
0.0385009
-3438.95
9109.04
651.752
352.540
22080
-0.00301341
-0.000000122008
0.000363228
49.7649
3591.04
796.873
0.00910217
0.0000399794
0.000400338
-315.259
32370.8
-3972.20
0.0015514800
7752.40
8.14264
-67.4927
-0.000066163500
52372.5
0.0753574
0.000000023601
64.1371
0.0433744
0.477079
-7329.97
-680.72
0.000095465
0.00218408
0.0257798
0.0726048
0.953535
79524.1
0.0246008
29840.4
4789.64
0.0936009
0.000013996
0.00000586329
0.000057072
0.00394193
0.00960283
0.0000888723
968.1070
771339
0.000527410
211.068
-7639.69
-189.540
0.411415
0.000000055259
-0.00659838
521.830
5493.76
549393
1.23605
-391037
1090.39
716.539
372013
0.0000404899
829777
2272.45
0.00830297000
-577.225
24490.200
-0.00816623
631710
0.00584495
2214.93
-8901.34
0.000817442
76.6969
0.0000218191
0.23922
168.936
0.043421
-11967.9
0.000889251
-0.0000219651
-5.9399
38651.7
98.159000
2631.05
-0.00887826
872703.00
0.716994
5.8023900
-6.46957
0.000324953
-0.00855987
0.0000623993000
0.0000120172
-0.000071234
0.0000340540
4854.3000
-0.0000078930
-1.65441
-168787
0.22549500
102.294
0.000346176
982.909
0.00360223
0.00000792716
0.0304759
-61.330
87055.7
0.0947648
0.000225545
42.6706
0.00794903
0.245082
0.000000364871
0.000000676660
7.25153
-0.000777418
0.256688
-377.37
-0.000492462
0.000000116381
0.000000832432
0.0547807
18173.6
0.000000315397
0.201456
0.000328285
808835
0.272157
0.0000322334
0.0000673308000
59.3598
48526.3
5.69117
1127.63
-856640
258.457
41362.1
-6989.29
0.000021402
0.00934931
-81620.700
0.000000367113
0.0048373
0.00550073
853.05
0.00000448452
384496
-0.000000092353
9.85191
82634.1
0.386525
0.000000485813
265.84
0.00075561
5718.6
0.0000004846
2.2422
-54.3841
184.314
48.0911
2.45207
-0.0001108640
10.64
-3763.26
44.418000
0.00049978000
0.0000438720
0.128751
-0.000462426
-0.000424284
-0.000157584
-920.863
0.00000675777
-0.0000213397
77736.6
49106.9
0.00000416549
-0.0000189305
0.0916171
660803
0.851649
0.0247028000
-43180.1
4065.8
5.06980
0.00000330326
-0.000000605874
0.56768200
237768
96432.500
-0.0429743
0.00345343
781.289
-0.000658531
0.000818677
0.0000497776
669778
55707.9
11.1595
-0.00931680
0.000000676606
0.00004565000
0.00935301
-0.0937184
12823.7
89.7778
-857.8
452.103
0.0414382
89.2197
0.0978072
-62.8289
0.00809331
0.00785988
0.402217
6.5039
0.517812
-48.5472
0.0000426664
0.535212
-0.00039205
0.000429516
0.0779705
0.00849811000
-5552.30
621447
0.0000098287
0.0000000790350
938.762
-0.0542930
-0.00000014415
0.000031433
52.7160
-0.0000938481
-50911.8
-15.4679
0.0000245710
0.00895552
5.79912
0.0030356
3.74313
14747.7
0.0000006422040
0.0000047387
0.00000658273
0.000552475
177877.0
0.000000164031
0.28071
-998966
0.00701240
0.000000779409
0.233470
-22122.4
0.0000366397
-0.0902086
0.00000713516
789.448
-90.361
-0.501178
0.00000473839
-0.0000732281
0.00965889
8463.54
0.000000256412
-0.000000234916000
447.767000
0.288062
46.5243
0.000992591
0.00000152165
3.6699100
0.000536453
0.000000574393
0.000000056865
819.391
0.00392119
0.000953212
74.3436
0.0237642
195420
789685
0.00000213530
53144.400
0.00000079315500
45478.0
0.0826214
-0.00116740
778.716
-0.000667794
0.00000531240
-9600.68
-0.829611
0.0453607
0.00107994
0.000802415
0.00256341
77.088
-22.4755
0.00514692
0.0678247
-0.000000237762
0.000543816
0.00000387615
3323.29
0.00941775
0.0000551886
9112.43
0.000085631500
0.00995470
-70.8309
0.00000018261
-581180
0.00359373
-969.278
-0.0000555543
16959
-435510.00
-703164
54.5696
0.00000085275
-596.396
0.00904511
4.57468
0.063508300
-270.835
0.0000125780
-0.417463
51.4038
0.000200663
0.000000903021
0.000415335
601.431
-41996.9
-0.000323718
0.000978492
92166.2
109097
33736.9
0.000951770
-0.00000844191
1339.80
3.48551
0.225319
0.0796751
544.187
-9195
72.1198
9532.69
-0.71737
0.0000893403
-77908.0
95.8596
0.129446
-869561
2.65795
-0.000309357
-0.00975033
53.57700
27.297
45642.6
-0.00000611412
58930.9
0.0931194000
87457.2
6.18448
-83336.3
0.0363848
695.70
7617.12
164.6650
9.22700
0.959831
6.97087
-55396.2
0.000000658583
12.7990
0.00000993774
0.00000125202
0.0000201359
-0.0779602
0.00587325
9.4531
0.0000895498
-0.000000895862
0.000000823465
69871
0.000000653427
0.000000336095
-49.5652
0.774985
187295
-0.00802951
0.000325054
94.9670
0.00962122000
0.000039808
0.0072986400
-0.00660209
0.00000197031
0.000665043
13.0089
35378.9
0.00000426530
-0.0673735
0.000348396
0.127190
-457.957
0.00000948720
-0.00000817385
-0.000000423976
0.0210964
60935.6
-0.000130622
0.0000603325
-95.1929
0.000004556190
0.0719713
31.6712
4.34288
-5.17666
0.672978
553875
0.000356074
0.00000370729
133.315
669.856
-30.9831
95.1845
0.0000042326
0.0430663
0.0477149
6537.0600
0.00000199426
0.59829
676.615
-0.00987849
781833
-0.0000971926
0.0174048
18982.4
0.000000767931
0.00756930
0.000000061389
-1624.720
0.00000431182
0.000000521443
0.0000698063
-75635.5
218135
740087
-2957.88
460.31000
2757.2
100.584
-19.4610
7832.44
0.00000446880
324.8150
0.000957616
0.00000417973
0.0471109
269.306
0.00506339
152512
0.830871
907.978
3.55595
0.000000014735
856.571
-92284.6
0.319659
-5737.15
0.00566145
0.000487613
72.6759
169.884
14.7910
-0.00608147
-0.0000021967700
17778
0.00549585000
0.000633276
837.083
-0.00419880
11.9623
30321.0
17.3421
0.00000172999
0.0042927
0.0000826890
0.677756
9.70187
0.862845
-7.92679
0.0000688143
0.000000844476
9978.0
-0.946595
8742.67
0.371940
65.5418
0.000468832
-0.0928688
632771
0.00760325
5305.84000
-50.8377
0.733880
-815486
317963
0.0000762576
0.00000938902
-2475.89
0.396112
0.00443810
-0.000000199222
667.00400
0.000640895
6287.47
0.0000002251930
87115.1000
-1.1310200
0.00033360
0.0000125904
1523.74
-0.0186274
0.0000255024
85093.20
304531
0.0000599498
0.0315385
-0.87707
169.994
0.000000208457
0.0000875050
-5.69484
-2717.92
2955.8
-49.9394
-782137
505.054
749979
1.98211
7093.55
0.0000502014
-43883.7
8.93498
4.93130
845355
0.71322
0.0789975
0.0888271
0.666248
592596
-407.080
0.299298
-0.00363707
945420
88.332
0.800867000
0.000041065700
0.00000668224
9955.56
0.00000939427
-0.000268719
-0.000053768700
0.0000358659
370437
85.2658
0.000593926
104.375
-265653
1.65676
-0.000943113
24862.7
5307.98
0.000000458791
0.0259644
-0.0727726
0.0000856033
-0.000803135
-0.369805
94.8543
0.000000722876
-6.12237
-6.07261
0.000000355974
6174.30
-2.37367
8981.25
-917723
22.9886
0.000717045
122.438
2.01170
46200.3
33.5630
0.00000209397
0.00000583691
6.86797
0.00000001308
-0.549762
-85176.9000
0.000000249433
3.0940
769.462
-0.802747
0.000340398
0.00000007669
0.000295116
56575.3
0.000000276017
0.289433
5094.42
-0.000000176824000
-0.000097762
-472035
-0.00000709742
0.0580281
2.70463
344399
761167
0.00626630
79878.6
0.0150721
0.0744971
0.00000935765
96.4602
-0.000000644816
74.1653
589196
0.00798234
0.829858
-4.84534
30.4854
-0.0000135062
14217.3
0.00000331312
-99922.9
785934
0.0591300
0.066662
4923.09
437.312
527986
7096.12
1995.39
79049.200
0.000718953
0.0629938000
0.00432751
0.0862073
4802.71
757.778
0.00696593
5538.33
-0.00000374082
4.80215
-3.03813
-42.9984
982.391
680.429
-50854.2
344875
-0.0078592
-8274.74
0.0571795
-9.67590
4.04556
0.00619551
8479.22
0.420575
0.000315923
169299.000
-0.00000015842
0.0000305818
-9.6137
77.9283
0.00401385
0.0305236
0.00000470811
6192.57
0.00681668
0.0000835970
275735
0.0000561090
625.62
899860
0.00000123137
0.634393
0.00944479
-0.00000925489
-0.000000803469
4032.63
0.000603377
79307.2000
0.0882288
0.445988
23100.6
582728
0.000819848
-0.0000395720
79.18830
0.710214
0.0000183978
0.0000752065
601.866
625748.0
0.553598
0.0000361270
-0.0000999203
0.000044830
-0.00000171384
0.00000208323
27.0926
0.0395289
0.0053838100
-0.0000880779
0.227990
0.000000950636
0.00000343556
0.458359
563.882
0.005698
0.00022709
0.880246
0.00000827723
2.29982
0.000000236138
0.0000347512
708688
-8.90615000
-31.8594
0.000000776959
0.0000838082
0.570089
1.19066
0.000493690
81.32120
-52.9030
-4089.560
0.0000431066
-21583.5
0.000000733262
3827.96
8.5285
0.00528364
291.821
4.13323
12632.5
-90.0258
5.76216
0.000000491957
480718
0.0143119
349635
0.000814880
748.202
8.5548
0.00042237
0.00000880202
0.000000898701
-0.0000195949
-70.5996
8783.48
0.000000925622
0.000103334
-0.048160
0.0000577954
0.000000961026
28.3378
89.7376
968625
-0.374042
4.32359
0.0127272
599756
-0.0000435499
0.000000420339
-0.0000642687
90.3347
6.23720
441.415
0.000598279
0.000368197
-302977
0.0540495
-703.927
0.02774860
-0.259519
0.375141
-809.357
0.0003876930
-0.819492
0.00000637185
-0.000000349929
81.3651
-37.7184
0.00202470
0.00271686
-0.0614937
0.0000037700
8304.52
-0.000000870981
0.0266506
-0.00196334
22.571
0.000000017968
6.12765
-37198.3
7.9998
0.0213463
0.0078583100
0.00284666
0.702807
467104
79009.7
-0.000098209
-64.0738
0.0000631288
-668.130
0.000000359709
-37725.2
0.0000584825
0.000000380738
276.05
-0.000507223
0.00000735229
0.000781684
-0.000453553000
0.00535001
0.00004231
7912.79
-87153.2
0.394235
60.8029
78.7104
67205
0.0000488608
2649.82
0.00953006
0.0000019525700
0.0055400600
0.976297
45197.3
0.45083200
-0.0000899322
61.5260
0.000000973459
432714
0.000000429870
0.00000715446
0.0000872286
397587
0.000957794
-79.4637
535266
0.0000310182
95.7542
455.225
-0.000000811722
0.000000505100
-0.000000682710
0.889701
0.000000615019
7387.90
-0.883119
0.0000741776
-8021.1000
0.0093614
4.41189
0.0500925
288455
81249.6
-0.00602954
0.00002356
-0.000000706764
0.0410338
0.399443
79946
-56739.5
0.000277717
771236
0.0000210019
0.0000908939
0.00000861841
0.000081035
0.00000450820
9744.66
-0.00847448
0.00000075925
77.7090
0.000000764814
-0.0000774140
0.00000694
0.00261013
-0.00000105965
0.000000445539
-37178.70
-40356.9
-0.0000214664
-0.0000286266
0.000000139525
0.000000548992
0.00454611
7.23523
-0.000000734876
0.000618093
1827.06
-63.8065
0.000256171
-698365
0.00000768587
-0.000794359
0.0000174093
0.00000292627
0.0458823000
0.000635754
77856.00
9.041560
0.00570364
0.0000095714
6.07303
-394.8890
5.68221
-0.00782212
65.5253
7.66145
46.6262
9.15729
-0.00000262453
546.447
0.000247708
87704
17.359
0.000000994199
0.349608
-0.0000722534
0.00465880
-804603
6469.10
-4911.3700
-0.000929382
840130
0.00313850000
0.0000055037
7.15783000
12503.5
-528255
0.0123105
67199.9
20.78790
748.302
700034.00
3.3148
0.00529194
0.0103904
-0.122234
87.8546
-30.6229
0.260277
320.061
0.000780553
0.000328208
576.212
639788
6467.98
547914
0.409488
0.0700237
-0.0559223
0.000809909
0.000584383
0.0003590110
79809.3
401.517
0.00000893319
2573.07
846162.000
5.3595300
468.012
0.00417658
84807
987199
28.0636
0.403831
0.00776208
-0.28988
-26354.1
0.74413100
16524.6
152345
0.00000160262
-0.0107299
0.896293
7.29355
0.0178518
0.000160842
0.00064237200
-7.84215
8.71005
75.5822
14.3325
94.092
0.00006581470
672.737
-469906
0.000487797
524009
-59.1385
0.0000955617
343.73
0.0230500
138399
-0.00323053
0.00635233
-0.00000024511
0.00000309161
-747003
0.00000255056
-513.694
960204
-0.0000631460
4649.96
56757.0
0.00268250
-48.1773
672843
23429.1
419.53500
0.000000151804
0.000115096
0.0000192529
-8.95169
8.95000
0.00690096
-74.6802
-7.07362
0.112475
1169.240
0.000000976729
0.0208173
0.000000535618
0.000069651
0.00330196
0.000444043
0.000967466
8314.65
-0.000000693388
-0.0367156
-3.68062
0.164327
0.00000944156
777.493
-1724.01000
-8618.99
9.61510
12201.3
-0.00905883
49.0172
-9.35462
0.000000714974
45.0842
5320.36
3.28841
0.971841
0.503677
726.22700
0.0471093
0.0000199641
0.00000574942
0.00000895233
0.000000816254
0.00964774
-0.000869463
-6862.9
0.0000384499000
0.1870970
0.0921724
0.0674201
0.00000664787
0.0000954485
-58583.9000
0.00993002
89086
0.000855374
0.0489190
26971.2
0.000355395
-47.0802
0.0788917
-0.0077291
0.000632579
0.0000364488
-0.000899596
0.00000020138
0.00532735
7903.41
51.71570
0.00000136597
0.000331147
-0.85486
0.0299661
0.00000113616
6280.96
646329
-0.562901
-215194
-630.827
0.0530943
14.864
1.98102
0.745917
-35.5815
8974.41
0.00364286
11075.7
34.8550
0.00846932
0.0882867
25864.6
0.224661
0.000000591301
-0.00000050249
-0.0507370
0.00000402765
0.593422
-0.000340423
0.00391697
0.0000962245
0.00000289368
9.792
-0.0055760
2.21266
0.000345464
22422.2
-0.00771823
-9040.83
0.0989706
0.000000082973
-0.00939201
519.572
0.000968560
92.1287
0.000000930060
0.0489253
0.00000006273
0.0000069018
0.0000411283
0.00000031602600
0.000000702050
-9620.93
97102.4
-0.0000065194100
0.957262
0.0258920
0.00201370
-0.000658888
0.083875
0.242897
0.00000395724000
-0.00705787
0.000331486
-104.979
0.00250047
-63.149300
85.668
51.1641
0.000000874397
-0.0000569215
-0.00000147265
94.9973
-0.00175909
-0.00404517
0.0412767
82350.7
0.000711216
0.00589040
-8355.5000
0.000624498
285380
38.4922
0.000106823
9809.7
-7300.04
8215.48
5.9337
0.731717
0.9254
66418.3
-0.000646858
0.0000074099600
59322.5000
-0.00000083911
657.99600
3225.10
3775.41
-0.000823061
-0.000240688
7612.27
61.10220
0.00894834
-0.0663712
0.000000707762
610.126
3.40518000
0.00203357
-783753
0.00000253490
679.451
0.000000404634
0.000000738851
0.0000744634
0.00000045139
0.00000154806
0.0320492
0.00629650
-38.1512
-75582.5
31.6565
-937.778
0.0000564685
1424.62
85306
0.0939631
318244
0.0848581
0.0000484041
0.00000276367
0.00000096884
78498.1
0.000000506062
0.0000514711
0.0998396
207.959000
0.00000126946
0.0899045
0.0000990644
-0.000731948
0.000803213
-11.5886
8908.73
117.579
-0.000000304023
0.00640727
-0.000592149
-0.00503241
0.0772689
812620.000
7.82354
-0.00246043000
0.0475822
17096.5
0.00324002
0.00556400
1.97135
0.00000794277000
-0.0000141498
38098.4
426149
0.00912342
0.0245839
-0.000000948047
-0.525080
0.0148817
0.00412208
-0.000065351
35.9997
-8.95512
-569.803
181277
2.46725
0.00000733754
0.000000853014
0.00000213350
0.0000212619
0.710114
-0.000000115316
-0.00000012117
0.0512740
91387.2
-76.3212
-0.00000989074
0.000152661
0.000000538687
0.0000214767
0.00754638
29.990000
-0.231402
5.91192
94.6100
0.0000373212
0.0156417
-0.0000128549
899.888
11503.8000
-0.00000601260
456.955
980620
0.00458368
0.00710260
-0.000739396
0.000278867
0.0000157537
0.000900236
168933
-83.0183
0.000436173
91.5921
-3.89300
54.9800
-60487.1
943.389
-0.000000632929
266169
4.65987
0.00266632
4408.83
0.0000100163
-9.7980700
0.000743012
0.00000646239
-0.009006500
0.082810
61076.8
-0.00000160832
-0.546470
750510
97278
-258975
-0.0082235300
4900.86
0.00009782
0.00699645
219662
0.076716
834499
0.822755
-88118.9
-0.000884474
0.00264339
-0.0000155219
2.13380
0.000000841807
-0.000000350678
0.413755
-0.00000393469
-0.0529662
0.00560460
-969.335
-0.00000525982
-301491
0.524923
95553.0
9397.72
509912
8941.95
0.0000060723
-0.00000390367
0.000346056
6179.8
0.00000104598
-0.479448
-10.2071
766145
67.5587
0.08184910
-683168
0.000867037
0.00000975033
0.0000012007
0.000005146030
84259.8
6.74070
598.256000
-0.848221
639670
0.00000985770
0.0840900
0.00000302411
-1551.77
0.0041692
0.00411226
0.592582
0.0956868
-36.736000
0.0000268041
0.695947
0.00142757
-3.61961
4.26285
-233.722
5801.92
0.000000863807
0.000019478
0.00309745
0.000000361731
0.00000969509000
-0.0000232151
0.00000255367
-884600
0.000867355
-66667.3
0.00921341
138674
0.0260556
-0.0000945995
0.0016367
0.0000824408
-4795.05
2.20175
6.35885
-0.000386420
2692.37
-0.00000992630
8.29697
-0.8447540
9.34700
-773590
7.57073
0.000000491271
0.0000622756
3852.33
51200.3000
-0.00000581227
0.00261891
-47918.9
0.00921525
0.000000820032
0.000357336
18.2245
0.000881260
91540.1
0.0000690968
192168
0.844573
0.0450370
0.566000
-0.00193074
-1321.77
0.00000183925
0.668558
0.000243621
0.000000134810
-0.00000376379
0.1387930
0.0000576984
-0.0000716533
0.000411970
3.81867
1.14726
-947.759
9372.77
0.00508215
0.03183100
85.8932
-0.206566
73037.4
84.4976
0.0003009100
98900.5
-4.52953
0.036432300
0.0779355
0.00000597450000
-0.573592
3.61319
-0.0793227
0.071450000
0.00646757
772.473
-12115.3
17479.4
-0.00000690363000
0.000000877416
0.0150027
0.0544239
0.110214
0.0727394
9239.32
33.4152
671633
376.465
0.000568458
622.434
9.13840
0.08689980
0.0000614044
63.1751
0.0000259782
46018.5
-508.33
236200.0
-22887.3
5.8041
-0.00284072
126587
0.0000675954
0.0000696362
0.00000113172
5502.15
550846
311287
0.000000173141
0.00944701000
310314
20475.6
0.0000903916
-0.000000955872
989.311
0.0000318292
63.5922
785917
77023.1
51967.8
-0.0531520
0.000943232
-0.00112672
0.00006545
-6009.30
-0.0360457
0.000192333
715822
225248
0.0000040446100
0.000184761
56.512
0.000000894816
-0.0510162
0.000218061
6655.0
-0.00170189
0.000000113151
6342.61
6871.00
882457
790222
-4.64160
0.0000006371100
6752.8
0.00586500
0.0733579
0.0895619
-2.19770
3.82194
0.0000999648
0.00968260
0.000582366
303.397
2770.03
0.0892887
0.00000601557
-3.2109100
68337.1
-0.0153775
-348621
0.0088592
-0.000988488
0.000967218
0.0729034
0.569472
0.000000731627
0.00000777488
461.42
0.165911
-919490
215933.000
1735.97
0.0688102
58977.9
0.01701310
4068.30
0.00000026848
-8019.59
759978
-0.000000604311
-0.00532999
6.02297
0.0147645
612.782
0.000000085367
72607.9
173476
0.000002163
0.0081261
0.00000255332
0.000717433
0.586814
0.00000803021
-14.7321
0.0000871235
0.00000853787
0.001693320
91.2754
2198.71
504655
0.0187337
79381.8
-0.016245000
-2.50300
0.00521803
9617.0
84069.4
-84.5340000
52183
777769
-0.773798
0.31503
7726.96000
-891120
0.0269262
-0.0102481
7.96068
0.00000498057
73.2438
73.4025
2674.30
0.000288950
44618.0
6212.790
0.474492
-0.0236505
-0.00000810891
977.898
0.000000401820
-98722.2
0.000000390934
0.00212215
-0.000185748
94.0819
0.000990737
-49409
54.9468
4.16912
0.0000438764
526294.000
-0.0798818
-0.0317529
3.16017
-0.0000969540
-75749.8
87.3477
0.00121200
-0.091405
0.00000042880100
0.000377501
0.000006792
0.000623840
0.0074917
0.00219004
68.994
2.62068
5.92628
0.000000404004
-3132.79
0.488074
-83770.3
0.000157453
0.00000317319
0.63178
-427.138
256415
0.0000320622
0.00000412416
274850
-2874.95
12.326
-455.236
12.0473
90.0848
0.0000461079
-82122.5
0.00000559069
-254.841
28.3837000
0.00000713072
3.18175
0.000801110000
0.000000979727
-0.00431331
0.000000769998
-0.000351186
0.0155790
209.821000
0.528797
0.00000106461
7.27412
-0.00725730
0.0559623
0.000009967480
0.00690908
-3267.84
-0.00587104
6.11311
0.0000953850
17454.4
-0.0093742
-13.6560
0.00000274943000
-9.46314
864547
0.000084026
9.387580
-27119.2
-44354
6.26223
0.000243576
0.00608939
0.0764391
99197.5
-417.47
2525.28
5963.51
0.737041
770.267
-0.111841
5911.03
0.00760843
-0.00119762
48.7574
0.00000546899
-0.13611100
741661
427642
-5813.34
0.0000001579550
297.0970
130.807
-0.0000026895
0.000000746364
-7.82176
29127.1
0.0000169254000
0.313669
95650.8
3.06402
49262.0
5.13353
-740080
-8.28229
5117.80
0.0139185
288.795
0.000000256372
91.907
205.590
-75.6534
464840
0.469748
36.940
9.30644
-531.211
2.59833
3067.94
-827.275
-0.0000456301
0.113411
-37483.5
0.00000188743
0.796770
118570.00
0.00564919
0.00000087808
0.000000064756
79045.7
0.485998
0.0227517
44985.5
36.8827
859690
0.00078100
-169.379
86.855
-712.0790
0.000000608723
0.00000007332000
-0.000922116
0.0089959400
-0.0000271394
-0.0241506000
599131
-5154
0.0002819780
-4.661300
-9.67742
0.0019444
0.0000551721
30210.6
-25.8113
0.938339
0.000948630
0.000000512648
0.000000953976
-0.000370214
-72.3279
-0.365469
-674211
0.396988
-0.00000836120
-6.96604
-32950.0
5911.08
3365.16
7779.12
0.0492826
2.91498
-0.0091796
433.923000
0.00000840890
-0.000000539581
0.000000691992
975.152
0.0000866522
0.0000655422
56326.0
0.00578912
789760
943.104
-31.0646
-942780
-77328.8
0.000098267
0.000029340500
0.000029005
0.00000075341
-0.0000819418
0.0097970
0.000000083735
0.00000797531
0.000845884
-0.0008285940
0.0000653397
0.000000202572
318551
0.00130364000
607447
76.651000
0.00000929831
0.00000649531
0.000000966220
-547.358
0.000612374
1.42607
-2.14942
-9784.500
0.0366432
0.423526
0.0000068400000
-20389.3
0.000000713313
0.00000686051
0.000513283
21.407500
9312.50
0.0180754
1.57516
0.00464503
0.000930540
0.00000834481
0.504557000
0.0530029
-30.8091
35.6719
-0.0895956
0.00000779582
-8934.960
7.60983
-395.815
0.00000313667
0.000877393
0.00000381287
0.00199903
181600
7305.17
36260.3
0.906990
38292.5
218.382
939.427
-0.0110232
0.000000215740
0.290522
0.284159
0.000000743592
0.0000909747
0.561447000
0.00276931
-0.0747326
0.0956494
0.00155283
0.946918
-0.0000635490
0.000000504729
-0.000869280
0.000979924
0.255715
0.163697
875.820000
93477.0
-745428
-2.7518
0.0000261950
367.892
0.0115347
0.00000241888
0.000957343
1.51153
0.00883255
-5902.29
0.684411
0.529726
0.000116104
1853.08
-12.69100
0.00874414
0.000000450004000
8.97650
0.000000694108
5323.85
0.0000421285
0.000018230
46.4943
0.000003315
0.00000678617
0.016994
0.00000204117
-0.000000362008
800097
8.55190
535900
0.00180429
0.000000291635
0.000815316
-0.000098385
0.0575569
0.0000686648
0.0000735808
-0.000517739
-3920.03
641.804000
89.3946
13188.80
4.23255000
-691.2350
-1.05613
-2.63083
47.1287
-7583.39
0.0000333277
0.000969335
0.440615
0.000115381
-347.0980
0.000000783334
10.9065
52.5393
671148
0.00000513443
0.00135134
73.18960
61.2058
0.000000258943
-382.429
0.00794158
0.962040
-1.23468
-333.589
-170335
0.0000668167
0.000000627944
113920
0.0000976048
-767.380
0.0333635
0.0891808
5578.98
3.37345
446414.00
0.845431
0.000018035
0.000000071440
-33.4328
0.0272136
0.037718
38.3789
-0.530883
69127.1
1.42171
-2583.8
0.6824200
6.97839
2070.62
-0.583298
-51.4139
0.000701533
0.000209590
64012.2
0.940409
-0.00603908
0.00000127094
-898.373
-18600.6
0.0000051036
0.000000886219
0.0660296
0.00000979552
74.8282
1.45820
-506.939
-0.0000344318
-0.00000464603
-0.00584959
-0.520541
6659.91
0.0000655668
-0.0441780
0.0223941
1198.16
58.8992
-2.87093
0.045735
8491.85
0.000000652588
-0.000000668765
-0.00007638170
-81857.1
604.143
-0.000000154988
0.0881403
-0.000000308572
0.000000803914
0.000000971601
0.860245
0.000916597
-8.23137
0.0816967
0.00959335
0.0677221
4.30326
0.00000845033
0.000000879753
0.00912511
-3460.55
0.0000526347
2867.17
-0.0618968
0.000545476
-182389
0.0000217564
476035
62.5739
0.0515426
879.992
0.06821700
6.25037
0.000000124360
-0.000441435
12.1557
-41.1527
-9.20527000
0.0787615
0.000515160
370.519
-98.1371
-4.77472
0.000000594218
0.000802532
0.000001166210
9262.48
0.000381062
70.0147
3.18434
0.00210024
0.828948
0.0000254714
903210
124.85
0.0415279
81735.5
768350
0.000000810479
0.00000837299
433.468
0.0053539
0.000456485
-0.838397
0.000781753
-303.844
99.4910
43.8030
-44123.7
760423
-16475.6
0.927906
-504870
0.0026419
7.94458
0.000000320921
2.41208
0.0854845
-0.000822619
241406
-0.000273180
0.000492360
-0.680279
0.0000074077
0.00509623
454381
0.000000639133
-91.5371
908.209
20.2011
0.000000628717
0.000835861
0.0850197
-185.880
622463
0.909075
-59.7980
0.0852314000
2.46019
0.241065
0.000269442
-26.3942
99.652
0.32134
-0.00956000
-9.84954
0.008015150
98.5643
0.0513267
0.0021239900
0.00000278251
98079.8
-0.0204695
8.07599
93.65810
5.85934
-637.4860
355953
-0.000911638000
614065
0.0213454
7908.78
198.298
6183.9
67116.1
0.0701333
0.0669801
-2812.89
0.00884175
-0.032707
0.00983178
-2278.40
-5.351400
-0.00000394882
0.773362
0.00371863
12506.9
-0.313060
0.0006950910
0.000000594835
3573.2400
130.044
0.000222486
1352.21
0.00250760
-0.0417800
0.0000183597
8501.75
0.00279126
-92030.3
0.0000524793
4760.680
690760
0.000735185
-8.41293
-9071.69
0.000450154
10061.9
0.000000043394
0.00000162234
-0.0000040183
0.00000499543
-3.04848
0.000981917
-8.18771
-0.00000939840
4.2321
5.34500
-43752.9
0.00000245122
2652.93
8901.15
0.0240299
0.000657266
-872.519
-4147.25
0.000539451
-29.581
54.1087
474.173
-0.882844
0.0000337816
0.000923954
0.00000308900
-133.107
-285576
117.3230
-0.0000094230
2242.00
0.0993189000
64269.6
0.0000028982
0.000000773147
0.0958735
0.000497866
9.11306
99550.6
-0.00326188
0.80570
0.236223
0.010941400
8.11652
0.0454180
-0.00143489
83.1645
-300.366
-0.0000003306
2.96515
-8.05634
-79097.4
-0.177644
97570.5
0.000077600000
4.73431000
0.112505
-8743.80
0.000000166912
705.724
-51.0711
0.687277
0.0000396407
-13766.5
1.51045
-681239
-464775
0.0000087286
-0.0000532799
-324726
40.4054
0.000000023451
0.00004404820
7.13931
6567.10
358698
0.00899507
66602.9
352.84300
0.0584177
0.00000553331
0.00919205
0.15749
0.00558585
-393.539
639.457
5.46218
0.00169124
0.0000647647
936719
399907.00
-32341.8
0.00000503592
0.0835321
-546137.000
0.337348
-2.57610000
0.00000890038
166451
0.0000561312
0.0056946
-143.916
-0.840227
-1240.03
2.57270
0.041551
-2.65429
0.901022
9112.47
0.000000817576
155096
0.00328741
-964.361
-5366.35
0.00000978623
0.883927
643.803
377979
1.07422
0.00396342
-0.0280018
0.00000388934
-0.000000295580
0.920305
0.00000532676
-5.2385
0.839363
74089.0
0.49485700
29372.2
65.584
0.000000249428
0.000865107
43.384400
-0.000024348
0.00413942
6.49527
7299.42
4.4354
53366.5
-0.000545681
892379
0.000000584087
93411.2
-69.2178
55563.1
8597.24
-943.396
271.4
-0.0000067881
0.00000344275
2.1389
699.010
0.00807117
276568
0.000000603605
648.215
0.000139388
70.4239
-0.00000925337
-30.5652
-0.00000866396
-789.328000
976.62
-0.000000267706
0.0000905006
-0.0000665522
-0.0033907000
-64.9877
0.00000345958
292.3730
0.237269
1837.29
0.0949095
-61671.4
0.00000820196
0.603712
0.219336
-778.292
0.00965733
0.00383626
79.6272
7895.0
0.00959059
2711.64
29.17950
0.648888000
0.00364965
1523.56
0.0093456
30.179500
-807162
0.00587263
0.0000950246
0.00000343369
-0.000000123458
-0.000288450000
0.000000552661
71173
-4.85598
0.683653
69.49
-64.110
918.809
0.00000968944
172.212
-0.000491747
0.00855906
64534.4
-50.0955
0.000000114257
89147.9
5.08468
639.386
0.000000026642
95965.7
0.00299171000
-0.0060403700
0.00074241500
0.358245
0.0164245
88.5507
-43676.6
-239005
-7906.36
806.56
0.00560304
0.00372322
-0.00067847100
0.00000547481
46456.9
-0.000086947200
-0.00000887471
-25450.3
518076.0
9520.21
-5.13826
-0.0378515
-0.000000421362
276802
0.986910
654474
0.0000968410
-4654.75
-189.580
154.47
7472.240
-0.0719032
-0.000993315
20497.1
0.000228989
-74955
0.0000465810
0.00000736812
6692.57
0.0113456
0.0766893000
-0.772998
-70.9516
-0.0377422
0.000238472
563295
9.87342
0.000000308016
-0.00000867460
-0.000000245880
-0.0000046598
0.00000088250
-0.595482
0.0193052
0.000362636
1172.5300
9498.76
947720
901.591
62.4761
0.00000078487
0.000000115935
0.00607118
0.968818
-0.0000004892400
0.498729
0.02058910
-3642.23
-32.8305
0.000000138558
-0.000346711
19375.3
-59890.5
7.37325
4023.17
0.0288722
0.000000739249
0.00000507822
65848.4
0.0000043320
0.000142142
858.245
0.0000942779
-0.740441
-0.000000316278
-864092
-51436.5
37885.00
0.00000771998
396.668
0.00000173251
0.000881627
0.00077911600
0.000571040
33.5203
6.29798
44.2135
3.6584
0.740515
869.270
282123.00
0.00000495988
0.000000798353
90.2407
0.0120896
89.3944
2.39034
0.000173695
490.427000
38.70040
0.00000710148
0.000479044
8503.38
-99.8659
0.00365577
0.00683322
0.0000259310
196.147
0.896196
-44105.8
1561.22
1.03650
931365
15927
0.00782403
4.86560
0.0323923
6.771120
6.88097
0.000019355
0.619267
0.000690817
0.0000263054
989809
-0.00426759
0.00000822207
0.843496
0.000000296478
0.00159027
0.000000250452
0.000000603479
0.00613757
0.000000505126
0.00000282635
0.864610000
0.000000072204
0.00850132
0.0000041405600
0.00000024826
0.000451541
0.0206585
0.000000440232
3018.9
1.10983000
968.443
-0.0035187
4013.18
1139.19
0.000976513
0.0000862134
934.124
8417
0.62417
-0.000000089504
0.00846129
-32173.7
-0.000054652900
0.000000063974
0.00912294
-623.154
245780
61.0737
1082.7
56.1163
63.3102
0.883924
-0.0000231546
0.000824597
0.376410
9.76227
0.00517725
-206165.000
8481.63
0.00000690114
8.20144
438.776
0.0770578
0.0659792
98480.7
-0.000000361926
0.000000069098
0.00000966642
77.0769
0.0000288572
0.0692408
0.000879638
24.9921
-4869.60
0.00827297
491.328
0.00875813
-256.102
0.00000650750
0.00000580480
25386.0
-0.0000848220
-0.00989780
0.00005868540
5.301210
-0.00765045
0.0151367
97.0989
-9687.09
77447.5
0.00779553
-0.033385
2.06366
0.000838078
707867
-0.0000787286
0.00589213
-0.00622492
-0.0573574
3.1503
0.000492833
-0.870683
-0.119491
-793.665
-0.00000438214
0.5880860
3258.830
-19.805
0.0000315020
0.000000861788
132830.00
0.067950
7.18283
0.000287979
395204
512431
610.553
0.0154226
0.00091528
0.000747021
8530.85
374.261
467.447
9.78129
1705.65
960307
923185
0.000807842
0.0000914694
0.000849023
0.623520
6.49665
0.0000482775
103.6040
52.9733
0.0273821
57.220
-0.000649397
-0.000274717
444824
0.0795437
605610
0.0587114
624.886
0.000378184
5058.70
2.41392
0.000000612969
-0.00862415
67.5752
32934
-0.0937534
0.0000152074
0.0000181586
1.26829
0.00000857210
78.5630
84083.3
0.0000307387
2.11871
0.655826
-441257
0.00000668464
7984.46
0.6700220
7585.06
0.919169
7742.90
-100739
5360.37
877192.00
-0.00000829070
522277
0.00000556078000
116.845
578.180
0.000565850
-18.877
0.00619340
-7.19843
494392
79180
-0.132894
-720.024
486.859
-5.53133
0.878875
0.0555270
-0.809163
0.00000922062
-0.000789154
1.79050
57.4751
909942
-4.24995
61498.1
-0.292465
-0.00134400
-58.2785
631.978
-0.0000133434
0.000000545419
0.000000690511
-17546.9
789131
-4.87233
0.492224
0.00000940205
166623
-201.691
0.00000479140
-0.00000415321
0.00000445566
0.158952
0.0000371093
-0.000128717
7.52099
75.7017
0.000790950
0.0432737
50588.7
0.000209628
-50.8326
1596.16
-0.0000111295
0.000427124
0.0246687
259.558
785054
0.0490858
0.000564892
-5.97047
9.93565
0.000046860
15698.9
-0.0000386526
-32913.9
6920.21
81.980
0.0770895
9.52882
98864.7
3.76417
352814
5425.78
7186.44
-0.583571
0.000213718
0.0000546963
-0.000000302040
0.0000237382
9.39349
76.9165
0.0304777
-525.793
0.0822018
0.00000838795
0.000000460225
0.00033229500
0.000000764548000
-0.89433100
0.891456
-0.0000917313
76.8232
-640806
-0.0000436675
25.0781
-0.00000799898
0.0487010
0.00000953974
0.000000515795
-60799.7
0.00000026656
80.8980000
0.00000449752
832.836
0.000674369
-0.00118261
-0.000619856
0.0000816262
20656.4
-0.000579541
-0.0014709900
0.00000404454
-0.000000323024
-6068.90
3679.14
840756
0.0000186895
58740.9
218.956
0.0000643555
3593.65
-692056
5.66989
256.560
3.21674
0.0000519611
0.00075588000
-319.19
-0.315600
0.00829881
0.000240453
83384.3
65.7809
455.865
1977.46
0.0148943
-37.4874
2374.82
0.000582572
0.0891365
6515.44
0.00528046
0.415289
0.0000050244300
-354624
0.0950181
0.0299318
0.605354
-0.953323
901316
-82.16100
0.0000000472120
0.0000187244
4231.0
2373.5
662.749
0.000013715
0.0007846660
0.00299078
7852.67
0.00986022
0.836084
20244.7
0.0590717
1851.34
0.632829
0.00000560200
192.348
1268.24
0.156835
-881858
-185660
0.0000210397
-0.00000292237
-0.000089004
0.0000979051
0.000793327
55.2239
0.654048000
0.00000722866
0.00012727
0.00000650430
48345.300
0.0000205381
4.096720
0.00000323671
-0.0045081
0.0000651231
-0.000263430
-13.2235
-0.103536
61.2428
2859.50
534849
-0.00000232348
0.601941
47155.1
50.1800
4251.46
0.0000078234
0.00000969865
17143.2
-0.0643725
0.587666
0.00928450
743034
372989
0.000000124446
0.00000120304
0.00000983184
-32.0330
18.3623
0.000000392138
46618.5
-88.854
0.0469719
0.149995
348.002
311583
472.416
-85.7517
0.00768722
0.485472
7.83837
0.00827035
-0.00000343142
0.00880148
0.00150063
0.000000140079
-0.0929898
0.0610172
-40.8473
0.00912198
-0.00829687
-186.823
0.00186701
296852
-39.485
0.00000794258
-663099
0.0000891751
-0.0714922
0.0001488200
-757.503
773.177
88.5010
67356.0
-0.00657714
-322.679
8831.44
49.5658
75.9250
-0.525261
34.2132
0.00371560000
-33.6339
0.618622
-0.0001102400
2225.72
0.0000580223
0.00000190571
0.0000227234
0.000403611
0.0000650380
-0.00000195419
96.5987000
0.00000139000
0.081688
6860.68
563691
0.0780352
36.4513
-625660
-0.313520
0.851914
73.2466
0.78027
0.000000808848
0.000977880
0.0000214654
-53426.2
0.00014151
0.00000992242
0.0000579287
-51.2564
0.00000885977
0.000406705
-0.0000897846
0.0374818
0.000615233
-0.000145164
0.0000513806
-0.0789783
0.000000950842
0.00000101972
-0.000080978
1.14912
5.25406
0.0919291
0.877537
703.857
0.000058925
273.022
0.0000858759000
491905
95780.8
98540.0
11.739
0.00000018914900
-27.3833
-93412.1
-0.32515100
0.00000669236
0.425458
0.000044199500
-9257.95
42.5705
51594
6.69248
-7671.40
-7421.42
1.757650
529.23
0.000000068495
-27706.6
-0.0765626
-0.00525061
0.129619
0.00000729525
40.2658
64893.9
0.0463252
1903.43
0.323158
86175.300
0.00002617
0.000179585
-0.00000137782
27225.2
-4.66266
0.00000788311
-6205.88
-51.60
549900
0.0688980
0.00184556
0.00000876234
-850960
0.000294705
0.00000416667
0.00235857
-383.254
0.000799581
878846
0.000063134
0.00077332
0.0379872
63.8573
0.0049997
0.00000034645700
576.267
-0.000000981092
-41816.7
0.00000767044
-4.96311
-0.523406
650.9250
0.0514301
0.000000082484
-582179
0.000000493615
896.00
-0.0000908590
80416.7
-57.2014
-65033.6
10151.1
-6534.10000
-5492.16
0.0770144
-64891.4
731635
0.0668328
8.21703
0.000455491
0.00000827255
466.448
0.00000378939
8394.12
8455.56
0.000076691
-0.000000921808
99293.3
0.00465344
0.00000857117
0.00540874
84.3691
0.44679
127.20
-0.0088115
-229519
46596
0.00000358963
0.000274995
0.000021843
2817.27
-0.000345644
-0.000765837
0.0000921243
6.10585
850454
0.0756474
11070
643768
7175.85
0.000000291732
0.000000988503
61669
0.00488610
0.00126621
0.000000493088
9716.83
0.0658431
-0.0000472543
0.000000122550
613.44
0.992605
0.0407227
0.0000012685
7305.74
-0.00539041
2.59182
0.0000285896
0.0000301983
-5943.1100
0.028851
0.0866406
7206.38
4.69344
0.139999
858.73
-57208.30
0.00000026071
17.9565
5.77128
-297978
7.41168
0.000528224
-0.000958006
516076
1.70553
-67.9581
-0.00000441760
-29.3493
0.00602852
8346.02
0.00329849
0.0000264478
30.4307
0.929599
0.0000310718
0.309794
0.00418847
0.7506480
9.93499
0.000000500676
0.00867794
0.00000354144
0.000000543266
57.2716
0.00978667
0.00828292
455.043
0.000617662
6032.47
-5278.58
0.00000302119
0.018017
0.0000062558
0.0156129
-561.448
0.0000548768
0.0243137
0.000000824215
0.000761267
0.0000189371
-535.155
33659.1
570310
-0.161198
0.552640
-37.885000
0.000136950
0.0000537538
5314.58
0.0746975
4.03763
402899
0.00000600589
777935
767.365
-1.91999
74781.6
0.000000075802
0.0000729965
-74066.2
0.880063
-0.00566665
6.90972
0.0000077734
0.000009659000
0.902719
59583.1
143345
0.000253454
0.463251
0.672849
962.991
0.0000507843
0.00773046
-0.00971025
0.000631337
0.000000813756
0.0000600669
-1868.72
0.0000960940
9043.74
-0.000325367
29841.4
0.000000691479
-0.126374
0.0961396
0.00531614
0.0994747
604.226
0.000897051
82706.9
5677.52
-0.000000883964
0.000085331800
-0.93669
147806
-6211.07
0.0000197678
0.000000014998
4.01858
0.0786381
0.000000947952
7.25721
0.863777
-3.76659
-0.000000396836
8944.65
5.37734
277.934
0.000921550
0.0708631
0.0000119715
0.000000566772
628893
-55.9805
-0.0000693556
0.00009682330
-604112
3.24198
0.00242127
-94.8405
0.0000767436000
-0.000000487625
-0.0000367063
0.00928521
-57994.7000
0.335009
336320
0.00445834
684547.0
-72847.9
-0.0624518
98059
-0.0000985269
0.706647
0.00039872
6.26707
0.07022580
-969950
597548
0.00675714
0.0000674004
0.000457380
281702
4438.4500
0.179268
49.5397000
0.0731775
4952.33
0.0629209000
0.138052
20967.7
60892.40
99.0514
-0.000000343141000
43.0535
545650
-0.05891530
-2.87456
0.0000197941
-49.739
0.000000581686
2.28550
-0.0279050
0.000000738492
-89.0642
-643.801
-0.0000616995
7.72065
87.0910
-1650.1
4009.59
0.000000251406
0.00745680
-0.0000822472
0.000000384336
0.0012823
531.972
0.591134
1783.02
14.0588000
0.000000189880
948.878
7.52325
-0.000276222
-1.94711
0.000436219
-5.62370
9.95569
0.00000256684
0.00000687072
0.9810400
0.00000876586
-0.00664225
0.0000290972
452.828
711.279
0.0000832800
0.0000158031
1.70157
91736.1
95.42130
0.000000237990
0.0000334386
968.036
0.000000510834
3731.45
-69.6110
0.000573549
0.00000988405
6.0815400
8.6438
2.14362
-771477
0.806300
3848.47
221748
-501548
892873
444.757
5245.94
3015.77
0.00000125753
335.486
0.0868317
9409.26
50643.7000
0.000942204
257.165
0.000145834
0.000000297
0.054436900
0.00975076
0.00458750
0.00000534376
-0.000000249170
309.797000
0.000324177
0.0000936077
7731.72
0.00096918
8.20324
0.0260915
0.000435844
0.000000573213
-39820.2
0.547838
550463.00
92348.2
-0.000370234
0.859094000
-53.8085
0.000862480
0.000000495770
14323.1
0.61145
-923.718
0.0000105369
2080.19
-0.00000137421
0.0000094962000
18.4748
0.00000023872
-0.0049578800
0.0007192
0.00171376
5.43628
0.00469804
2165.81000
-0.000000241875
-0.000327827
212014
75290
0.3856750
72173.10
0.00000844001
0.00314240000
24.1676
0.0000886737
553.1
5063.18
-0.00793631
-0.000000778639
427.356
0.073573
0.000000625454
14.8502
-0.00152854
0.000769031000
-51.6290
-0.00000616536
0.000341378
0.000000286956
823.810
3248.91
-0.0979889
2780
80343.500
-0.0303145
-0.00000501178
0.00000641340
0.000000392139
172957
18.0913
-0.835316
53.3145
27796.50
0.000000980706
0.00959940
-0.000106240
42.187
716.909
-44257.4
0.00000538861
-0.00000635189
-0.0994568
0.00568498
-0.0002949120
-41171
-23816.7
0.00000325537
-66.0860
0.00000974655000
1.7364
-0.00344476
-4769
0.000000406111
0.00000403299
63186.7
56.6931
0.000045690
-0.0000546776
-636.570
85430.4
0.844170
-3265.29
-0.000000851118
-0.000009850790
-0.000016310
373.788
26625.2
959.966
866136
512251
-0.000000241950
0.000000037247
-765.252
39.2942
860566
180877
0.000000500436
26427
0.00487356
-3.66792
0.00522823
0.000000939338
-1.07360000
0.180643
-0.081742800
190041
103560
0.981769
-0.00743142
-20003
-0.00000033148
-35747.8
0.00000025921000
-0.000371227
0.0000630280
87.7274
0.000705978
365320
-0.00975151
0.00000380854
-0.000404217
24.1210
-5.65205
1.55230
0.0000319692
0.0000699114
-9.27223
0.00128021
6938.4
-8452.67
0.000057846
0.000000985582
0.000792210
69.1991
6130.11
85494.1
0.00699737
0.159275
0.000602094
0.000921675
-0.0075977700
0.00000076083200
-0.00926615
70.76
3.07987
-765972
75856.5
-0.0813080
0.940875
865574
0.000000137838
-0.893730
-0.0000142051
0.858165
9202.37
794655
0.291134
84.4157000
59.805
0.000820526
-0.0700907
-0.000067573900
0.00000970896
68874.2
852082
6.25154
-0.0000466874
0.0200547
-599.37
-0.0299817000
-83959
-0.000937678
408388
-0.0000214753
24.4473
6.76839
-160.168
3739.37
-0.0000477580
408988
0.310502
-13.9823
0.0826231
-0.00320646
0.000000743245
0.485944
0.0000558949
-317135
16.233
0.0537286
3.32536
9.96792
0.0000948826
0.000000982789
5.04846
607.50
0.434886
0.0326758
-0.0057071
-0.00000867830
287803
-6.3698
0.0000550394
-267.26100
0.084889500
370.531
0.529647
-91.2249
-25114.4
0.00000796842
9.09791
0.000000070473
139600
1657.35
-19.8009
0.000815332
0.000640353
-558895
-8258.51
-266.697
0.003664
0.00000368904
0.0151540
0.000635768
0.000000359326
6.30755
0.0000049455
0.00000880140
-989.827
58988.0
-16161.9
-366514
0.00394231
0.761257
0.0000628776
0.000925512
0.00000586184
555.772
0.000000852113
0.0016345
494.899
8305.2600
50730.000
0.00053950
1.227330
0.00278759
0.000000747714
-914655
849209
280.05300
5124.87
0.00000926700
0.0216116
2755.0
-0.0704100
-0.0147794
17882.1
-0.000000492531
-71945
0.000000338180
-0.0942580
-0.113609000
0.00059891600
82.6040
0.000000270805
-0.089755400
-761420
64.0709
3.29037
22061
85.2869
768.026
0.00000094312
3518.69
838.105
2711.84
-0.448377
0.000000356997000
20635.3
-1.96027000
0.00000536102
0.00955668
15.5458
80031
9433.59
0.00270567
0.0384582
-0.00000533944
0.455523
0.000000837432
0.003863420
0.0000029160
0.0688871
4578.38
0.00009931660
-23.1525
92175.8
23.0542
0.00072114
4185.54
19391.5
132.535
0.00000594373
36734.9
0.0225775
-0.0000807751
33337.0
0.393335
0.000000292670
0.000629763
0.0000792552
-0.00000066565
-85.1981
0.00000077659300
-511.943
-0.000675134
64.2208
0.00104394
-509.345
0.00149878
91.9158
-270547
98.7381
0.000000746545
0.996775
-8779.46
-0.00000346657
-0.000000039770
0.00487531
0.00000440076
56079.0
-984.259
99458.3
-99276.5
0.000255293
26.5797
0.656052
0.0000078735
0.232441
-460.966
0.000000706011
-0.0000739134
0.000201409
145.997
45598.0
0.0008068390
0.0486302
716.103
687067
504810
0.008524
6.99953000
980.106
0.00083942
0.0000240403
-0.00076600600
57.1816
0.00684454
9.92471
0.000242385
-79.5185
0.91081900
0.0000892448
-0.000554777
358.494
-81819.0
-0.00565840
8.23746
0.000478010
0.000812624
0.0000913453
0.0000161457000
661605
-0.000920627
-0.00775074
-0.000000717853
0.00498344
-0.000650162
-114.915
9.55945
7811.22
0.00923356
0.0000658086
0.000916706
87844.5
0.719354000
0.000009392760
0.000629905
2.31016
788814.0
-0.00000972766
0.0000484788
0.00000344461
0.0459408
64.8506
0.0519755
687.454
109624
629409
7.4126
-0.783035
0.653918
8276.54
0.959768
6.01950
5.10390
-0.0000088856
0.000000471310000
-21526.9
0.0000577371
0.000845346
1859.62
-9180.06
0.000791484
919.541
0.000627272
-7.65939
-0.000000205150
-0.00134852
-9.48114
0.0000074762
-0.00626951
4.04597
0.0000124695
237.382000
-676.387
43331.8
-0.0067926
0.000000269834
-0.00000728467
0.0029812000
-0.0000003810
0.000000335238
970550
3.9657
0.410281
0.00436375
0.000014482
0.0044364300
0.621071
30533.8
208.005
0.000302864
4713.32
660245
0.0000707525
-100837
35.2079
-0.440927
0.007706400
0.905722
0.00000070367000
162508
-156580
0.0806835
-0.000000970223
0.0479446
0.0367387
-0.656728
0.0000188728
0.002616090
0.0000687512
29.606100
-0.0000028335600
70.0192
0.00763689
0.0841444
-31.8895
-0.00000912346
0.662928
4627.37000
0.008309230
0.000108861
60.8859
0.342065
0.0462722
0.00000672493
0.0245804
-209833
-0.0000324237
-608.415
5998.61
-89.2378
0.518845
0.0378496
-5.33046
0.000000421405
-241.515
426995
0.0696733
0.742931
0.00000519083
0.0000042773700
0.0947785
-0.00000376107
2630.21
292267
-0.0335036
0.000369191
-1.43299
0.00000977900
-671025
8.14892
0.00761683
0.0000002456430
0.0000466394
0.0489907
0.00000225679
-0.458326
0.0686541
8182.6500
-0.00000781756
554230
-0.0000308932
-61455.5
0.020185
-6861.51
428298
0.616644
6.14227
-8193.46
0.000000545861
-0.480214
93409.9
0.0755406
-4627.82
8.40387
0.00521845
-177846
4.54724
-765.408
0.0000271488
-776.804000
-0.0348282
11.5510
0.000000951037
44827.6
-0.0818365
-0.00000976387
0.861197
0.00000182230
-7835.23
-0.366510
3.42698
0.00396228
0.188870
-1.2297
0.000000180755
0.0000197298
-6545.82
-528.01
0.000956909
-0.000000986876000
957.415
65151.5
4157.28
91638.1
0.335205
0.000000660011
0.000439405
-58269.6
0.527526
-0.00347284
-0.0440556
5567.45
2.85723
50.5639
9659.67
0.000000326422
0.000000389424
73.269
0.000000462377
0.191754
71.8846
0.0218540
0.357760
0.0347574
-0.0691238
5.25948
-0.00842900
-67211.2
-791.728
0.000000890281
0.000000837499
21964.4
0.000000440660
-1826.45
215632.00
98774.8
247140
0.000000553053
-0.000000997954
-8196.65
482969
0.000803880
364153
402.622
-0.00000417605
0.0000005168260
0.084534
-47.8419
9027.35
0.00000439985
0.0000318811
-0.000000240248
0.765712
0.470790
-0.0826614
-0.293971
-629137.0
-96.3247
8288.41
-0.0000234710
0.0000001646000
0.00869763
0.00000142801
30484.5000
0.0942148
0.484619
-79656.8
30466.200
1800.26
-0.0713925
284617
0.00000634218
14305.4
-0.22542200
-69124.3
27.9607
0.000000241191
94.1236
0.0000131347
0.000000570331
72.8915
98290.6
183040
0.000125835000
769.2
681703
0.0000789304
2.49111
-0.00000665837
54.6060
0.000935954
33.8551
0.0097279
1.55423
0.351183
0.695320
67514.1
0.0172444
0.000979233
40318.0
-0.361945
2033.34
0.0615821
43.4202
0.000329294
7.4647
0.0000386843
-0.421022
5210.12
0.00000778260
995.477
0.00000425282
-103676
21.0941
0.0565227
0.00149751
0.93113
0.0104055
-17.4953
419196
0.00375329
0.55488
0.0613778
-6479.98
0.00406161
802.4330
0.0898839
0.0000002792
8.2183
952.603
0.00800507
0.003559800
439.995
687.747
-0.391494
0.00000963250
0.00000015042
2.80469
5.19072
-0.00000375089
-73.7518
950.924
-0.000964526
69.9387
-572.769000
0.00104569
238.533
36731.8
0.00804250
52627.8
1627.14
-649.252
0.00000001964
0.000000837364
0.0203221
0.0684245
-141399
-493084
280.689
46055.7
-0.000574050
19.1351
551.945
-3.19351
-0.000000406402
0.000000989851
-1882.67
0.000266801
-814543
-14933.1
902.736
114500
0.0000007623
-0.00002824070
0.277529
-594.340
2395.93
0.000000802990
0.0000072711
0.0883567
0.000260514
0.03030040
372.239
0.0000387730
74.60570
50138.3
0.000669478
0.000000351651
-0.000014611
0.000130045
68615.9
0.0470848
923160.00
11802.100
0.0454867
660380
5.62314
0.0737976
961.276
74.6339
-0.00877764
-0.000000176145
-0.0114741
-91398.0
0.00000895870
-37.9241
676365
0.00251286
5.83740
-0.0000094359400
0.0569809
0.743503
775991
0.00072987
859950
-2.50059
-0.493822
672.944
-0.00000786381
0.0569236
0.0000424489
158738
0.00586759
0.0000413396
82760.700
-0.00000644615
21.2525
-329.047
56.3343
0.0000704856
-854100
-7.09637
0.000178687
98.7621
0.77589
65808.9
-3873.9
5.12424
-0.00922528
0.00114764
0.0000969328
50.51900
6.87216
898.416
8318.93
2688.28
0.000384686
88.5603000
0.000225813
186627
3278.64
0.000386060
620170
9.68136
-4266.01
0.00000059246
249.109
0.000000605603
0.0000123635
-0.336597
-2.65192
32.2840
5.60203
0.00000180634
351.068
0.00000465070
5.13713
376399
0.00461189
0.0000057190
0.0000126678
-0.00084562
-6713.32
274823
25.1516
0.000282866
821.003
0.000093085
281.35500
815265
-0.170411000
0.103922
0.0392704
80.0226
409401.0
3.637520
-97.0775
0.00000963943
1.97421
-57811.0
83859
0.000088009
-0.000008170300
-15.0087
583195
8988.13
0.0000032159
-0.0000072467
-0.00000056573700
-7796.29
-0.00464196
-0.00433901
-62.4257
0.0000114810
0.000000542513
86.6872
0.0206884
2.66403
0.045145
130968
-0.00173122
-0.000955540
0.00275869
0.867569
220564
1.47953
0.000511411
0.000608741
-0.00920435
7819.67
5.20102
-65693.4
0.125032
-0.0000994634
0.000000424633
0.0031897
-860720
0.000343292
0.684629
-0.0000062926
0.0575129
-4764.11
0.0305421
0.24364
179.370
-0.000000930265
0.00329829
-0.94645
-0.0000868771
0.000233182
0.0391489
742.547
-446195
0.475268000
0.000000181259
-63.7845
-509764
0.0531738
12.1749
-0.000000402488
-0.000705071
-0.000268490
0.0000185522
77478.7
0.00000268577
0.000675280
0.033918
0.000426647
8029.2
-0.00000763893
575.251
0.0854022000
0.000000520259
44382.9
0.0000165513
0.00000938728
29.2124
0.255820
0.000000846113
95915.0
0.00483179
494408
0.00000900854000
-555.61
0.00000971125
0.000010863
0.00501884
99691.9
0.00000055036
-3.01824
0.000000220081
-0.851187
-0.0000623504
0.593832
0.00000610998
513000
77306.9
-4953.92
0.0971734
845994.00
327.89
0.000681971
8744.30
83334
-0.0660004
-8.97496
-1229.65
0.000000522217
188.550
-9035.36
0.000000794798
27125.8
40.5128
0.000000242081
0.00000171555
0.000000191864
0.0541638
87.4243
0.099964
-2.25968
0.00849648
0.00000053888100
0.532930
0.0628253
22.8199
0.0671638
0.000160657
-6.55005
0.00159676
0.000559742
-1818.41
78014.1
7729.40
0.000012788
-5.62309
0.170948
655.326
61.0944
0.000000883460
0.0000231950
315.78
9.51927
0.000538548
-0.000000300487
0.564833
12.21780
0.00792439
58140.6
3.94777
6.34518
45.2539
38634.2
76.5210
33.2893
7.64711
3.09104
0.00448988
4.99581
0.362896
533.165
0.000891610000
0.000000657632
-965.045
-162007
0.000000853753
0.249956
0.921958
99.8074
0.000456242
0.513749
914.443
68.7125
33547.3
-0.00000685716
270.4
0.00601426000
8.21159
0.000143524
-0.00000606235
0.085211200
10052.4
0.00045029000
0.002731920
6.09218
0.0000345762
-5899.09
-0.558824
-0.000679389
0.698758
0.00000905395
0.0023304
174810
847119
9.19089
352.718
-447244
7.62279
-0.00641531
0.000930616
899061
0.00621749
0.0567918
-0.000000079957
-3.48455
0.000307373
1686.81
4652.2
0.00349039
5.05363
1560.12
0.000383818
4.695270
9531.6
814105
0.00000124408
-31.7407
-120774
0.0000895752
0.000000847576
77783.7
0.973170
0.0000656890
0.0795395
72521
-0.00000761736
-0.000239968
0.000034857500
0.000137657
-0.000001616
0.00626457
28.7143
-0.0000574308
8.73773
0.00003566820
0.211347000
0.00000764417
831.417
863955
-813.584
87.4397
72186.6
-0.000000792592000
27.2786
0.00693610
-610.460
0.000923642
0.609698
-0.0201262
0.00577763
0.1763180
86147.9
0.0000179164
23619.6
-3.60218000
0.000788731
47776.5
-5.00809
-24.8475
0.0099069
0.0213482
0.0889075
33289.9
0.00038226
0.00441828
-2216.27
-0.000000439859
0.868848
0.000325368
47.1790000
6342.10
722.303
88.2164
-0.0142555
649.938
-5.03952
-0.000000716449
-12585.1
0.00686237
47788.1
0.420479
-61477.7
79.842900
11001.0
0.000104026
0.0536893
-21.9736
0.0731315
0.00000135779
0.709853
0.648009
-0.195612
857123
467758
-0.000000588407
-0.00016496
706.223
3635.80
0.00792990
0.00776567
17.10
817.751
0.00395942
0.0000557351
0.0239556
0.00353165
0.0000550548
40126.3
0.00000791947
691093
0.0028290200
-0.0000549406
-0.969373
0.0421335
-766.259
0.0965304
62.4331
0.000928807
250064
611.935
637532
0.00000583830
912.1400
6217.340
0.0000195270
0.000346309
0.634288
0.000318101
0.000939577
-0.000000458905
0.00000446280
-0.000927685
0.0017023
832114
59.6417
0.0631823
275582
0.000332970
203856
-0.0000916513
0.00000620646
-0.000000869185
-0.0000118168
81551.8
8375.90
12.5192
-674340
2225.39
282.206
15.6795
885.256000
0.00008338
6655.26
-76597.9
55678
-9.269160
0.0295880
1.4945
-0.0781425
5670.13
0.000423918
789835
134.548
-0.000552207
0.00000286765
-0.595143
23412.2
332754
-767524
56722
0.000124539
-0.00285955
-597.534
6743.20
24.7217
70.7852
466.04100
50.0126
-0.000000717040
0.0000736553
0.00730593
0.0000519526
0.227631
-0.000688118
17130.0
628316
-744.972
0.00000288016
23.1535
0.833135
6.48726
0.00291977
0.0000541786
0.000000582994
7696.92
-0.056300
700922
0.00000687585
-0.00546669
0.00125397
0.0000562775
396849
0.0005119800
-913529
-0.0971727
0.00000300317
0.0435580
-36.898
0.0000805964
0.000685802
0.00034070900
104.788
19602.4
54.7256
-0.000330901
0.000004866
0.141023
0.3664600
7293.81
0.05395
132754
0.00000029476
5.23421
0.00000001875400
2.25712
0.000164852
0.00000716965
2.61188
0.0963197
0.000000932311
0.00707094
0.000409916
454010
0.00000814775
6.90264
0.0453042
0.49196
-337850
932244
180.850
20.0999
-5.64178
0.0000224458
728.055
-74.0409
-914.859
-945217
0.000000433703
0.0000015875
0.0000177681
0.750485
580773
111683
0.000508292
0.0138207
-0.0000438062
0.000000491945
21.8680
-0.00000959295
0.000000420805
0.0000521735
-0.00813931
-0.0267913
-79955.6
0.00759474
0.000510842
0.991974
-93006.600
-411663
-0.0000112270
0.00850920000
0.0000458295
-7390.80
0.000502894
-861.856
0.00000231371
0.00283992
-0.00097697500
0.276854
-0.00000873098
0.804927
0.000788449
-0.00472384
-0.0516065
403850
0.00631118
0.000004693050
4.06561
30.0748
227.535
0.00654963
0.279621
47667.9
0.000000081918
0.00856047
0.309168
0.0000613301
0.000000204512
19.0924
57.3135
-31.4076
0.00000513936
4474.90
-0.00000577834
0.0000744814
0.674680
0.000000521481
89352.4
69163.7
2.99708
87.4009
0.000000890761
0.0000606248
0.0001967040
6408.92
0.00000727836
0.0576748
-8.57204
-1881.37
-0.00000356088
-328009
0.0000317109
32.7830
0.0328756
974854
42.0181
0.00000927780
46267.5
0.000754343
50183.4000
4.9835300
-6.04829
9777.20
0.0000641122
0.000000173116
-571.440
-0.918270
747430
66524.00
-0.00521984
-18.7194
97.9837
0.0000805670
0.000000016458
332824
0.0239004
21.2818
0.0000041162200
964.305
0.000000942385
530.692
-25826.8
-814.287
-0.0000097048
-0.00050993
0.00000394283
9829.62
7606.59
0.0000896445
0.487278
0.00910606
0.00663054000
6.00858
0.0307150000
2681.52
6.99030
0.0000459713
-0.492240
0.000682370
2799.7
4320.52
0.0000663705
0.00000084659
0.00000232137
0.00596642
463945
0.000000331975
-0.040876
-5666.10
-0.0388017
0.623717
-0.0000357734
7701.52
6.9316700
11.3789
62029.4
6.98752
7.22954
0.00000881734
40238.7
76192
-0.000451588
0.000000813409
4984.92
8.78705
-0.0579275
-0.37624
0.000580264
0.000404707
-0.0741136
-839.2
0.000837460
0.00179683
0.000000123885
-0.00489188
2.14190
-0.000000804513
0.0496249
8.68554
19291.4
1568.26
0.00595025
0.613604
2.40129
-2488.96
658258
-909450
-0.0000685238
0.00000416200
-0.796348
-0.0895942
-0.077466
24.4123
-89072.4
4.40068
79900
8796.40
0.000432852
42.7820
-57655.7
-775681.000
-729.962
90.4620
-110.958
0.497920
-0.000025535
378328
0.000000980334
-0.0000388536
0.0000032131800
0.000903165
0.711509
0.00704767
-0.000000908250
0.000991125
5.72659
92713.2
-6381.960
-331924
0.000506158
0.372391
332783
-0.0259832
0.000000578799
0.0440183
-42226.1000
-61278.1
7.21642
0.000000829006
5427.59
0.0000008765170
-0.00000023711
3299.90
0.00000507923
-0.000000797245
-42.0363
-728.142
0.00613676
-0.955864
60868.8
0.000654207
-0.0000146403
-0.00187786
67.1535
7.18476
-0.0653106
0.000938138
-86.3369
0.0773743
0.0323633
9.628990
5.85302
0.00093586
-0.220511
688608
0.00000807727
0.264243
482424
2.08665
683904
394435
9794.58
310.562
0.00167924
0.00000665156
-0.54874800
134.718
206.002
0.752187
5044.42
0.000159113
0.0713986
-36028.8
0.00000729383
0.000000275832
546.472
52470.7
0.924834
0.00000617123
792.625
0.774922
0.00520351
0.000417670
0.0759643
0.00684422
-0.00000606481
0.000000418191
40668.4
686726
0.0000579913
0.0000810064
0.00000600196
9782.02
-1.92925
-3584.4800
0.000000861067
0.811591
1893.74
4.57035
2.32435
85514.5
473.571
32.5489
577031
842.448
0.285437
58953.9
-1352.45
8.39399
0.0000003854
0.000000448619
0.210389
48.2555
-5.48884
7012.38
0.00085532200
56.4018
0.000314685
-0.0000333
0.0000620567
-0.0000947613
-0.000000924169
9.24225
46759.8
0.000961669
0.00635161
-1849.27
0.00822838
67612
-7959.39
904.812
4067.79
0.000000455203
0.00000281225
0.821824000
0.000000582823
-0.0000465347
-0.00000392456
0.000466032
7448.44
885.705
0.00257479
-0.000000699593
0.628415000
448029.0
82281.3
20.1458
6636.01
572659
0.000000875691
4423.71
5.64973
27813.2
0.00559066
247.212
7.60363
3.65575
-0.398940
2.55282
0.00000935450
0.00065879
0.0111613
0.538992000
28.61550
670.638
-783.77
874300
0.0644704
-2.500880
-0.0000420463
30.1907
0.00000202362
0.00000340001
3576.4
-784467
0.00000496190
0.000043115100
3534.06
627.155
-93.22
816.077
8.05895
86.4493
0.00000392044
0.0918538
0.0007221130
-90.8994
563790
0.000238845
62.9079
80.4357
8.69442
607.950
-0.00313960
0.000000579735
0.685612
0.00000881684
936.58
94.3386
8.59108
0.000985800
0.0945541
0.00000761924
0.39926
48475.300
0.00900011
0.682783
0.0000583436000
-5.99134
-0.161670
0.00000479098
5145.0200
-0.0000784696
304367
-0.0938618
0.00022893
0.00061490
-0.000000622883
0.0581243
3404.07
-0.000000961360
0.000071961
0.0000712654000
0.00969046
0.000000113781000
63580.7
-0.000315094
196892
8.16968000
-51911.3
-0.000850946
-0.00794503
2.21178
9.57614
-55129.20
0.000000762174
0.00002288
-0.000000423967
487.912
0.000000897751
-142.344
0.498957
490.562
0.000008806980
-9.73007
-0.0043622
45118.8
8138.03
0.000630986
0.00000699666
-87282.6
0.0000060443
-242290.00
0.000000063623
0.0000025540
111098
-0.00000158845
5.82876
-8.21457
-0.00000065376300
0.000000601025
-49897.3
983729
0.000015820
6.78294
-6.89887
49.2761
-685308
354.0520
0.0000380493
26.74580
80593.9
-763.30
0.000000263384
0.00000430651
2605.95
-4.42785
2.31951
0.0000694308
0.000176668
0.80065400
-0.0000105240
98558.9
0.00000290517
0.0000673386
0.00000469666
197420
0.000000191703
55.8269
2.98274
0.0000690580
0.00000446621
7.09926
-0.000808717
90.8170
-0.0000871835000
321654.00
0.33728
-829334
-0.0692483
-21.6621
0.223366
0.00139014
51.2974
-0.000727467
0.000132786
0.0000332125
0.00000245044
-129.533
0.0000443045
230383
0.0000982184
0.00255303
7241.2900
0.0000042471
59996.0
89194.900
0.000399385
0.59470
0.422564
0.00202487
0.846245000
-0.000000908001
-0.0754185
0.0000032677
0.000000376872
0.0000457518
-885030
0.0000626009
90.9053000
-0.00403476
20275.7
83.9999
-19.2978000
0.226598
269229
0.00700690
-6812.85
-0.845568
0.00403476
0.0000478237
0.000732357
0.00000489507
0.000000578721
0.0819364
13.1892
0.000000673371
0.0671720
-9983.65
236447
5.77953
0.000477289
2391.23
9.54686
79.4596
-40669.8
0.000414328
0.00627840
0.000000956298
0.0169553
0.000000619635000
0.0843572
0.00000233891
94.8262
882.575
-51060.5
0.000000218331
639.536
575.416
0.000000333987
143949
0.00000319647
-0.00000836634
-0.000000076235
-0.0766143
0.000000651959
798.759
-0.00224074
-99335.6000
2.51471
0.0000005421500
0.000000265975
0.000532732
-2427.02
-419728
89747.9
0.0063253
74415.0
-992583
2333.3200
-7019.66
-0.0023275
0.0000538358
0.00692100
0.000170060
-293.029
-0.0000317832
753.095
80505.4
223.127
-0.0000894268
0.0043756
380899
10.4106
0.000639652
0.491762
-998728
673180
3.0295
0.00000282296
0.000383454
16656
0.000000075555
-0.00350922
725755
0.891609
183.060
0.00433901
0.000651407
478031
0.00000061757
5.9169
0.00315064
0.0610089000
0.00913024
0.000000755768
-0.0724592
0.000046750
70981.3
941.175
0.0286419
77470.9
-4.23559
-6.04403
0.00000748588
0.441403
0.000302531
0.00834345
0.000009041460
0.0805830
0.458150
0.000004949460
3.04447
68813.8
0.00000663290
8.37872
-0.206843
0.0000481917
0.00000968126
0.0000593385
76254.30
-82974.6
4.85082
235.712
762337
-0.000743473
0.000000715156
0.00000682638
-0.000000101208
0.6238450
-0.0000144606
0.0564807
3.48920
0.0000235981
0.00252424
0.00000968608000
79078.800
0.0771953
6993.9200
958887.00
0.035097800
0.000000066803
19704
0.0000065492
25.3758
80.241
-905.048
-0.222845
-0.0000662611
0.00000528030
1.72882
0.000905545
-0.025983
0.000855306
857390
-248212.000
0.091979
7.77797
35.3427
968951
0.000000762743
0.763201
-6.63208
0.00000253682
0.0000959505
0.000002100680
593040
-0.0000291400
-0.000945426
0.000000057836
170.034
752312
0.00000395285
-101819
0.007931770
-0.0068429
91918.3
-0.0051916
195.571
-63027.7
-0.0000196977
0.00000538943
-0.0330964
0.00000241160
-0.000384385
0.00000188824
-0.00000692871
0.000000086132
-28704.1
0.0000749326
0.0019443
713349
9.76892
-52.2338
-0.00000425069
25.5452
0.0258888
-165405
0.343810
-0.0000182565
-20.4513000
0.000000809148
57.3205000
0.0249038
0.000000493979
48484.6
0.000000698508
489298
4.93688
72848.9
0.00036733
-86.8791
0.00000803282
6.31120
0.000000632512
0.0000586599
96.2922
7.98106
0.00000728336
0.0000887414
0.448113
404.78
0.0840453
0.361288
3.93327
-4070.38
0.000728411
6624.14
0.000488571
-2468.85
0.00000414260
99.274100
9821.1
455466
-393.103
542978
9223.8
-0.000509211
994.5700
-2266.05
61.6455
0.00000015084
0.0000699287
-0.000000879305
77057.4
0.00000219468
0.209916
812340
-0.000975136
0.00446999
-274.955
0.628745
0.517917
0.0430375
417315
2653.04
7.46136
0.00000258759
61997.6
-0.00000055939
-0.000000072957
641784
8.22641
-0.000210131000
0.00999855
0.00442346
0.0000458871
0.0000629402
0.0000625961
-4.66698
0.0000847601
0.0937487
0.000000346887
296234
-0.743855
0.00000128132
9.76595
827.504
0.441110
0.000000341066
-0.0094458500
0.000000135715000
-0.0000109996000
-0.449312
947807.00
60986.7
4.2928200
0.0951574
0.000725593
-0.000000031664
0.0000559821
0.000206257
93340.6
0.000000565527
0.013935
-15397
-0.000012755
-476.331
-3682.8300
0.0000789494
-4.99836
431.583
582833
-5.02888
0.0091615
531.33000
81.3380
5.4794
3520.49
0.0299797
0.00000630483
0.000512142
3.3849
0.361802
761428
65950.5
60.085
-0.145940
-1079.52
1.14302
-0.000000386902
0.00000798424
0.00000471394
35.2052
-0.00604588
-29.4790
-0.00767495
0.0000092030
-18945.6
3.88689
20057.8
-41.5245
94221.9
0.0642504
0.00000317762
-5412.91
0.00169644
496.492
-0.000074006200
0.00000183359
0.0339923
0.000375495
4.00705
-5638.86
76680.4
1467.17
0.406069
7.33898
0.00597421
835290.000
0.008224610
-8173.55
993.598
-652356
-0.000196119
0.000000896111
-0.0431815
985967
0.193610
727071
-947.833
546240
0.0000999934
-0.000000370177
0.0295358
41656.4000
0.0861065
-21798.2
0.0000446087
82.2820
0.000973572
0.000390449000
-0.00000595998
0.000000395933
4.96486
21.5959
0.000000329989
9.3654
624.386
-0.00000480813
0.840414
0.000000747497000
0.0153248
388460
-19.6400
0.000170901
0.010215300
188737
92.1355
63360.40
0.00000241467
-0.00000870607
32.1036
-785.858
-0.00400669
-9.84812
-0.0309441
0.0000569510
0.00330235
0.00097637
20292.8
0.00626591
0.95148
0.000090526
5.32828
0.0000012204
0.0000516182
5135.52
0.174229
0.0000349806
-0.473289
-0.00000934337
0.0000629154
-38.1836
3632.41
0.000747352
6934.93
-0.000000434579
-1541.48
4405.0
0.333577
0.0580626
0.00441486
0.000000454974
-0.0419581
0.263986
-0.000509220
0.00000713451
802354
0.831790
4363.00
-0.00999343
-0.000121596
6490.94
-7.1170
0.434675
0.123969
0.000000007278
335.351
2498.64
0.00561722
10280.1
-18.2537
0.9024380
0.0000668020000
-75.8093
0.00000603893
0.00644929
0.00796108
0.00426693
32.7573
0.000392531
4550.76
-890561
594785
69.2240
-9.21703
-0.00000975244
143210
2.38151
9.76676
-4860.20
-0.000000017183
5.05518
0.00224846
0.0071274900
56.8900
990.003
0.0000031070
0.0039099
9695.53
0.0007557640
0.893842
0.00698692
0.000000104847
63528.2
899863
0.0935439
0.277036
-54.1887
-0.000000149671
0.745817
0.00000285677
33675.9000
-0.977338
0.00000323651
-0.000002034
3461.72
0.992879
21.9517
-61.6255
0.00000226242
-0.968238
121.190
1.3983900
0.000000228759
-30603.1
19336.6
-9036.83
6021.00
251500
282.853
-0.034403
0.000000462926
225.323
363.540
-355770
94150.8
-62.374800
4.05673
1165.20
0.0418590
8.85862
0.000890934
-4871.98
87079.1
0.00000401387
-0.000000785913
0.000905552
0.0026043
0.000000169317
0.0463286
0.00805645
-0.00000172343
441588
5486.88
0.000260812
686.423
-0.00216667
-62.4474
0.00000148909
0.00844919
0.000182365000
0.603562
61645.7
-32883.7
-2.82748
-0.0099259
629142
0.303214
0.0000169376
-4.59141
5.99605
9.61851
427.751
0.00729736
-61.5679
0.3623350
0.133558
0.0000230823
-0.0797910
742.1960
0.0820136
-0.0000968913
0.000000021705
-379.062
787240
76.0931
0.0349670
-0.050287700
-0.00798770
833071
0.000000992658
-840.189
1618.36
969.368
0.00000319029
0.838767
3.60030
-0.0912196
0.000292167
0.00790820
0.000000467296
0.0000026438600
-0.0005479340
60918.8
0.0785164
-0.0000281542
-76867.2
134236
-5869.97
27111.5
0.0000524602
91646.4
4842.86
62477.2
0.000000620336
705.066
4923.41
15.8143
-0.00000081837600
-0.00000055991
367047
0.000000632830
0.000007858680
815930
-2.2653200
47.72640
0.00800447
0.00000499389
0.000000751596
-0.081470
8.3107
379566
630491
32.6735
0.751511
-11510.7
-673.691
25.2324
0.000961482
4.08855
0.000000099551
287701
1735.67
0.00265112
6912.49
-0.000000520013
0.000223791
67.2691
0.0000877257
0.000012267
-208765.0
0.515059
0.00806935
0.0000900539
0.448893
0.000000215887
-0.0922025
-0.00000847657
-0.00458805
0.00000175376
779241.0
0.000334611
684929
309696
0.000924971
9867.55
-674.651
0.728408
-0.000000912915000
31.8409
28.6584
809920
-0.10044
-0.53439
5326.53
0.00000147465
-0.802811
208.189
95.92160
96264.4
0.808312
990.31
-4.18070
-0.00245771
-0.0000120926
0.000000090002
-0.000000384098
-529887
98.429
-92.17480
61.2614
-657246
-9.57898
63.6575
-25.4966
0.00393409
9397.48
0.000000575540
0.00841747
0.000000549298
0.556245
153.69000
-0.0000835914
0.00000604888
614.932
0.0000921268
0.000572756
714.7590
8.32583
893.152
0.05896
0.957726
0.000007190120
427550
-0.0965139
72792.9
-7282.88
858.816
-0.00811796
0.0000801220
0.000413555
0.00099484500
0.000000182642
42121.2
0.484472000
2.46590
0.00255871
-0.00000856692
0.709780
-90.1347
-0.00000772173
67619.5
0.00000799571
0.444355
-0.0119385
3.00495
0.089041
-4278.99
0.0000838299
-0.000008147010
0.000000283004
-6252.99
0.222631
297.475
-0.00155253
57.0207
389.9000
-1.95624
0.209924
7.52919
-0.00380196
0.00377166
8041.5400
0.00830902
333043
-0.00000789997
59705.0
-0.0752196000
-0.000000874773
0.000000792608
878502
-5.4737
0.0000441262
-0.00436984
0.00953067
776.243
0.00715189000
0.0000233957
0.000363406
-0.000000833939
0.0941797
354576
0.0000896484
-79.1541
0.07879140
-0.08689120
-13375.7
-658.410
0.00000340279
0.0000037797
41.06260
0.000000799290
0.00742913
824569
0.0000841738
0.00802666
3298.22
7074.19
0.000000743071
0.000702911
3627.36
0.000559971
0.000000119712
-0.00000425624
-0.00828733
15.1279
0.0832881
0.000000634201
0.00213392
-0.0577514
573.349
-991.681
-92.7141
-79610.00
-0.074817
146166
0.00000913338
3.59804
499.986
2816.91
0.122758
0.000000218347
0.000000398420
0.289165
0.032346
0.000000463395
0.0000199813
0.000000902603
-106.153
96.0745
-0.128775
-183.33
0.62639400
0.0000906154
0.00000145417
-0.0000015303
0.0000694543
0.000007582050
0.000543135
0.0055546
0.00742005
0.00000009706
0.315115
55282.5
88815
0.000935989
0.00459810
27.4190
0.919780
0.00000941097
286142
0.00462995
-0.00137941
-0.0000967728
-700852
60212.5
-68.5131
4911.51
-7621.77
5168.71000
12648.2
0.00871566
0.00312595
1449.76
0.000000892628
390128.00
0.000918259
0.000000943506
-0.00336224
-0.000028064500
-0.006091190
-0.00139640
0.0000847448
592.194
-782420
-0.00000175096
5.63826
4368.10
5319.84
0.000000107443
0.00792208
0.303744
2559.79
-0.00000934794
0.0816062
3.60139
0.000000250067
0.00000069114
0.00000975238000
0.0704251
27305.8
6.3284
-0.0000738258
-832220
358195
2.09659
6.3363
0.202884
-494621
-996120
0.00000064967
0.68658
0.000000339086
84418
2.40863
0.061965
601180
-953084
0.000146847
0.000000023098
37.5815
-831908
-0.00174725
0.00112522
-4.7279
0.000000779668
2919.64
417257
37.4269
0.000000542857
-0.000082783
0.0000087843
692.372000
-4.83217
0.181014
726.113
0.160646000
0.00000667978
667.069
0.00387732
9543.76
45544.500
0.000478218
5.77722
0.026398
0.0000728744
-0.000000070024
57058.2
54.9803
0.00000509613
0.000000349519
0.000765361
0.00106829
0.0279481
705.018
65036.2
0.230395
0.00000282171
840048
0.0000375694
0.201496
-0.000699105
6.050800
0.184464
0.000000019696
0.00667948
42585.2
-805504
0.0672313
0.000000385963
0.000000882256
-0.000699393
76198.6000
-848992
-37.3153
0.00000638535
0.00575009
2558.72
0.00000737819
0.00000925412
0.0000503403
3887.10
0.000000685227
0.000000025514
0.000418260
-0.00584859
0.000728575
-0.0000004586
0.00218896
9122.25
-0.0311135
0.00000160469
-28.8309
0.324206
0.278365
0.00000158239
59501.5
-344.483
0.0798940
289380
-24094.7
7129.08
0.0000662771
76588.2
0.000000176764
0.517294
-80.5091
0.0000705127
0.0513696
285771
3.40200
-55.2651
0.00689071
747.561
0.0000827382
7016.98
-29.159
-0.00000542774
-405.499
1753.44
540909
5.40864
0.000718212
-0.689733
0.0000601850
4219.10
-0.000000887215
0.0000771679
0.000446341
0.000467745
-0.640417
95.9962
96427.5
-0.000167462
-0.0136017
-1300.30
86.036
-7896.7
9298.62
-3.80163
-0.0004246330
0.000000182938000
318.015
85.0051
395450
2.22455
-0.486496
0.757354
0.0468328
0.000000560954
-6814.43
171363
0.0547118
8.42748
0.324103
6653.33
0.000000963613
-0.000000263847000
0.355944
0.000286771000
-218297
0.00000566497
0.0000620174
0.0600856
-0.00495370
-5336.26
345370
0.0000112276
0.000000833347
0.0337955
0.000000932789
0.000906404
-6.53063
3.56965
0.709000
569.88
-0.002366230
0.403580
4524.56
153.798
0.000000723317
0.0000890309
0.00000694496
0.0000449832
-35.4976
-0.000629039
-0.00000775332
0.00041025400
1217.89
-0.000000816862
0.0000726453
0.0000949596
0.000369978
-0.000713651
0.00000587093
-0.0312784
0.00000035482
956582
0.000000764390
733.730
17.0229
0.00466186
7.72999
0.000000139982
-5856.54
-936.417
67.4168
0.0027879
13618.6
-0.0000826468
74.4649
641644
0.00404929
0.78553400
0.0185436
0.000000955605
-0.000000031109
0.0370161
0.0000222667
0.0000666903
52.3488
-0.000000949435
3396.10
-0.000057934
1.33781
0.00000317195
0.000000410502
620.881
-0.000976678
-0.000617598
32673.2
0.0994515
-8507.25
0.000000104890
-8063.01
528.561
-740470
453.034
779.430
-450010
0.0000397477
40.2938
0.0000793560
-274.74300
-0.0000407452
0.000339395
-453993
3.92383
24700.3
908377
-63.2348
873.284
-0.00000267383
-73.0041000
530764
0.360637
0.0000399002
-0.770763
0.00000375283
0.030054
-0.000000807713
-0.000864599
-0.000000116363
-0.000787052
0.000000603486
0.0000256064
655.157
0.858757
4844.44
0.00000526437
-742.283
0.035340
-907.479
64496
0.181605
0.00000721887
-0.000440779
53.0806
0.0525165
0.00764793
0.88445
0.00773743
3523.51
0.000000508699
125870
0.000853039
61.9540
2.23082
59906.4
371111
1217.02
0.0000068428
75137.4
-0.0000903749
0.00000687121
-28493.5
-0.000000699508
127.987000
0.0000905104
-0.000000648336
79.5333
-0.000000184457
48057.2
18150.3
957751
77346.1
-3.39673
0.0000916832
0.00099811100
0.000235080
0.000000100291
8.62363
746.110
0.00000172322
0.00000447347
0.315956
0.59052
62.7434
831625
0.0000202996
0.0000612327
53.3445
45707.3
83.9808
-0.00692898
5582.700
-750034
0.0000659821000
0.00408194
474294
0.0087220
0.000000330385
21.8778
78.8037
0.0000279582
0.000000454509
-167886
281.274000
0.0271117
-0.0921811
738.753
0.369802
7674.91
68044.3
0.0061072200
91.9160
-0.0000011624
0.000000044059
737984
0.056089
-0.000000450553
0.000897324
7.87860
0.239374
-0.0349478
549.57
0.000686365
0.0034353500
0.00708715
-0.0000015370
413230
-0.0000937388
0.000000646153000
54910
-311487
-0.00000125571
89591.6
4.28339
0.61964
810546
93904.6
73295
-0.000719337
-5724.770
43571.0000
183615
286.943
0.545114
0.000000989272
0.0589133
479.613
-553.047
8.38341
-0.0000519880
0.0681872
6165.97000
7.22895
-0.00000249911
0.0000637062
-4.29157
0.478874
-0.00019366
0.688581
0.000004242230
-0.0441986
0.000000446018
17.2151
33756.0
-9.271
0.0698572
0.005667170
590351
791.368
50.5059
0.00000404142
0.000000726802
744.301
0.284940
583463
24.4807
2401.24
0.00942380
-6523.10
59703.8
-5215.07
0.0497666
-94786.7
0.000482050
0.69457
-0.000154693
88.2748
-50037.1
84236.1
-0.00578140
0.0342565
758275
580.502
0.000000186604
0.00855770
-0.0817995
0.0000138940
0.001631200
-418.698
-3180
-0.0232271
890.541
0.00000026812
0.000265014
1281.49
-0.000000815639000
0.668123
8889.28
-0.000000934761
-59674.2
0.000659879
0.00000347529
-1002.4
510257
-0.000000006211
0.000000240693000
-0.00000227889
749434
0.521703
7.78551
9.3537200
-0.000202658
0.72203
0.0000471095
21804.600
4197.79
0.0000254111
-0.000726567
-0.00569944
-0.0000341402
0.00000830772
0.000000070835
6.56107
671678
-0.00009436300
211.928
508.631
0.000000631564
0.00626762
0.0000195005
8.03325
0.00000626887
0.68282800
0.005163
0.00000046794500
0.00605250
4853.01
0.000842978
0.99427800
-235.1
-0.00791059
94743.9
0.0000525676
0.000098592
0.0000383922
0.00177726
-0.000199907
0.0006894030
-30090.6
3342.94
314.249
7.9901
0.00513854
-0.000212698
60.1945
-0.895088
827.787
0.00516803
0.0526250
0.000000182697
0.000708549
0.000968697
10251.1
0.000679728000
-55.430
-774629
0.000147080
150.91
-122.13
0.0856449
-766207
0.846764
88394.0
7483.8
-3.47930
34.1742
0.0000488246
45742.9
8.58684
-0.000000691401
0.000978596
0.000317447
35436.4
-0.0609977
8213.70
-0.0000087190
-10.7032
0.0000107497
0.000000092284
3.40242
74.2593
62.6779
755266
0.0000413363
1694.81
31.8642
0.064156
653146
664371
0.358384
667478
2690.0800
0.0000575058
547.938
0.000711112
18297
45.1103
0.0000168454
15.4888
-0.161330
0.00000570955
69.801500
0.00567975
0.00566034
-0.0631593
3713.800
-0.000194217
-3120.17
2.76492
0.00435065
0.0271403
0.000797954000
0.530936
-817.828
118.434
813066
454802
0.685850
0.000000531167
0.00000805672
3.862610
0.00851448
522850
-976465
0.858307
6994.64
0.000787686
0.00000846958
-0.0522559
4775.20
6.2935
45.8083
-24.4492
14.6440
0.00416369
-1.6235700
0.00695664
-0.00000055421
0.000345708
0.000000550199
-0.000000323490
-0.690921
0.0000441249
0.000013876
233.407
0.0558913
0.392722
-89.6654
3379.01
0.0000758878
-0.000714433
-0.000000032240
672103
946829
-792129
-2849.68
661398
-150801
-0.00000023042
8.84304
0.00000783136
0.0000450434
674.874
174.731
-0.00293038
0.00441003
-972311
791490
0.00002615010
0.000751361
96.8298
693.225
0.78640
-2096.67
0.0000395374
522.907
-19755.4
0.0969278
7568.22
-0.877305
-0.00000263747
732882
20283.1
0.00000738542
6.7954
40.866100
0.499665
738110
0.00191054
543.994
49.3060
-0.00000326256
0.00000281561
-3.14137
0.000000933433
-95349.5
56361.6
24.2717
0.0062065
8680.37
330.694
0.00000981750
0.837065
217.283
0.0584103
0.0000824076
-94.9010
0.000765218
0.0000949366
-0.000000667783
0.0588180
-8548.47
0.0000355150
-1294.39
0.789974
0.0000464691
58531
0.292650
0.0000805705
-797.242
902.897
64146.5
242.324
44180.4
0.0000822477
88.8741
222.130
0.0251746
-6924.61
0.145333
572.941
-261.126
0.00409567
-0.000000640864
0.000000819501000
-0.0229377
0.000000875052
-576.502
3338.21
-0.0208154
0.00000226224
3916.4
0.000843867
0.000000843358
0.00000959748
-4460.97
-0.00898338
-0.891476
44.6641
0.0069460
572.046
0.0888347
-6.78203
62.4576
49892.1
0.000000159876
60.78840
0.83428300
0.00000260810
0.00000238492
983.65
-53.7994
-0.000000871079
-7.92968
-9564.0
0.00329282
0.0000191782
1741.3400
0.000240837
0.000111355
0.14233600
-0.00203167
0.65870900
0.000000078765
0.0568739
65247.9
0.214300
0.00000821283
0.000000671575
-0.00000089028
0.00231136
-850362.0
0.000689120
-0.00000654792
103720
25000.5
0.000000969909
-0.0074463
504.294
-0.000353748
20.032
0.0675458
0.000000124079
-295.597
0.75806
-200590
0.00000234263
-0.000347011
0.0000455796
0.00367363
0.00051213
471.090
3252.61
611809
-0.0590306
0.0879306
561646
0.0000635456
0.00710527
-0.0000952708
-0.000000541609
434.730
-160.913
20.3786
-0.0000384732
9957.34
-797682
2973.72
0.000588163
0.00740517
0.0585383
-154.968
32708.20
-396889
-69002.9
64.5677
-0.079081500
-0.736128
0.000326754
-83781.8
87243.8
0.641138
0.0946900
145.030
-0.00776186
9.41384
-0.000000990786000
8.78829
0.0000361740
0.005858830
6.90201
-0.000000985123
0.00556968
-0.000139547
0.907893
-0.0874152
103033
0.005794070
86771.0
-738.144
-0.00000868141
0.00809850
4345.40
0.000747769
0.00949917
4764.30
0.000485633
0.0692552
9919.30
873746
97121.5
46.0782
-92.6627
0.000000736547
-62721.2
0.00000252588
2248.72
0.0000001036680
922.6340
8.49940
0.353138
0.0935650
967831
0.0396839
0.388125
312.684
0.000249457
517.276
0.500693
8.24681
42.0474
-0.00000847911000
0.000074472
5519.07
65.4291
0.000290170
96719.2
0.0275828
0.00941611000
0.000000076106
-0.0786313
2473.05
-0.285041
262.502
0.00000519536
7193.5
0.413780
0.0506055
779.553000
8058.60
-8529.34
-0.0931083
-197669
0.000472018
92.0331
0.237238
-705591
4294.84
97216.8
-834.240
0.00000511623
0.0000478203
0.0000043020
575.169
0.003003
0.07074820
-0.00235077
0.756405
-93364.7
0.000708973
0.00078961
0.00000100919
-0.0000642392
990339
423.72
-0.0977827
7.55945
-0.000000371979
0.775098
91.1278
0.432336
24110.3
0.000000663594
0.00203886
-710360
957320
5733.71
99952.2
99450.700
-0.00000755608
-0.000828871
0.969617
275057
-959254
-0.000000130202
6386.2
514.8670
7004.52
0.519363
33449.4
0.00000600123
0.595936
0.00000752250
-4.38937
-0.0000676597
89.8287
0.00000560140
-0.00000918678
0.0362996
-0.000000559872
4068.13000
-0.000000841705
-36.2530
-973701
7516.03
161.705000
7117.32
-0.0000478916
2.71461
-379342
-0.00000742111
7.76182
-0.00164992
53340
0.00000740902
0.0363452
0.000358537
71.81130
0.00000210513
0.00957123
8.31737
2429.97
0.0000496069
-0.00000622114
-0.00202614
-279.750
436.172
0.000786254
39342.0
0.000116207
0.623142
3942.66
0.00269159
-0.0000463692
436.500
0.000285103
-0.27159200
-737.461
0.000000727023
-0.00000727599
95.3333
0.00000594748
7067.05
14874.7
9378.39
211178
0.0521273
-0.58254
10.0957
-0.152189
0.0487900
468.606
71000
0.004425950
72.0023
-58236.6
767.898000
-3724.61
0.000815023
0.0000371148
489684
0.0000358840
0.00991782
-819.001
-18.9607
0.00000584399
-0.00000731724
8751.40
0.000609484
0.051188
0.00232162
0.00000023547200
0.00000836803
0.0000556714
0.0276937
0.0165922
-0.440839
391413
-0.00899075
0.0466941
0.0000378071
0.000000540253
14286.4
-0.0000164151
6.37510
0.00227736
4907.17
0.00014398300
-0.805027
0.000000852942
18.1053
0.869413
0.00000921167
-40631
606.831
0.00000393517
0.0464018
763.740
-0.00269177
-0.000000555383
835.762
95.7214
-0.000000664875
0.00761696
-2.37847
-0.0434023
-0.000000781339
0.000787597
46.5808
110439
74538.9
-0.00000873322
-0.0600593
0.543779
10668.7
0.000000480399
98585.0
241.321
7509.1
-0.614954
-0.00011920700
2.42481
0.0000420008000
0.00000917556
0.0000326170
0.0000496702
0.00000433472
-871.001
0.00156223
38360.1
-49.3695
-0.00638341
-0.000158004
805.917
3.48084
-0.00000679593
8921.52
0.362685
0.928543000
3.86883
3.93854
-0.0972528
0.0000552224
43.7659
426.041
0.000005993500
723855
0.0000677591
177.667
0.000000979957
83323.300
0.000897175
5.14824
-3484.66
-26.2487
0.00173175
0.000000994365
0.00302912
4.79627
0.439105
58.5434
0.859297
0.000380057
221030
0.0000792884
-0.0347338
-0.00282432
58281.6
443038
5.91496
0.0377914
142.998000
8.49478
-24639.4
0.000460915
-0.744273
0.000175375
6.51673
-86.570
-130212
-0.0075102
0.0000395892
64883
-31.0481
848.480
3.51740
0.12710800
2241.19
0.00000241777
61274.5
0.000000586585
0.0666004
728.529
-485356
256862
0.000000561075
0.0000308051
0.000960556
0.00000460421
-17.7926
-529.761
0.320636
922.252
450.203
0.00000151095
0.000000823422
2.28692
330.16
-0.0426645
-731.017
0.00361977
-0.231081
16.0699
-0.00718800
235525
0.0000573566
0.0595437
0.00000754419
19.2283
0.0000288370000
0.0404873
-2418.84
4.55617
-6.62724
-0.357806000
-7.21633
0.005413820
0.0496271
0.043169
0.000000433212
455590
-0.00000304931
-40.1579
0.00000208216
-120223
0.900574
3.07025
0.00000532585
-75247.5000
-9664.26
0.00000723333
8.63500
0.00859873
0.750894
-22.8053
172126
0.00000895217
0.00008005100
899567
11.0125
9529.51
0.000000292937
764.819
3.98862
-836329
0.000000859108
78705.2
0.00000372096
74.3587
76.5585
0.0551114000
0.00000762664
-8060.58
86.4674
0.00000654659
0.000067430
0.0019986
0.00856137000
3.66373
0.266321
0.000000776471
0.0112404
20.9091
0.500522
-0.00568895
999.696
617.600
0.000000889839
-59.7718
72.6583
77.2814
0.000000869887
236047
399.921
7.68635
5887.800
-0.00000065538000
-4.01517
1823.0
-16123.5
-7441.920
0.000035588500
0.0471481
-3.74458
22.835
0.00506114
0.00781195
-8004.14
0.233968
-3.44199
93166.7
776558
0.00000623204
904089
0.944478000
-0.00421302
0.0000866265
58.2133
138779
0.000000705497
803.036
0.000291291
-0.00238632
0.000487950
56.5472
0.066108
9.50323
74024.6
-0.000000497515
4.91985
815.03
0.0000017539100
715870
297.8
0.0000108976
61.7555
4.13650
-597003
0.0000393826
-0.00000543445
0.946173
-985.64
448.65
0.0000017039
2.08938
0.829918
-0.000681633
85.5760
0.0000783947
0.0132143
115.791
-0.00000831257
188712
0.000000720288
0.000000613194
-0.00000329537
98.3331
-0.00000224370
88.4785
0.00000473199
1284.37
0.00239709
-15368.0
0.00000375956
1979.80
9189.05
0.07201350
-0.0000035490
-65570.5
4485.31
0.00886068
-0.0742737
36480.0
-0.00727033
915.782
632824
0.000000450669
-0.359281
0.0450717
111437
59.791200
68753.0
-0.000588832
0.105412
426.128
0.0713943
697410
0.00276783
0.0139109
-0.00000895066
0.00772735
2.14060
-0.00854860
-0.000431822
0.00913189
-0.0000418883
0.000289952
1.08380
-90.7283
0.0000906841
0.000621913
4.0818
870742
1653.70
96.1344
0.001137950
45877.0
-0.0175800
0.760976
-0.277907
0.000000594572
25227.90
103.912
0.3613870
0.718955
42633.1
0.000000367777
-543828
0.00000163979
2.07969
0.000000083700
172.16
-0.000987663
94236.5
68316.1
-7.27615
0.00572169
450461
451.481
95265.6
-0.00000202334
-0.000095751
8353.88
653.474
-0.0000321863
898853
-0.59975200
0.00000984783
0.000000066836
892.713
0.000000608629
-0.00620180
7.187150
0.0000075370
0.0551187
757358.0
0.171457
-0.000002224980
0.00000036624700
168378
827.783
4.0847
0.0822047
0.000000186202
-0.000159572
0.0000462149
47.3993
-0.00000443314
-6.416160
0.0000803148
0.0000631192
129988
0.00000656804
31695.7
-9.314030
0.000283189
0.0138370
4820.43
58.4540
0.000140963
-14349.6
-0.000000918501
769124
-0.00000218069
0.0227713
-86403.8
0.00000253596
719.386
0.0643895
0.0000280608
0.010545
306.110
0.000000462159
0.0000001503400
978384
8252.12
-0.000000851746
0.000081762
5225.70
-7.04152
0.0000816826
0.0679531000
-98.31210
-3089.87
-6.15930
0.00000859734
-0.0300809
71720.7
0.000111255
0.686187
139020
5.66030
0.00605257
54408.4
63.6378
0.00000800362
0.000941591
0.628413
-0.637948
-0.000000113229
0.000664363
5186.05
-0.923736
-5519.70
-0.00009903750
0.0065249400
3052.14
0.000000626694
516.821
-870980
0.00541523
455.873
-57.8412
466.564
0.000000799588
6061.02
58192.3
0.000000105305
0.000000751877
0.0005413960
0.000008212500
0.00000657604
5270.900
0.00000782822
-27.2460
942124
-0.0568008
9.1484
-0.000000551431
7016.91
0.00000373529
0.000000050815
15.3970
0.260691
214953
3866.52
-0.00000683269
0.0000513327
0.000919379
63.0860
0.000355805
0.0000359703
0.771422
0.00000777271
8258.34000
742.052
-0.00852709
0.00767844
0.000000634456
1.8948
0.000255748
-0.000000164319
0.297188
0.0000790804
0.00000779781
-0.000000604382
-0.00399466
0.000202942
-655.908
-5.06579
-0.0000006574200
0.055607
583.169
-73.4308
-0.0000219095
0.00000709321
0.000000632244
0.0060346600
749338
0.0000948893
0.0000731341
-93.1136
0.000944733
7239.25
-0.043276400
2.76581
463.280
0.00739056
2.73443
-22.932
24639
-0.000738695
0.000409712
-0.00000928443
-0.0203822
54824.7000
9.09483
0.00528780
0.000531306
0.00000733848
17.4708
61368.80
0.000114167
-0.0543969
68.6060
0.618746
0.00326309
0.000000439621
582306
-0.00000211083
-77.787
6.086
2228.94
1.6200
9455.71
973.191
0.0000784597
272495.00
49986.8
305.08
4.87490
66402.0
0.0000655729
355272
808215
-0.000000796901
0.510560
0.00000988098
277937
0.0063473
6546.01
-621991.00
55.7694
-19229.5
47.4243
0.448142
0.0000988435
-279513.000
6.90793
0.000000333663
62.3902
2.10672
0.000000578509
-503.317
0.602557
-0.000648356000
0.00970783
0.00000865374
50289.400
65680.4
-0.00000886987000
0.00497527
0.00675499
0.0345314
0.00000787365
500971
0.00000835192
54.7606
0.000282436
-0.000000625896
0.000000999137
119451
0.00425840
0.766509
8803.79
261.118
1780.41
-93.293
-0.000000502819
0.00000074343
0.000942589
702834
28.5274
0.000000618906
904981.00
740716.0
-0.00000412903
0.00000996646
0.00000192409
99016.5
0.095691
0.0000136372
0.000000376403
0.00005885
-0.0000017952
22.4681
0.000718322
0.000000642337
-6825.06
0.00000035912600
4.58720
0.0399749
0.0000051782
0.000702082
-0.0006760200
-4.52992
-0.0000347843
266167
4070.83
-0.000000659524
1.66723
0.34292
0.008495100
537910
91937.0000
0.00000731091
0.0000189863
0.0353937
-650138
937.6430
0.02161700
0.0000634900
0.00000270964
0.000461747
643.123
0.000000308673
92252.6
-0.000538708
0.0860896
45.0932
0.0167548
0.00000730922
0.0000036004000
4.99872
0.007309270
-0.000000790746
-8.58910
-0.0196717
0.0000185150
9603.67
-0.44170
4.9608
4658.06
0.0000702837
-0.934246
144.100
-67498.00
-0.000416168
0.0000761081
7.47575
-0.000000493076
456.899
0.000000222861
0.733473
0.000000891465
7.46931
0.541461
-11794
-0.000228283
0.00339204
-3817.24
0.00000054611900
0.000069540
0.93090
-0.000738124
43.9992
0.0000253202
-0.00955821
-0.000000730317
5030.18
-88005.2
0.00000928667
660.862
0.00000160479
-0.0000718876
-0.60182
11073.7
5876.28
0.000994431
527725
0.211684
0.00034289900
46756.1
83731.1
5684.37
0.004106940
253.067
0.0659553
452.544
0.000000642
0.000000975997
-726596.000
-0.000000214821
-22376.9
895.625
0.000744411
4.23011
0.000018283300
0.0000212875
0.0000262979
91064.9
239.830
0.000000144854
-0.000556773
62678.8000
406.422
779.278
27479.1
484.173
9.95603
38.8448
8920.62
0.00897731
0.00497666
0.00930322
0.00000533246
-897.958
7166.98000
0.00000687586
0.00000252787
3.65844
0.81557
12759
0.000941150
5.56321
0.00429043
0.700915
0.0000767544
0.0957910
0.00000405147
477.83200
-0.00000650580
0.000000587230
-0.12727
0.417327
66.9936
656442
7.78134
619281
-0.0000580226
0.0538546
-0.0000029856
0.000000638238
-29131
0.00000730601
0.795014
36.06580
-0.000000290017
0.00000491870
0.00000191056
0.00000951966
5839.19
6.90056
459.879
0.00062234
30.6844
0.379453
31391.9
0.000000286774
-0.0179768
-79.7429
-0.00180241
5.42764
-5063.5
-0.0000135387
-0.00584080
718978
44.1278
-0.093791
402.349
-0.00658637
0.00000804471
0.000512703
556.664
-3.744
916926
0.00923163
0.000974014
0.000965548
0.000000445974
0.0000080761
5460.14
4946.50
-8.18352
472125
838184
0.0268077
0.0695277
8231.46
1173.31
0.0000824954
443676
1045.54
0.000062131
55244
49.511
-0.057117
55026.5
-664.974
0.000908118
0.0000550907
-0.00000255886
-0.000125286
4997.75
0.0993893000
60.7651
0.0000460255
0.0000249327
-1163.91
83941.5
8.07786
-977.884
0.000610218
0.00026197400
60864.4
-0.356678
-0.00165166
7.47566
8.529170
123386.00
0.107714
163.530
-64.2177
-0.00001446160
0.000000574890
0.308190
7854
0.881655
0.00000870481
0.000042817900
-7.5630100
0.0000945663
767.231
-0.000000842965
-0.515345
2451.600
809.330
592.475
11753
15.6950
-0.00951100
6.34711
0.0000905807
-4287.52
0.742001
17.5302
0.590457
77597.0
83.3689
-0.000595434
0.0000185042000
0.0000966656
-0.621829
0.00062397
0.000000418411
-0.000000537885
0.0000340805
0.0546195
879.340
-0.000000178714
95250.4
711.138
552850
0.000741029
0.00000450021
-0.00871709
-114458
-92.7185
2.34013
-0.00602278
-67.304
-9502.6
122906
0.00000330956
59.3631
0.000972359
0.00000136626
0.00000355407
-0.00141493
-594.086
-7385.7
0.00811071
0.0000765630
0.0146320
0.000080183
-0.000504778
301.905
0.0000260289
0.0000057302200
-25.3863
136690
0.0283134
-0.213278
0.000000082146
66287.4
0.0742949
-2541.57
5770.89
0.0007022440
0.847152
9.73893
0.176090
0.00000847310
967.308
0.000000461046
0.0000329074
-6.68621
0.000000618547
-0.00407197
1598.02
0.00081158
25937.8
0.000000057430
0.0804907
366522
65.3463
6.70415
586388
0.000255355
-0.000000220668
57321.4
517346
-0.815277
0.415753
1370.74
0.000000779943000
0.0000325587
-0.0961262
435.854
34.8964
0.0031304600
4278.16
64928.90
0.0000398955
0.788081
-0.00000095098
0.0643274
-0.00000331514
0.000439762
0.000196077
-0.000000712310
0.00000426019
-0.0000834155
0.000000890955
0.00000382649
0.0000399291
-0.000393179
0.000199666
0.0000685959
2200.80
6.71923
0.0437502000
0.035075800
0.0290904
-752.697
608.922
0.000086234
0.00000767952
0.00000082041
-995270
0.00828676
0.000000990659
0.00909995
-373547
775.882
1962.28
9103.02
762306
654599
1555.43
-751.118
0.00000870964
47.947
-0.00000878301
0.00276976
0.00036299
5.4406
395.607
39044.8
-0.000000381164
0.0000950532
0.000009729320
0.000000939348
-3883.98
3910.66
25.885
388799
-85578.6
0.000000352358
0.0127326
-0.0000763383
390.382
465.674
-0.0000048173
0.0001728470
9.05213
15.3930
0.000000082830
0.000669828
80.0170
0.000617877
-0.00000490694
6.10811
0.000000602510
0.00000276992
0.000000877238
0.000671090
0.000253448
4676.46
0.000568024
3.4687800
0.000179918
0.0000643321
7.0157
9.42927
-88.948300
5.57881
0.00611721
-0.0187549
-0.000473418
0.000194266
0.535177
0.0000022230
4.55378
91.9983
68615
841.561
0.795597
0.00000187865
0.0384529
-4340.86
-0.000000443148
0.000219555
-0.00000987438
0.690792
3864.73
-7.38730
0.000508556
966.453
0.00979418000
3.92453
414.104
1.61046
98.8054
0.00000560020
0.0659024
18.571
0.000000603120
272.633
1.99910
-0.0063349
544.515
-6349.93
0.000285943
0.000946064
0.0347042
0.00278431
-16.4808000
0.00818095
0.000000184180
0.00000497285
0.000923162
0.0282858
12.6805
0.703675
6.0896
-7.32583
-0.0494705
0.7272
-85584.9
0.00000874748
0.532314
87957
0.000683234
0.0000283746000
7.59591
-0.0000458630
0.00000034051
-0.0000900362
0.0000082534
422.536
0.0677255
0.0400780
-0.000029369800
5.222450
0.000000582228
-0.0201522
0.000000456291
-0.0000731052
0.0170351
37.6598
50669.3
66869.4
-0.000584501
0.170967
0.0341624
0.00643480
349102
155970
0.0795160
-0.0828619
0.0000034052
0.00000330343
0.0000953257
0.00000611432
68.9819
10.7070
0.0538195
6.99516
0.00000653236
0.005535970
-0.0885278
0.0000496782
-0.0673421
-53693.30
0.0000245318
0.0000825589
35.3796
-0.546848
0.000000031445
0.0000001539
47474.8
0.000492164
3687.85
-68.0545
0.0000325713
237.822
-0.000333907
-0.000730167
-0.0610991
-118048
3.255370
-0.000000552199
0.378562
74.7561
-0.895414
-30187.4
774.936
7212.00
488.227
0.0000010752
0.0061248
0.0000765762
-0.00000786968
24.9273
0.0471251
0.000000414774
711935
0.00000213735
0.406219
0.00199421
0.000000584059
0.00508786
0.0000351310
-3347.12
-65.1570
-3616.71
0.940850
0.000004312600
0.000000577560
404362
-338.442
0.0169380
0.409669
-0.00848595
-21.1047000
-0.183696
-742794
0.000000502021
-0.594671
-0.00000897382
-7.62165
2670.06
-3.73502
0.202256
4845.62
-26823.5
-5508.48
0.00000908777
553395
12.0202000
0.0030737
5768.11
0.000535284
-0.00702896
-0.000523444
93472.8
0.00739551
1414.83
-321720
33452.4
14.7691
220825
0.00000804705
0.000000174380
0.000675858
-0.000000781045
0.000000947636
0.0415382
0.0383122
0.000000410065
455.781
924.873
387575
0.0509518
84.0930
-0.0000144140
0.000784608
0.0551569
8039.01
0.0000048588
966.584
7.69104
0.691084
0.0687165
0.000573160
8.40459
0.000009318500
116150.0
204.246
41343.9
8.16616
-14248
2.94666
214740
-92448.5
-0.00000969851
0.0000833000
0.00000592230
20480
-0.0000864492
804.818
242431
-405.138
0.00477149
-9.108270
9507
421.892
68.2547
-16155.1
-0.0000004349630
6.42949
57.2710
0.000791944
0.00781360
2.534090
2636.83
0.458447
0.385545
69094.9
0.000000277488
-0.000000447756
0.00000458919
0.0000431307
607.51
143134
0.0000683464
-771.870
781.404
6.2780700
-0.00137221
0.0864597
0.000000678412
0.00000958159
0.018382000
0.0000197908
0.000000151473
0.000000690066
286098
0.00000380137
-0.000000518022
28.29360
0.802107
0.00000541003
0.373970
0.0454924
0.00136477
8.88957
747776
0.0738388
-43.6360
-0.00187335
85.309
-34.5773
93920.4
0.000000462506
0.000000534048
0.0586295
8.97885
-0.00041741000
9.6933
0.00000354795
565771
0.00609269
-0.0707194
0.000205336
0.004136610
0.000000680995
0.0479852
0.00640991
0.859274
0.000000397711
0.000000775656
9114.16
-0.00000900255
-2.441180
-0.00272184
3283.21
878937
6335.14
122841.000
0.044324
0.000000989854
850.958
0.000000905367
297.46
2.11454
-0.00207356
878326
-0.0423581
0.000000103817
-62.4171
0.0000951222
0.00978017
7361.92
-8514.30
2.91863
-6062.72
0.0000935749
68.1416
-291040
96000.4
263.2950
0.343465000
0.000000350368
0.984660
3906.81
7.66161
-35853.4
0.00000734184
0.000000724796
0.832773
0.00000411106
-372602
-610.529
99066
80.0939
86216.4
0.00000177272
902932
0.0564620
-869.421
762.912
0.00000666231
16.5059
0.00492232
0.198967
0.000598139
29682.3
7008.95
6337.37
0.000000746118
0.0006150710
0.00791383
10969.5
0.00057732
-68399.4
-7.91457
13.3251
-566.362
68932.0
-66337.9
989.787000
-0.0000792329
42.1431
-0.00003744770
-0.00871150
8.67296
0.00000261056
0.147173
2658.71
13.0032
0.0000304
-0.000614448
-0.095907
-36.7663
7243.54
0.00000042669
-0.85881
0.04819
-8199.27
0.00086017
-0.0303670
-0.00032959000
297422
9.27391
-0.00228350
0.000000594016
-0.000000309890
0.00044442
-0.000000406506
62087.8
-0.0726482
-0.00968762
0.00000106286
0.000225518
-0.00460359
0.00215551
0.01794350
-0.0000650844000
-9.7345700
0.0000459044
200.868
248375
0.000117536
-0.0000143533
0.0327614
0.0000256804
-99.5478
88604.9
0.000000657270
6078.54
0.00229460
0.000947283
6994.14
2495.4200
0.0914682
56242.0
5015.65
27201.8
0.00531744
0.000045709100
124103
-0.291603
0.767188
901.435
-0.000078536600
0.00920373
0.871631
0.712002
0.00000191888
-0.000930104
0.000000145201
24358
-0.0628250
0.000000496633000
0.00444908
3399.10
29549.0
2.90501
-0.00000572318
654.912
921.287
0.0000340523
50.1573
-969121
0.0144669
0.00000765022
0.00770671
0.00000791093
0.00000041761
0.000000971764
0.000000616028
-2.83318
286847
7619.57
1094.4
-4.94053
0.995053
56343.7
-0.0187242
0.000001597520
0.00000602028
0.000000235891
-0.0000452084
23.1600
-1.67330
0.000617176
633724
386.588
0.0469770
-833429
-0.0587181
-0.06070350
187752
303290
16803.8
7671.06
0.00000119814
208.396
75654.8
0.000000049637
13.7826
18.9215
6287.46
90761.1
0.000550693
0.0000000819890
2084.03
0.0728140
0.00000449372
-74685.6
344.415
39150.30
-44546.2
62641.0
0.00000030365
-734071
-1176.16
0.00814602
-7853.45
-0.0000268238
0.00995755
22854.4
-323.084
0.467900
-367.633
0.0000740847
574412
40.1811
21840.8
36305.3
0.00000331591
-0.0000408356
0.000000607699
-0.856955
-6.78217
486.679
0.0646682
-0.00346875
182883
-0.00000525643
8090.64
22921
0.00725444
0.00334082
0.565235
2.0125
7.88065
-922.641
-0.00000550364
1181.10
558040
0.0000396338
0.00074474500
-0.0974972
-0.00148592
0.00930415
482067
1982.01
0.0351579
4422.51
0.000648678
92.5651
0.0839465
-79067.1000
0.834090000
-68.4856
0.009030600
0.00790378
-0.0078500
-0.00000486944
0.0000943251
0.000000159886
394.895
0.0054210400
74.8523
3870.25
0.00000341154
0.855726
0.00000412001
0.00000844688
-0.0000606061
0.000000666805
19.850
97922
135.027
0.000001751
0.0003775570
877230
-0.0000275930
0.0159349
0.000482480
249.064
42336.9
318075
0.000277948
0.0000572973
-0.0009668400
715.269
699.29
30101.1
0.000662094
0.0188116
53123.6000
-295730
52.1035
80.7273
0.900343
0.00000681971
7.15024
0.00690016
-0.0314128
0.000791887
0.769578
33.5276
-0.00000884355
0.0850459
0.0000925672
381.9500
0.699067
4960.05
-0.0000696043000
9503.04
3.95723
0.000000687595
630.48
64717.7
0.00000047702300
0.000000494104
0.00000372685
85586.2
0.0000956741
9470.41
582093
36108.5
274.718
0.00000413645
693715
0.000216370
0.0000582401
4860.7200
-561043
0.00000459229
0.0036058
-20230
-0.006522610
-0.432663
853641
0.00000191720000
0.000681918
-0.0000263839
179.472000
5576.9300
0.0000668096
0.000000851504
0.0893758
6.67579
0.00977986
2.22718
-3.32366000
-0.00192000
729180
2060.43
-0.0000355628
0.09738700
-718.945
0.00084980
-0.00006888700
-1.07551
0.0000406647
-0.00000564399
47889.8
0.000889776
0.0000911095
-457.370
-0.227237
0.00334232
0.0006302800
-0.00410195
-57.2986
0.00307590
39540.4
13.3247
8.55443
7381.75
0.0945327
-62541.3
3744.61
-34085.5
-3280.90
0.000000983977
401.705
672957
-0.0000872721000
4.73413
2950.68
-0.00000097577700
17.1518
77290.3
0.0188495
-0.0003741770
0.000717087
95.6432
85101.4
-0.00663500
0.0000856885
270.447
0.00429916
0.000156755
39006.7000
0.0000524369000
44153.0
-0.00000191564
0.0437300
374940
-0.00000240011
11.2400
76.5243
0.000403320
9.19098
0.000016801
0.0000351347
533502
-0.0634760
0.000000069880
68081.9
654.846
0.00000967003
0.00000974052
0.00000739963000
3.44517
0.0000490594
0.00295810
0.0192300
-0.00000390854
-0.337744000
0.00000615661
-819149
0.000056775500
0.00044698
-0.0000072089
849012
0.00754098
0.0313072
2.5300700
-0.00705375
0.00000750220
275.96
8221.25
-720.357
-0.00000949539
7826.45
0.437353
270700
-7813.47
903531
0.0728137
13.360
0.0000121708
0.000000591512
-986232
38131.1
-54.8713
6922.92
0.0804572
-0.00092645
0.0000817398
0.000386237
-0.169688
7.3436700
799.218
0.000000297791
0.0000298484
0.0000526731
10.1065
-0.0261899
0.0000200713
0.000000167638
0.00837277
-0.000000055163
83.8365
194120
-0.085787
-0.552538
0.0000714766
0.783783
896.25
-0.0308609
938410
0.00848452
0.0760477
44.4062
-0.0000994494
553820
-788.196
0.000000222733
0.000000215047
7.80463
0.0000157503
0.000000983681
-0.00000160967
1554.63
-2.01670
64.1083
0.000000551386
423930
0.000771430
0.000519
12135.4
161467
-0.0623666
0.000129190
-9.41562
0.0608416
346.409
370.247
-18151.2
0.124746
0.44366
474.910
0.000000943675
-0.000000185376
9.71265
244405
8970.21
83937.3
0.0000832677
0.0144100
156.447
0.000793459000
2.00607
0.014654
2626.40
490207
941292
-838253
224.891
851.052
-54.8291
-0.000000984687
0.00000019211
-273789
987239
3861.72
0.0256663
0.00442193
0.00000791597
-6323.08
-0.000000748522
0.000779827
-0.000023739
0.0104577
-0.0000078391
83859.7
7052.03
-129.193
0.00353296
1600.39
-154350
0.0000661810
3634.66
186.058
82086.2
324201
387.9070
0.000000168684
-79043.4
8065.04
-0.0000956517
851.130
-353149
9.57687
242800
174.78200
0.0000268460
-0.000000431866
9.57666
0.0000438510
-4700.80
0.0000685116
2.31059
-12356.8
16099.9
41.0067
0.00487654
10840.2
1949.1
0.000486813
-0.00815305
1.065590
0.00176052
0.53228
-0.00299230
0.00000482674
0.0481838
0.0811713
-0.96815200
887863
0.00000507071
74.1093
0.00065326
0.000000900979
0.0000000101190
0.0194609
-0.00000934600
666.101
5.37003
0.0000980486
0.00345127
157.153
-1260.66
5.4260800
75.1723
490163
909044
0.00000254209
9643.49000
-325.468
0.00000654286
-11.3792
-9560.12
5.98075
40.7544
-250.927
0.000314538
5.43381000
58420.0
0.00895924
0.07537830
0.00000215154
0.00411920
774870
498030
49.914700
655.70
-0.0000180059
8.98472
145507
592689
-65.7302
-8685.33
748312
0.000977740
0.000000669279
0.933334
-0.000000275464
-0.00000866337
5.92848
-970092
-627.445
-0.0000521262
56.3177
5.1694
0.959110
3254.74
-0.00000998120
0.00000029402
-0.000678639
2.99373
0.0000548953
0.000000039074
132.567
486346
0.0000727075
0.000383736
89428.5
411.454
-2.56788
1495.04
0.00065575
0.000000574777
0.192074
5277.59
0.0490347
0.0000186126
0.000695720
-5953.61
8572.32
8.89171
7019.19
0.0000362584
-0.0000427289
0.000000433682
0.958986
-0.000000813263
5237.42000
0.0000387690
0.0735885
0.0666230
-7844.69
0.0000716388
341.598
-14181.6
317.853
0.000000328778
0.0000088199
0.839528
0.00000291770
-3586.4500
4632.66
0.0000063906
8.6749
70.4703
5.64119000
0.000000761180
-0.000940059
-2.46601
97662.6
0.140118
3676.76
-0.00000339385
0.0911946000
-0.000966761
599447
597.851
0.000000924056
86915.9
-9.69599
9.53796
-0.000000559022000
0.00000596615
-0.777268
3.29775
-0.000000729349
0.0000321124
0.0312367
479.402
-0.000000134075
5.19630
0.000513094
0.00000963850
-87.3710
40.9276
0.000000330671
5.12840
0.00963197
0.0941237000
0.0355219
433.187
0.1913600
0.000000242449
0.00359230
-0.00000244725
0.00437161
0.462353
0.000000866810
-0.000000523005
0.00000613394
-24.2015
0.00005412070
1.26327
40419.8
-61.8217
533807
-85.11700
987.55
0.00000426686
-705316
776.821
0.327351
48524
75.5002
6029.06
0.0000687918
-0.929690
-0.000000183149
0.544681
0.053076
-0.000734507
0.00201232
0.193074
7.27505
0.0000937417
3675.55
-0.866643
457645
-991784
-43.9999
2245.5
0.00000035391300
0.000000374093
664.6090
84580.1
0.00066129
0.0000810945
82.4367
161.693
3804.62
0.0000210721
0.00935658
0.000335425
-826660
0.000828924
23297.3
146.537
46.9188
-80.003
0.000017505
-5117.24
3866.73
0.00000446775
0.000359747
-806976.000
0.00000491606
-471.213
0.000000685364
0.93740
7928.11
-0.0000528453
4.8819100
0.21743600
9500.52
873.675
7584.01
-0.00000181410
-0.00532953
75.3710
52767.8
-0.00146151
75.6478
0.0000669555
-95.3627
-0.562996
98.2943
0.000253295
0.000000911632
-0.0000077585
7000.32
0.000587429
0.0000027651
0.000004044710
860107
-0.000100002
0.000000033336
0.59069000
23512.00
4777.35
14.6905
0.0634416
-0.0318572
0.975066
246.504
-73613.3
5304.23
0.000000492166
-0.00000542004
0.000000793387
842598
0.0436751
0.00938393
-22151.8
0.00000487810
-0.0000338458
0.000000801690
0.00090835
-901.91000
-2.61465
0.000463185
-0.00057853
9.54740
-680.411
-0.00000017692
0.0936912
-950.077
41.0613
9.84782
20354.7
-0.0000302214
0.00741693
-0.0000436705
-0.00000997057
14.6079
11.0195
-196.934
0.0000099915
44.7505
0.000596846
0.000363669
0.596044
0.000000769145
-0.0999991
-0.4275030
0.00020597
8.46995
0.0000448153
-5222.33
71.690
-0.0091872
0.614024
2.90931
6.90460
3.26708
0.000282247
250510
66892.8
-8659.17
-2843.00
-0.683277
0.00016004
56605
63.3089
0.000000014749
45.48
933.254
0.579179
0.00000337171
0.0000508963
0.0000426996
7.45545
0.0000885776
0.000000468946
2011.30
-0.0000799190
612815
-957267
0.00000979844
0.0335728
127888.00
0.000855798
-0.00568016
472086
0.000550929
-0.00305467
0.000000879005
-40.8592
4.25729
-0.000000013300
0.000000362512
0.00935419
0.000684475
0.768240
-8910.04
0.00000544922
97053.7
-0.023108700
0.000576612
-0.000000075584
0.942914
0.00619691
0.000038252
74.993000
711610
-0.000000797110
0.032887800
4912.70
28.5932
0.00000124607
0.170769
0.000000799575
0.00000935220
9.73114
0.00171818
0.000664059
-0.0578783
74.6274
0.0000645270
0.000028756
3.46153000
-0.00000218764
7.63571
0.536113
-0.00915780
0.000963737
-0.000164975
0.00438460
0.261761
-27349.1
398.009
0.000000772995
0.00000003445
0.000000064817
0.964757
0.0000068313
-0.7994100
18322.9
0.00000821268
-0.000781375
6452.31
0.00381839
0.000000028266
0.000222921
887.657
-0.000000164309
0.0043036
54664.2
78162.8
70.4350
0.000000422436
9813.20
-0.000000558940
915.05
95156
0.00459762
0.00093651
0.00818992
316688
0.0042104
0.000000352719
70963.7
-71.3886
391.254
511190
5108.94
-969028
144500
0.00778705
0.00000577662
-0.00000020003
0.000000510314
697088
827.72
-553.599
60518
0.00000191000
-0.0009347890
4106.53
-0.0523840
0.00515879
0.000779551
0.0532015
0.000000075325
-0.495060
0.00000429556
-358.064
0.000000825255
-153600
-91.5871
14.3126
0.000000803273
-0.00604064
0.00947922
-91.6356
0.0000747851
-572.759
0.000000083321
0.606213
0.168919
0.000000457956
-0.0000300809
-115084
-0.000000732936
0.00734914000
6719.60
-0.000000715762
5.23367
-0.0408082
0.00283380
3.19749
36970.9
1030.26
0.00709578
0.00000672269
51.3493
83.7145
-0.00000642575
877.286
0.000000580697
645.902
0.000000354093
0.000000162962
0.0907063
0.00000831872
0.00000061930
-77.2455
0.00299248
-0.0000978244
0.000800818
0.964528
-7550.73
-0.0239496
0.00000955397
0.00738078
-45803.0
47.1496
0.00783334
6.09812
-3.60537
98.2408
987274
6.054
0.0453494
328712
0.0341783
619553
0.00492768
5331.87
0.675513
-0.0000002206820
0.0229896
0.856842
0.0000673726
-0.00000438890
924110
0.0000542991
-52603.2
-0.000011497
11679.100
0.00634486
862.762000
0.00000918726
5.02313
0.536741
-25431.2
0.829037
3.40579
1.01288000
0.0685507
5338.05
337579
152563
0.0000329550
-0.00168113
234497.00
12.1817
-0.0250243
-0.0963027
-59583.0
40418.3
-0.00000066104
7199.34
7.98649
0.0871560
9844.40
0.000000018868
-57.5580
0.05906540
0.00953439
-0.000417535
-0.000514510
-0.0000633583
-965220
-0.0559899
5.13716
642235
-0.000000677587
0.00000467897
87.8404
9.53542
-0.000000564015
968510
26758.0
0.000814304
0.0000048382400
0.0746108
300.425
-17765.0
-13.6240
95191.5
468496
4.09699000
8301.76
925937
0.00000219783
0.000998315
85.4992
95.4220
5633.08
0.0683844
0.00283863
954.545
0.000555583
-3.25164
0.0122896
544235
-0.0804020
7.25605
0.8167920
0.0000509359
-0.904248
0.00000562556
-0.00221303
0.00000178052
-0.0348379
3769.70
76.3069
187.525
0.00000921196
103608
0.000865682
4.85430
0.901436
0.0000149363
0.032051
-6.04783
-0.566954
-0.0000195158
55241.1000
0.0000679413
0.00201638
3500.3
0.00000232377
0.00000513580
72.077
0.00858562
0.00000896779
-241673
7571.20
371417
-0.018698
0.000000068997
-0.0000555226
0.000495924
42.0009
0.00878259
45186.8
-0.00000376
0.000450592
91350.900
3.6114100
0.00000494815
8202.230
-9.13931
0.000000539157
-0.0982976
5.99502
0.088925
0.00306582
0.0000038934
-15458.0
51.0034
0.00190680
59.6566
-0.000067567
0.00000065172
0.619097
730611
0.000000964171
0.000026722
-4.17082
469083
0.000557715
43.447
88.1539
-276.060
-91379.8
-1238.48
86866.4
7.24735
0.00290076
0.00000112618
0.00001285960
0.000932875
29235.7
64.1508
0.000000614982
3.98709
4493.26
9540.63
-65.8270
0.000791648
251.847
0.000987420
6461.89
9588.140
39881.7
0.00257557
914877.0
-328.455
0.000001466
-61.8065
-0.00000206226
2.21473
53.7396
-0.0553025
-36140.8
-0.000569521
-510403
457740
-0.00156008
0.0000866114
0.000140384
5650.59
-131171
-70012.6
0.469849
69921.9
0.00000940566000
0.000108858
2.41207
-9571.15
41191.7
-0.0000067488000
99.9957
0.000000524520
-0.00085975700
0.0000901375
0.0092415
-54552.600
-0.730004
0.0000465732
-24812.8
0.0000774651
-0.000039102
914594
0.0971360
506335
0.00424199
0.0813300
95612.0
0.0000959683
71910
0.000000616257
0.00187777
0.00714372
-23512.9
0.000000548438
0.732933
4.95213
42820
274694
8.03154
0.000000113171
-0.382329
-42020.3
-8.35764
-5.37287
0.0475766
-6140.20
3165.24
0.00557014
46.5110
0.000000608578000
7.00524
-755602.000
0.000000336206
506.106
546.13600
0.61940300
-4.92855
56979.3
-0.00000049772
-5875.59
0.0219115
668.058
432363
-0.06304510
6.20065
-151.50
286.185
0.000563820
-0.864651
0.00000149145
757.1
593.864
931036
5838.5000
0.0692040
-0.000196613
78.2957
0.199804
0.00000847062
0.001259
0.689533
704190
0.00000341351
0.00000305542
0.00000919218
74.7464
-717161
0.0000840831
0.000922498
0.000000150792
30.3518
-0.00000556676
0.000000432287
6253.04
23.3742
0.000000597317
0.0000764905
2188.39
0.00000044012
91.7781
1.60937
0.0219834
-0.00000900554
24.9085
0.000302582
71568.2
0.161202
0.0719800
0.0889730
-86760.1
295.743
-0.000000483837
0.00805808
0.0000908079
1.61705
-0.000000401536
0.44937
0.0000524815
0.0000074040
29.5812
-6713.98
296696
-60878.8
0.00000798673
-40.9251
0.0000320601
-4.65199
0.0000745980
0.000407739
-0.00000258907
172816
0.000989540
0.00000776380
-257.47
-24706.9
-0.00545391
0.0000039632
-30.4765
44149.2
-5474.85
0.00010383100
0.0000984745
0.0000743400
5.33380
0.000026003
0.0000511093
36676.9
-70484.8
69.3360
5832.18
0.0000563755
8559.29
0.000448076
0.00393293
138781
635428
0.00481958
-0.04543870
0.00000764081
0.00000718671
-69.8718
-246.31
0.00209082
0.00000851609
0.00806901
0.0554000
0.000054602
4649.68
4460.7
0.000000930258
786391
0.000120587
0.00630813
0.0110425000
0.2809340
0.000846531
471864
0.00999033
0.0000783642
-6831.710
0.000400033
0.00000596133
-3.21396
0.090103
340.172
0.0899995
-74.9262
0.0284669
37.8629
0.000000868153
-0.00000460886
0.0885081
2.1736
0.0000733763
0.000092027
0.000792621
-0.000646725
-0.831873
492.38
0.084274
-0.00513814
701.756000
0.240898
0.000388811
0.000638044
-0.000553265
0.00000444246
0.00423140
6605.54
989.30
9.15052
-27.4989
0.000000209082
0.00000791411
59429.1
26019.3
0.000000721269
0.0000256586
0.966215
0.000026367400
-0.0000435322
0.0000189352
0.115069
0.0363954000
0.858204
68.0154
-0.000000416041
6.19053
10.1296
0.000932126
600.69
7445.7
888.087
47650
-0.000100979
0.00824946
14366.2
-3.41393
-0.414659
8.1011000
0.0000851371
-0.617299
0.0000033878
456.998
0.000000659383
0.216336
44.3478
96321.1
8499.45
5145.27
0.00000188828
0.005817310
0.000341108
0.102721
8.93390
252.282
932522
-0.00711129
93.8815
-80.7560
0.610688
0.000000647802
0.000329091
0.0273585
0.000000533440
32217.1000
6.20325
-0.000673440
-0.00056067
4.80396
278688
7895.93
0.0859292
0.655013
-0.00568446
-0.0000349181
-6.64451
-0.000000245826
0.519788
422.895
0.00603754
51531.7
79388.4
-0.260941
0.953336
0.645971
681.799
9916.73
885739
2033.27
0.619663
0.0000892225
-0.0000035546
0.000691574
87842.4
-0.0643443
-3068.62
0.0000664295
-0.747465
0.0000640444
-2.69561
48.2982
-0.0000336187
0.0000176366
0.00000453467
0.000326471
0.000000054181
951.112
-0.0000999092
0.000000055356
0.00000803019
0.000000327930
-0.0000071228
-0.00000356144
-15.3571
93.31920
-0.0000334379
0.00384430
0.00000741720
-640973
0.0000931751
-78906.0
9083.66
0.04905
823265.00
162972.000
0.0000348587
581541.00
0.00000352703
-0.0811073
0.000038512
0.652768
0.000087914
0.927669
-0.000000428871
4069.64
279.20
22182.7
67.846
0.000000446913
0.00000187724
740292
876721
0.0007386300
0.00378316
0.000000286515
0.71894
0.000616888
0.00107720
-0.422788
865866
-11707
35536
0.00000314491
0.000962974
0.00000679738
0.210070
0.0000813329
-0.0000293131
533141
60.7192
5.9762
722178
-817.339
-0.0000478417
3449.87
29.9660000
-45719.1
56.0007
0.00000252826
0.00894254
0.000644596
0.0562784
-0.00000034581
0.782860
227.11
0.0000369571
0.000000706159
-189584
0.0000884375
0.00405642
-0.093604
23847.7
0.000000302535
0.0670650
0.0000303263
0.586400
0.978006
0.00000948978
0.22973
0.0095656
0.000008254400
-0.00609286000
-376229
0.000000262165
0.0000094758
0.0000182890
4260.1400
0.000000415961
-8.13257
0.00000499929
451.0800
0.165464
0.0444087000
0.00360917000
0.000000937039
0.000509408
0.0000910658
13840.7
92988.7
822.074
-0.0000014169
-0.0546719
0.00905313
0.00000037039
0.0000590043
503688
4.60831
0.864705
-27712.5
0.000085953900
-943616
0.00445038
0.0000304838
2747.93
154.54
0.000000968651000
-0.318962
471.773
-43615.2
0.0436010
-36.5238
-77352.1
0.000731113
8803.28
0.490953
-0.00335769
-58184.8
-0.000000983658
634.675
-0.000220740
541089
-0.00000785242000
-0.0723637
0.000000566133
0.0001373
0.0122851
8244.50
5.48792
98.347
0.00000849709
5.940470
47704.8
0.0000180389
5436.47
0.000000841067
0.00000835371
0.0563726
0.000474822
35964.5
850.597
-0.000397619
0.000939776
31.4909
8.89247
-0.00335983
222.163
0.812393
642.945
0.796598
3.264870
-9654.94
-67.4884
0.0811820
544.254
0.00558404
0.34044
-116345
0.00000276254
0.000032200
23.1791
3233.44
0.00019191000
-0.01049800
-0.000595258
0.00320653
39.3142
48.2143
-1.88742
0.00448779
0.0000219402
869532
4.3934
0.000000847797
0.0000208307
85.4783
359326
0.0000457744
0.00000649670
0.000703479
791596
167.301
46348.0
0.00000923993
0.0009532870
8991.96
0.000000540783
0.00000044580
0.0499788
0.000000883760
-0.00000707511
0.000158965
5239.44
0.0000883609
2805.84
1145.87
-0.0000648624
-9.52700
-0.000550066
-491443
0.00170637
4419.80
4.33425
13.6094
0.169708
0.0926396
0.095006100
-7.37984
6687.02
0.716325
0.000000444063000
-0.00520800000
-0.000321581
9456.38
0.0000002242950
977783
80.8334
-0.0000187992
77.8816
-8.78940
0.00597544
0.00622098
683857
337.06
14.3567
53.1672
-471784
0.000661547
0.000541972
0.00000719552
10.4878
89.6664
-39708.6
5.36032
43853.0
0.00000844065
0.000000378738
-23841.60
984990
0.0000727590
0.00201162
0.039524
0.00294643
0.0000278381
0.0000189844
0.0184396
0.243603
0.00000689256
1.60540
11.4739
-0.00000545521
8.90376
-0.00654775
0.00421267
96.5613
31202.7
6.71712
-9.55079
16.12860
780605
0.000000933165
70.7185
87575.800
0.000000736544000
0.000000755227
0.000000376947
789957
-2487.57
-0.000000449645
0.00865070
0.604534
0.000568418
-92613.9
0.00000160516
588.109
-0.000164147
0.0000554942
0.0682739
0.897742
0.305868
-0.00035743000
-25293.20
252.539
0.00000602229
0.00000906087
-7.76304
0.906539
4749.52
0.000536469
0.0000904220
0.00000675896
0.000000513997
0.00236910
-0.00000013720
0.0000860536
-8009.48
164.408
0.367190000
0.0000310598
-5.9696
0.00000815602
9.8311
-0.0392517
10.3398
0.00000061754
-0.000000059475
33385.9
-36563.1
0.0892385
0.0000606451
0.0949803
872.118
-0.0811091
0.061248
256.878
14797.4
-0.000000083930
0.0138260
0.000000897425
10.22370
-0.000000034280
541.280
29.02
7774.13
78.26220
0.064041900
-599449
0.0130734
0.748747
0.206397
0.00732072
0.0001152340
7.48201
-0.000000367266
0.00317645
15792.3
673.766
7124.40
0.0609159
0.836314
-9.16541
0.0693815
71205.8
-0.00000659218
5.97703
452816
0.0000755009
-0.0109775
0.00000944668
5693.74
0.00495545
0.000000910848
87.8897
42.2945
0.00584028
1763.57
0.578975
0.305678
4724.57
827289
695181
0.00000575394
0.0090937
722030
0.0658273
-3.192630
1784.60
0.0000310650
-0.50815
0.000000965115
-0.000000473694
1164
-0.411702
63021
-23037
2.78882
9237.67
0.706551
-232212
4.27769
-59921.4
6988.1800
69305.1
0.0179245
-0.0000738115
-0.00807052
-6.04734
-7376.66
150.739
1822.81
0.00000972642
-67.911
81.9546
-5310.12
551.675
2129.10
-0.0261101
-38505.2
0.946388
-221557
78480.0
0.00000148097
-0.00530339
0.000000841208
0.000000498267
-0.000000655581
-0.0000411869
0.0000416986
-3.56887
0.000000463090
0.0000914793
-6697.20
72.0899
-0.0000316176
0.000000285089
0.00191102
0.0000730227
-7.39294
-0.0000841139
-0.00000655815
0.437073
0.097129
0.000000635802
0.364600
77520.9
0.067435100
0.0000135296
0.274311
865.034
0.000806780000
0.000000871111
0.0551623
0.00243406
5.21004
0.000960694
0.000000595214
-0.181840
0.0000764662
86.3045
0.000119022
2492.29
927.880
14345.7
0.000666137
637850
0.000128691
3.62275
0.000695029
529.324
0.00000432469
637750
23.80
4602.17
0.00000897652
0.00000716892
0.00000173643
-0.0195741
0.000957164
4.73055
0.00242377
0.000039612000
0.0398719
11.4922
0.00000437761
0.00000218492
0.0788640
0.00236912
-4016.85
-118775
0.888706
0.00643778
596490
0.00000005018
0.00000842074
-7.46407
0.00520425
-1.18645
0.44700
0.00183869
92377.7
526.393
0.00000395689
40921.2
0.000000263454
0.00000898249
0.00000303051
0.000000623384
0.000497107
0.00000344
0.000000411450000
0.4935400
62.97590
64713
-52.7899
564780
0.000302242000
0.000920800
32.5327
-68.8767
-769473
0.0006182970
-0.813582
14.440
0.893796
-98.092400
6468.620
0.000000867461
618525
0.04630
0.00000060712000
0.0669321
-61.4420
0.0000915195
50224
-0.000000654590
864258
0.366559
-4.79294
-0.000000931123
6.90984
22749.0
-0.0000992944
0.239623
0.0879871000
0.000000734809
0.000760608
0.075132
0.000000665741
-0.0942934
0.00000867441
-0.00216085
387804
-44674.3
-11.5840
-0.0000190211
0.00945486000
8.93835
-43590.4
0.000000803406
2002.25
0.00203165
9868.71000
732603
0.0000590530
0.000835069
0.932101
1580.31
-0.000396656
70.266
251.186
-0.0000370584
0.0544971
5761.42
0.00000943956000
0.000000148667
0.229861
6739.96
0.00294354
0.00000038020
0.000005623640
-2.37634
429.516
346.222
0.00214592
0.0153295
0.00222841
0.803305
0.06715700
6.9237
0.000566343
16.4220
0.000007399040
0.773170
0.00947526
0.00000768453
-377248
849720
32397.300
767311
0.000000783788
-0.000000103006
311056.00
0.00000570890
24435.30
-7.84737
47.7985
-0.0856292
0.000341903
229830
0.0999095
2.07938
708.29
99.2149
0.000038699
0.000445179
-8.24617
0.0791759
3519.43
27904.0
339392
0.000000538568
-0.609659
26.1532
0.000000764274
92.5666
0.00061565000
1848.42
87.8734
0.0202249
0.00000645371
9936.42
-0.0459979
0.00630321
227.747
-2693.33
679.446
0.000000351960
-41.7011
693047
0.00771845
-50.4934
0.000210197
-0.0425047
-13793
0.00422567
0.927695000
39.7465
660.896
-0.00986565
-416.31
-0.000897738
0.000575169
0.842166
636317
0.00489523
-3628.20
18759.5
500932
-31492.300
683077.000
0.0855717
-0.000478292
-44915.8
165753
-0.0636484000
-91.3829
-0.000000309560
0.551536
485.949
0.00000758621000
-0.00000286867
6019.55
9.50150
0.0925165
0.739919
678595
-0.000303508
829.516
0.000000221137
0.0000768782
598511.0
-0.00000992319
19179
44532.0
0.0000900149
703003
9510.05
-60940.9
0.0000938192
0.00000708063000
-0.00000456875
44535.5
67273.1
77444.5
0.862717
783.828
77.7938000
-0.781152
85205.2
225.568
0.347904
-475.919
0.000302972
1.17244
0.00000955320
-0.0040408
-3.76670
0.00000508941
-6.05015
0.4680500
24.8847
0.0080781
87.4858
0.000200736
-0.0000792991
-48.7827
21392.0
0.0242793
0.00682752
0.000000157543
0.0963945
0.00000952312
0.000000184466
642485
-26321.1
92154.5
0.000000720275
566.359
0.00829943
0.0548013
74884.1
-0.000000167399
853.848
0.00515930
0.000121814
0.496275
-78.4898
-22292.5
0.456491
-103500.0
0.0000453691
0.000000420380
39796.9
25.711
-7044.45
756013
3615.70
-0.000000664931
0.000000255828
812.4500
5.19433
-45545.7
5685.98
0.00000173918
8.06542
157.012
758968.00
5156.09
-32652
-0.000027964000
19846
7900.00
-68.167
0.142438
57684.7
187132
267061.000
7.47311
6432.87
45.1479
0.00000817094
2.14180
29018.6
0.0109708000
0.0000511679
371561
911704
0.00716501
17.7532
0.00000250382
-8.65663
0.000000260942
0.00000439004
826.994
0.000000135880
3629.91
9.1081100
9810.92
5876.60
-53490
165.726
-2.31645
0.0268713
647.892
0.0000701023
-966.083
92501.2
0.0550622
0.000656069
0.00000802827
-2546.27
267172
857724.00
0.00860883
0.000000555714
0.00252111
9505.15
0.000218171
0.000136123
-58.5787
125.006
78666.0
0.424626
131669.000
-95.6587
-0.0887214
0.0341175
-0.000000997318
0.00299115
0.000000710608
0.752613
-1.46995
58300.2
16044.8
0.0000887187
0.0000475784
0.00249728
-0.681480
-0.946903
3219.78
0.000396079
0.000000442447
0.000283128
9.08977
-0.000241650
-0.240640
0.764495
5.4610
0.0000452398
387.4550
-0.0372234
540205
0.000996762
853.40900
2517.28
637600
37723.5
-96839.9
0.0000684853
829175
190450
0.00000365547
-890957
0.621951
-0.559090
93882
57.5833
940371
468.38
0.000021969
0.0000615069
222.796000
0.000000966440
1122.80
-0.464488
80553.2
0.000837059
0.74628
490.840
0.000000568606
7.41332000
66.1170
0.000000985326
0.000301284000
345807
6353.86
-0.0000010690
390.314
7.7276
74017.9
0.000992122
435193
-0.00951823
0.000457077
-4.76678
83.8300
6.913
47880.8
166.411
2.61013
-31945.0
2.34620
-4.42015
0.00000001026
0.000799124
0.0797403
685308.0
99.8020
5670.07
-771470
0.000000169598
0.0814473
0.335563
-6679.73
0.00000064606
68134.200
3.28276
0.0912814
0.53008900
8881.79
-51.020
635.94000
12088.3
0.00218097
9634.33
25.9363
-3.10374
977053
-0.00054854200
799.980
124.339
0.00932800
8.3989
655728.0
0.00000820555
-0.0000114894
0.00051501000
50013.6
-0.0006645
-1633.53
0.718719
0.00000666825
-460.986
-0.00271678
164573
9.95141
-0.00133835
-5555.50
1552.13
9.96831
0.000000577253
70270.3
0.000000112789
-1.32645
0.000000383733
-52180.6
-0.19913
6116.49
0.0000247100
0.0000672402000
30.9010
0.0000173168
0.00000240483
125.760
57688.6
0.0444705
0.545317
0.00601529
-35482.20
335.733
46.7720
2.70169
827696
0.00000411529
113080
152.212
0.0000966884
0.192670
6.74978
73.8607
910.865
0.000000863473
73.8152
356474
0.0173372
0.00000835311
0.000062553
33.0290
50505.4
0.00542212
0.0000705191
5.24610
517376
21955.0
250.435
0.0000984681
220.843
1.10375
0.584818
0.0000386790
-686.092000
-0.577068
742381
-0.00000575100
0.00681841
0.00169701000
1047.55
296238
0.0863001
0.00000159514
-0.00147497000
0.0000764800
16151.50
0.000438190
-18471.5
0.000000552048
-724.767
5.61676
0.000083738
1151.42
0.00000366997
759479
-431.115
-0.00000029235
0.000000699396
0.0511339
366525.000
9.23494
662.943
848.30
0.560300
0.0316565
9772.67
797.754
-0.000000050257
0.0000269474
2.70308
752.509
531444
0.000112951
0.00052768
61097.8
0.0000356921
0.7400150
0.0000751581
7.7337700
0.372062
0.00000953594
0.000000520865
-0.000788545
-0.00635960
0.0214790
334.881
73722.1
0.00000435267
0.000000077470
0.00405591
0.00000810211
-0.00995393
3560.42
71.6473
16494.2
539007
-0.00506340
4.62167
-5057.47
0.000000664927
-0.00319569
0.0129968
0.000119236
0.000000391910
-0.00045088
257777
9.81499
0.0000633616
-0.00615154
0.00759881
66.0532000
2223.18
-201161
-0.0179124
0.000952896
-6239.47
7899.43
0.0000885564
0.00695019
-70918.9
0.00548058
6304.21
3.0129
0.00000554874
-70985.1
0.266997
0.000000598875
-0.00574970
0.0000345239
1.1788
7.54274
475.349
99357.1
952.167
3807.32
0.0000239277
7507.56
-0.000067482
3299.89
18877.9
0.00968881
-0.00015848
0.00000771588
0.000000621901
0.00000428865
0.00000241207
0.00363984
6.54661
53.7929
141.677
-0.0000915285000
-249.25
0.000000681699
75.9178
57.5714
-420243
0.00000450923
9.30326
64242.0
-86.9404
-0.00877041
0.0779985
7447.64
5.50789
619.506
0.000000336947
58339.4
8.06945
-93527.3
2.55716
0.000000239382
-70338.9
-0.00912663
0.00151641
-1.80153
0.76206
92016.8
99677.1
0.00000756469
0.0000010619
0.000071776
0.0000729953
40.1575
0.00630641
6.600610
0.0000090549400
0.000000775997
56.3920
6.68592
0.00664726
0.00037064
249.990
93774.6
652050
0.544738
8379.43
-82.708
-0.000736657
0.0697855
-0.0000722518
-0.000909491
916168
0.0892985
0.000000781635
0.00000646002
-0.85621900
269992
-0.971315000
0.000000288410
-0.000615688
597.132
0.00000400439000
-0.0000719988
-26775
-3.3172800
0.0000495412
214.155
3.84055
-0.00150128
0.000000337418
0.0000706244
0.350413
0.0000074345100
0.723975
23017.6
0.000204644
4650.6
0.000000081240
91345.1
0.000000363322
-6.46219
98990.1
49.9405
0.000000024859
-0.000000119519
125.381
0.0085407700
24.9449
0.000000511883
0.0000982608
0.0000290374
0.000875509
7591.4
9763.15
86.9362
9229.19
-0.010853
0.787668
0.0000717188
-0.0024484
538.1790
0.96994
7931.2
0.0000099185500
3.40601
0.00856127
0.758333
0.00995448
550.913
3.52804
0.228189
0.00574895
435555
0.00234565
-0.00591305000
833260
6873.14
0.000597234
-0.988467
0.00000446640
0.0000903940
5.966090
530.039
417252
-0.0000906069
68.9170
0.00000006515
255789.0
0.0000360671
0.000000973025
0.00000112035
936848
194228.000
0.0017940
47.74
0.000000134733
-0.00081739
7177.58
0.0000896499
62.3591
0.0026979600
0.022625000
-8.07388
0.0640736
-7761.36
99.8805
463773
11.5469000
-103.384
0.00000861029
-813083.000
-0.00957277
0.000000463990
-26.1152
0.000424892
5.51413
-0.217332
0.000000183655
0.6261380
0.00062867800
-0.0000932878
18.5140
0.00000971391
0.0000240284
397923
0.00932638
57.271
-0.00586159
0.000990555
309083
41025.000
-9822.17
0.000839539
2.56908
0.00869771
31.8668
0.00000272764
384.398
0.961824000
0.000005870610
0.00000020514
1754.83
-276.441
7.55409
-0.0000091560600
6.24664
0.0772782
-78066.3
-0.0000203788
0.00635675
1.23371
0.00000090124
4138.45
0.00000291004
-0.00000221687
0.00948847
2549.90
-0.00316949
54.7068000
0.000000168447
6374.0600
0.437023
74239.0
23536
0.000364494
465.394
0.006768120
0.464177
54125.000
0.0000231873000
0.0370853
0.000125027
721.08
0.000616712
-0.000447554
680522
244917
-0.00000476718
0.000656785
0.0000868956
0.157087
9.29799
47.4819
0.00000762500
9309.09
0.00282089
7165.8
-0.0201
377073
9322.92
0.0000011537
0.00049530
32.1568
0.000000969352
0.0724831
0.000000048897
-7.53382
2.57713
0.00003120370
0.0045860
-0.0000002221
909914
6.23343
664489
0.0374760
3.35311
0.429989
7177.62
-0.00000259833
0.0000435937
2.67270
0.00000014848200
749195
0.00898905
-7847.85
0.00002133
0.00000160898
5367.18
86394.3
445.464
19.91420
9.19680
-90.6788
0.903122
1.05409
88795.4
0.0000043329
-0.086156100
89008.3
0.000000411855
739678
0.00000071680000
995.223
0.564973
0.0000019573
0.000000293818
0.000000870401
0.000906970
-0.0000052850
-0.00456627
0.308527
0.00503399
10564.6
85919.0
-6.5283
698.89
0.06116460
57677.2
0.0866009
0.000431313
-3769.21
9175.90
95.2136
-0.05448570
9.610
146.640
0.00000074395000
0.0000825195
0.00156796000
-0.00956150
-72096
0.000326276
29848.1
0.895545
0.000247370
-0.578992
0.0629413
-661539
0.000000581473
31.5676
0.000237402
0.000563109
-282225
0.254735
0.0647231
71582.2
0.0000190176
631632
415.278
-715956.000
0.0171805
5653.05
90057.8
10492.700
-60419.9
0.0735730
0.00099750
0.00808763
0.553677
-0.0892345
-0.00005667980
0.00000542058
0.00000634010
30616.4
-0.00041028
0.0064782900
-959.020
220772
-0.000077277
-0.0751396
-504043
387.257
225.22
2694.8
-798.697
-77.4853
47.6206
0.00000562665
496.213
-8.16419
324.223
5.29312
-0.35761400
3.4291
0.000854233
-0.066202600
-749733
-58153.9
6.98496
52.9300
0.000000499419
0.000000296863
0.0000039505
0.0000509440
-0.000000851640
3.10345
0.000000711391
1.62414
91.7371
0.131835
0.000000645140
0.00000406382
0.000121989
-956.759
0.0932184
-0.000000091011000
0.00668246
-0.00041507
0.0097720
0.741744
0.0289523
0.269665
0.00000445421
0.0000806449
157335.00
35.9993
-63779.5
86.8118
3398.59
81897.00
0.00000165879
607213
-0.893575
5.08263
0.2827470
804.843
-1358.21
8.28037
62682.7
45288.1
-5486.76000
0.0893488
0.0764116
-0.000548377
-5.14901
7.03965
-47809
334669
0.00000694649
0.000069331
70.4071
34518.8
8.4375900
794047
0.0000006447990
0.00997300
0.000674142
0.00000495374
0.00000395213
0.000352444
0.0000990998
-0.000851144
-0.000371225
0.0443897
0.0000221356
0.00000606432
0.00000006828
91478.4
0.000000337453
0.034612
0.568459
0.0264187
0.00336742
0.000000833903
180034
1275.98
8.40295
5456
707740
0.000000373944
6766.95
1863.3
783.681
-0.000806035
-9335.5
6.71902000
616690
0.00000968223
0.00026650
81300.6
96425.6
0.000627072
46.7303
0.0905826
0.00000686605
51.3048
0.0000662588
0.000838607
493.965
2.30254
-6005.56
0.971666
0.391563
-0.428004
0.185645
319.0020
-0.00037098400
0.006631520
0.00249656
192678.0
-888658
0.00395509
882.990
7.67139
0.000825352
0.000998339
0.000000893323
0.710120
-4216.20
79424.6
-0.00253633
-30.1305
614.917
0.000515137
0.821
0.00000038639
215468
0.0000893185
917655.0
77310
0.000000844235
-75350.90
24580.9
0.000000985572
0.0090921
-85508.8
15.5145
2.09461
0.0000275866
58184
0.000000147204
-464.787
-0.000279489
-0.000335534000
352249
-0.00170366
0.00741933
-0.0769027
14756.2
92.7099
0.0000359270
8527.83
0.00768983
49.7717
0.00763806
0.000000157618
2724.32
31.8742
-0.000791347
25312.8
0.000000603686
32298.8
-0.016782
159834
0.545413
512.013
-529520
-9044.73
0.00959692
0.0000715348
0.061398
149267
3.06406
0.000000913018
0.325748
0.00000941520
12079.3000
8.92434
0.00029
0.000059535
-428552.000
-0.00000534643
0.0579530
-0.0224803
-0.000265892
78.6522
0.641676
-0.000000821121
4022.99
0.000690875
56086.7000
0.220944
7.45557
0.00000789407
0.00000234357
-0.000573383
449.135
0.0386373
7234.77
0.000000589453
-0.0822126
0.000471440
0.0662227
86742.4
0.00068843
0.00000061145
-202.16
-0.000512605
3730.20
-93648.6
351573
-25.3176
-5691.36
0.0000975626
8934.52
0.0575173
0.0036977
998.598
26558.7
78.3487
-0.00000983634
454.145
0.00000446314
-0.0000492393
-65.2341
5481.93
-0.0193832
0.1734020
0.0977435000
-0.642826
0.0217331000
2.6735
0.000789037
594.396
667.671
-881.960
736842
961.61
28.3567
0.00916455
2.50835
2903.67
0.000465143
-0.000549110
-0.000000597321
0.000000552142
41.2238
-0.650019
50.3236
4.93797
0.00129856
0.000977280
0.01672750
817840
0.00000936384
175.144
0.090905
5130.09
-78.3797000
9.37616
750993
0.674181000
134174
8.14961
-0.0000111764
-89154.00
-0.00993664
0.000680157
0.00000816187
34326.2
-68753.7
0.00000120286
0.000000261210
139350
-94475.0000
71719.9
2607.73
0.000139343
0.00000281348
-0.0000182771
0.0847813000
35421.0
0.00973718
-0.000667876
493.982
302.682
80971.9
0.0661827
-0.0505517
713.875
6276.19
0.000734142000
-2.60377
848350
0.000566874
63.5350
0.1709390
-0.00000858053
0.65547
0.000650608
0.0201107
0.00000604103
0.000000019385
-537071
0.00677124
-0.04011900
0.544470
0.000000798263
-0.000769125000
-3265.67
0.543391
3485.83
0.91305
10913.4
-68.5820
0.0000226545
-202055
0.22830
0.631617
0.00458783
0.000080332500
804.646
-148935
-0.0000744951
5561.01
0.000890858
-6.33994
-0.993849
0.00000210202
-6694.43
-0.0000278727
4701.62
0.04725
93.4051000
0.0350012
-4.1923800
0.00584538
10179.5
0.0844150
67.8276
-0.0456519
0.000000381244
94753.0
-4829.320
8652.600
-0.885610
39.1146
787088
631049
-0.219279
0.00000174934
-757.594
64776.7
-0.00467110
73084.9
-95.3681
66513.2
329.300
327.038
-0.000775511
5.57580
0.863451
207.804
0.00000663926
-0.0885911
82.4687
-0.00168917
0.0000822430
559746
49.1286000
30080.5
1438.10
0.00000559745
-3.56852
0.00831503
0.007249820
0.000007241410
-0.830289000
0.000043917
7722.27
0.000002142
-0.00000073420
-0.0556982
0.336304000
0.0000660546
0.0000208891
-0.00250583
0.00090156
-848.499
0.873396
0.845881
-0.000158115
0.0659125
45418.6
28.3187
70615.2
0.000000746920
-0.000000538148
6.49392
0.00000607989
-0.0000691727
0.000038144
0.2270430
0.0468589
87074.6
525224
-0.000000436831
0.270410
-894.082
10848.8
0.0617908
-925.636
960017
0.00000436640
-245.430
0.0000066847
51126.7
0.0000001587660
-0.0000799656
2202.91
0.0000691438
0.0970538
0.91962
98.8395
-0.000000146958
3.38066
1599.14
275450
0.00000861174
0.0403384
223.028
-0.624171
359247
16.7486
-0.00000832579
0.000000690342
0.762009
-0.0000450566
0.751233
0.0754785
0.00000160224
-0.0000437684
0.0932333
0.489698
46.1806
-0.00143683
0.000388750
55201.1000
85958.5000
810425
781.856
705598
-0.000800502
0.347486
0.000000727243
0.000002661640
25633.60
0.0062534400
0.0000696441000
65.8835
-11197.0
0.0000559636
0.00217469
6394.39
85433.0
0.000000653078
26.2251
8.69018
0.00815082
-0.0000651513
0.0491077
731.795
0.0000302879
0.0686933
0.00000995524
-0.00000840651
4.18093
0.000000572874
4.88239
0.0000083519400
0.00263261
183.202
80.8130
0.000502690
0.000009517
-0.00763721
0.691813
-718.011
-98611
0.00000975839
0.756362
0.0000749796
896.224
-0.00000532951000
0.00414198
0.00000236371
-47.0330
0.000000096853
-0.0571456
80.0487
-0.00285025
-653.985000
-65.9337
770.181
6637.37
0.273422
3507.67
179.02
0.0000996108
0.000100941
0.0000401148
0.00000161191
61.6355
262.0900
907.855000
0.0000151320
177.933
329274
0.0226182
0.000993232
842568
131870
-41.7484
-67234.1
-0.0420453
9210.63
0.0026234
652840.000
0.205230
19.8548
22.1051
486.423
0.0000441568
-75811.1
-0.00000820968
-0.000000767354
0.101143
0.000000622884
-0.0430014
-0.000000128213
-55118.0
0.000363065
0.0228444
0.244599
41.6888
-0.0962621
-7935.3
9566.94
0.0104755
0.000000503164
0.00075101
-72746.5
215580
2293.44
-0.0537913
1570.60
-2078.21
4.07327
13683.7
0.673676
0.00000282789
43.9075
-62849.5
90.385
16.287
0.422190
11.3555000
99493.8
-2913.85
40.31
737.685
-7254.78
0.0200126
-944.743
0.0694903
0.0408388
0.0676136
9.52488
909365
75335.4
0.0810427
-0.00000603894
38347.1
0.637237
320340
51726.6
0.00000113259
0.000000949516
850651
0.0634059
9.76615
0.0908088
0.000000780366
0.003129
-246967
-0.0997956
-0.0000634196
0.07036
0.000000160434
0.339521
52.1955
20927.100
64327
0.0000292995
0.000054166200
-3333.49
-0.000000012056
79923.6
-105.167
0.00172345
0.0000145849
-12012.0
-0.0008249760
-67.22390
0.177208
0.00000939606
9972.59
0.0315720
0.0926777
0.000000688019
843025.0
1.8094
93295.0
0.000000734355
-2.50945
0.0009325060
2.26507
22.8667
420456
1.44177
0.000000710410
0.00000580065
-272254
0.00777723
0.0000642604
-138.488
25.3320
0.000000367340
0.697474
0.0254159
-522521
0.000946670
0.00000754544
0.0000610009
0.0000488779
-0.0000568345
0.0677926
7.75552
0.000000305882
0.000113773
-0.0000127864
9.57891
976055.0
96.761
-0.00000855632
812.267000
5188.43
9024.82
-0.000000774585
53825.6
-0.0000245404
-0.0645872
7.18701000
0.0000485099
0.0000682644
8762.89
0.923680
-5.39484
0.000000506868
0.0000306674
0.00577285
981640
-0.0483553
0.0312654
0.000902964
9653.73
-6.837820
0.0000155545
-2207.0
-0.316583
60436
0.514123
3521.21
-5204.23
-0.00832927
503.747
0.0000088769
0.000909081
-0.0255644
0.80093
0.0000030427
0.00886860
0.0000056047
55.7390
4.80012
0.17409
-0.00829493000
-0.0184766
0.000000476060000
-0.0639746
35630
7302.66
44613.9
35.326
0.0170763
0.000597363
-12.7982
0.16155
0.00000737101
-217721
780552
-0.000000989524
671422
0.0000927114
0.0000885824
-6225.32
0.00000593528
1.13166
0.0000504973
-392590
529080
820.632
-0.00104594
0.000259654
1.08676
-672.067
834.388
53410.8
0.0000859097
498286
-0.00000043528
0.00692476
9376.62
0.000373736
93.6190
47468.4
8.05770
0.00000801873
0.0000001111620
0.0000005822100
72.946
691208
-0.000000538088
0.035679
0.0467558
-0.00126083
-12958.0
0.000000552658
0.0064
-0.384380
0.841044
-798.254
0.00000588242
0.0840752
438314
-9.3103400
592086
50.9820
0.000000173256
86846.000
0.0576488
6.58356
0.0000558306
6.67756
-0.00000628327
422.729
490769
-0.00817276
-0.0000871935
0.00000012197
0.000000200856
6583.10
-0.0000594663
-0.000000898050
0.000183164
13.1904
0.0000158635000
0.00000900983000
0.0000448913
-95517.2
0.000000383652
0.00647190
0.000000072783
-0.000000643302
-0.0000859811
647.874
-19647
938775
-17.5992000
0.672843
12528.0
0.00001879
320.022
0.000000061217
0.0000984084
0.00493907
760.667
0.0223426
-47.5773
43429.2
420.536
96246.6
769695
0.000954596
239676
2778.18
0.00483733
0.000338610
69.6324
0.0000765199
0.000445448
91.9881
-21.9602
0.844723
43.7433
-18473.0
0.722190
450195
547990
0.0000007461380
-0.000623886
0.0227889
-4.6117
-0.0000882830
49.5500
-8904.95
-0.000833603
0.0000000334430
5.49705
0.0000408104
0.00000920930
-0.512387
612.265000
0.00000189155
0.000000136149
995762
0.000000817353000
255898
0.000287364
-75.3168
-0.9450330
-0.00128937
-600256.00
4238.55
0.00006735480
0.00000954684
0.222271
0.0956356
81.9207
6192.4
0.0000703166
489.796
19407.9
2.71395
890.88
2097.2300
0.0761836
34467.3
9.97031
9.81503
20.5619
0.000987874
0.000000349344
0.000000328198
70491.0
28.3920
0.00000262037
350.167
0.0346405
-981092.000
-0.00628818
0.000928829
0.992778
-179.788
18122.1
7.69133
22930.9
86.8849
27.4951
0.00405886
92372.0
0.0000755943
188180
0.000000385133
175813
0.000298229
5567.9
1.75096
-49246.800
0.00478646
352618
0.0036052
88.9710
18535.9
-0.000781631
0.0816847
9179.47
0.000377353
-0.0000615042
0.000474129
0.00866795
9171.69
0.00011490
0.000000122565
0.00000766652
-0.734095
97.2793
0.00000203067
8128.47
-31594.6
25746.7
-9795.98
36457.1
-0.00622449
94.7542
0.000000354947
1.78945
0.828518000
52233.0
-5.42616
957577
0.00817142
-0.00000780108
847512
-8761.17
0.0000516420
0.0000771861
0.000034569
952772
0.0047284
-7.66989
0.00000224188
56.8661
4871
-7.12701
37789.9
0.0000163372
0.000000652686
0.00948474
-0.567218
4.12965
943320.000
0.0663264
-93788.10
544.117
219707
-0.891804
-0.0000123905
0.000338123
-0.591571
565.081
0.00000480770
0.00000889076
0.00499713
-0.00616812000
6513.5300
549655
0.00000515240
0.00192066
0.000406290
9.38721
7363.81
2370.48
0.0000500238000
1.7209
0.148623
-0.00322977
0.000253753
0.0000447166
0.000313840
33.5486
0.53901
15153.4000
0.000079126500
0.0282472
0.000000481008
0.0687557
0.555014
8.40782
-40.9182
-0.0000481088
-3239.99
-0.3200510
-76790.6
73919.5
0.00684913
978.574
0.000092888400
0.0301337
-0.0000047482
0.476526
-326080
-78.4811
9872.73000
0.000275171
0.000000419168
0.00556060
177.867
301822
-4.65284
0.000163232
-140348
0.006821
-891616
-6.760050
0.000110560
4.21260
608488
0.000374007
9130.01
0.0000143369
-0.000000656136
-0.000609458
0.338132
13.6651
-15671.4
-0.000222862
1.88616
0.000000005798
-176.008
680.484
906.553
0.000555415
-956.639
640516
-0.0000366418
-0.07024700
-0.0000952066
1894.55
-0.00000752639
0.22951
68.9149
61.7078
0.000664046000
0.000000740178
0.000000320541
0.000000302470
214235
0.000000313437000
-0.000281865
6.07047
0.0271224
-186.038
0.0112995
0.0000945054
0.00912416
63482.6
17614.2
0.0000888944
0.729474
300.937
24.8947
-0.00000069592
-0.000000645326
-0.07574720
8517.10
-5.80507
0.00517677
475.256
2530.05
9.12225
-0.0000783290
-9345.19
8.251740
-2453.54
0.0472610
-0.00632930
0.000000280598
862.735
0.00301759
0.0000933162
0.0530115
60.421
667.524
-0.0000391143
472624
-0.000299527
0.000307655
0.00000625966
368955
0.000000474189
2.3635100
4.86301
4.24135
0.00025132
-5001.97
5.54953
-0.00357012
0.0315910
0.000000679256000
253786
0.000316625
-824877
79471.3
94.5554
0.000923044
0.000000912820
0.000681561
0.0000954144
0.00000550295
175.605
0.000000650535
-0.00365302
12.7560
0.00000106727
95207
0.00746116
0.00000461555
-0.00477982
-82.1791
0.00954159
0.000433720
-74.051
-861.938
7.37852
0.680068
638.042
1727.5
0.000134613
-0.00228283
0.00000838375
0.00000789242000
489.69
-3.0376000
829088
-0.00000543607
0.0000600959
-204.293
0.00000004553300
0.0020872400
50.5323
-0.00718516
5.79805
0.000608436
-0.00342490
-7582.72
-7451.68
4520.73
-0.000806779
48.4716
0.483776
-0.0000143681
0.000830036
85.2826
-5.45668
-11795.8
43.3431
2011.35
0.000887151
2.3906100
0.00299889
-0.000000148768
0.0000001380
7211.98
0.0000112837
43680.1
919.149
-47398.7
-0.000000958934
0.000540807
0.0000459662
-0.0000564495
959055
29499.3
-2903.43
32821.6
33.134
-1117.00
420838
-0.794546
0.00324489
-9452.98
0.000000690723
0.000027392
0.000000920355
0.00000270608
0.000000787416
0.667873
323461
8.03033
0.0616986
0.00000366102
0.00024056
-11108.8
214758
41.7881
0.000207434
0.0858821
0.000499995
0.0166911
68.7115
1585.01
6106.02
-0.000976269000
-0.000000162011
0.000183208
0.00000869116
566.702
0.00227999
0.0595742
0.000000172537
9.4953
0.000000227196
-542.979
75051.00
1.45656
0.00000731865
0.00000107536000
6323.61
99160.9
-63.2696
994.050
-387.11
659658
-3396.11
558.400
78.8136
-0.00000034070
476023
-335.925
-0.00000564954
0.000512924
455428
0.000460238
79.0433
0.00000621267
0.0903568
0.0706171
962365
-0.00000577368
-0.00000532895
634.309
95.02060
0.0000424144
-37.3235
290833
0.000000923709
-597.557
0.0000039659
-0.00555064
-0.00485345
0.0806840
0.000000406648
0.00000559779
-27.7276
12.4635
-545.429
585.29
0.00636626
0.00368548
1214.03
872367
-0.00000909997
0.00347905
-9423.31
81156.1
-0.000529449
49.6349
0.00627411
7.23286
-0.00552435
80354.7
0.00000168420
0.000000142469
19273.4
0.00655086
-0.0275301
910542
-0.373245
78.884
-2.46929
0.0899967
623289
96.1756
19755.2
-559.246
0.0485811
-98.3845
830458.000
0.5571660
67.6100
0.161772
-56634.1
0.09839
0.00000451594
743458
0.000939353
-2.16148000
0.558073
-0.0000071601
4.91899
-321630
-0.000441866
89.8865
-55790.10
-650.1080
9.63952
9.56819
9740.27
-0.00000610000
0.000000210128
2.50506
-0.79258300
586723
-0.00514607
-0.000000853228
52.7670
4.19305
455654
-0.000000412245
0.0856760
7113.48
0.000000479398
0.000406861
-0.0000733723
0.00913981
-94.3531
0.000000862059
0.0000643274
0.000000314240
0.365445
-1654.68
0.00000863214
99.2803
15334.0
-0.000894518
88.2509000
0.000000012403
77468.2
-0.0485517
-0.00000411826
0.00557349
-0.435514
79.1584
-0.000226435
774493
0.0806322
0.0289472
9.39067
-75321.4
0.0059290
0.000109989
344.227
0.0000009584020
8253.31
0.0569457
6.5240200
-1888.90
-62.6065
5.52437
0.0804619
0.000000145329
0.0000077923600
1.70636
-0.00000277916
0.0000107103
-788.482
0.00794183
85.2790
-0.0894977
3.40057
-57063
460.99600
99311.0
0.000000509153
-355126
-0.0683915
908.285
5.80934
941703
989693
-0.0210136
30629.6
29291.4
-0.0789320
0.2505
-712588
0.000306725
-10.9047
-5.6789800
-825977.00
174540.000
0.227115
-638.980
888306
-0.000000328910
0.0392691
0.0000008159550
-20002.7
0.661964
0.000458638
16865.6
7.4147600
40.79900
928.232
76165.9
8694.59
0.000833711
64323.1
0.00772479
9409.47
86.4672
0.00000772432
1.06536
0.000159381
3098.36
0.000000945578
-321.126
-0.00003756
0.9895460
0.0000765140
3206.3
0.00801103
0.000890598
0.00602517
305208.0
0.0000677547
-0.000000542242
0.0000038893
-816.789
-0.0000931519
-263.382
0.922687
39470.800
276200
0.00000544380
-8.15080
-0.982769
0.0954905
1843.97
84527.0000
-25.9998
-443781
253.37
-90.7603
222998
835059
6262.94
-237270
0.732836
0.0000579043
669.326
0.00424219
30.6064000
58349.1
0.0623140
970.265
6016.88
4667.84
0.000726740
14.3643
0.079134900
79056.8
0.00901823
396499
-20.5165
0.0407520
-0.00607809
-0.07624760
7.975000
7087.24
-0.987294
0.915372
0.0298025000
0.00000262135
24.4092
0.380491
611.02800
19618.8
1934.88
0.000819280
0.000000716390
40143.3
13.2165
631138
-0.00523865
425016.0
0.0000142500
43202.3
269.986
9404.77
-2228.62
0.00000857179
-0.599688000
0.00243097
452.301
-93193.3
-241.51000
0.00149379
92651.6
0.0457652
1400.86
0.000188690
-0.0000127094
93.1680
0.000901791000
0.00000600499
-0.0000847607
0.33357400
916
0.000584803
9675.9
0.0373453
0.000000837771
0.613760
21.5414
0.572301
0.000821086
773.372
8.86491
-64358.0000
313166
66.0346
0.513300
0.00000718648
372.01
0.00000506325
0.000419531
0.00000201387
0.426730
0.000440889
-5534.42
1187.36
184593
0.0000822920
0.000000054797
972.924
0.956283
798.944
-0.0196200
-359880
0.0000930442
856544
25981.9
-35.431
992985
8306.08
46547.8
-0.0181624
0.458818
-0.00847471
0.00000359331
0.813874
-40576.9
-789824
0.0656150
519341
-0.00827281
788.10300
0.0211334
0.000000638739
0.00000864440
-0.000000576975
0.0005314050
-0.000313009
-0.0849068
0.000000099654
0.00506589
-0.000000534434
994679
0.0028327500
207743
0.09531360
-15.8476
0.0005568710
0.00330581
-8.1958
-0.000160049
62.8555
1.34683
658651
-0.000669745
0.534182
584474
0.094605
65867.8
-0.000696347
0.000000077037
21509.10
0.000000293838
0.000000699045
0.000000750230
0.00429356
0.000074785
0.00000626973
332702
-0.00000348911
0.0000833709
-77225.800
0.000765042
0.0000289314
0.00179865
11694.1
0.000431147
-0.0496723
0.0666508
0.832639
0.802075
0.00000352896
-0.00000793972
-3.63492
-0.000000539782
0.00000951091
14.665900
-3.82108
97.2302000
0.0000149518
0.0746140
0.00047547
-49.5368
35.2778
0.77490
0.8798840
0.807034
0.0000652666
0.109341
0.0000083404
334.223
98.6072
0.0000414520
391501
951050
0.00984307
0.00871309
-0.835989
6.30145
43759.0
-853.853
-123945.0
43.810
-828447
66031
0.000001931800
909065
0.265063
3666.08
6.00244
59590.7
-0.0065063
0.0159797
3.04799
0.836442
787.101
0.0000708456
-8.80752
2730.04
-16.0064
0.0462088
-915.65400
285591.0
68679.4
5612.26
0.000203236
0.0045755000
0.000000441043
391.84
0.460599
-289.101
144966
-3.2190400
4361.52
0.036504
-0.0000711726
0.0077853900
-0.00898317
-0.000000286440
7591.63
0.49671700
64335.9
127838
0.0000448161
90482.2
-0.0777289
0.331851
1128.61
0.00177047
4.23349
-0.263983
0.0000793740
0.000000742025
48.7020
0.00022765200
0.000025945
966953
0.000000487713
0.99126
258.875
-4256.34
-80.7278
0.000000188718
0.0032702
606920
0.000930174
119358
42476.5
9617.5
-662.693
-179.648
0.00000079558
0.317427
451.841
0.000666240000
0.0000406284
-247.670
5271.68
113.371
41.3793
18.9282
0.00057304900
-437.53
0.703391
-0.734335
65592.5
58526.10
-0.10211
0.000000211710
801450.000
0.379506
-0.00778222
0.840180
51.0863
0.0000157884
59676.1
0.000000587523
0.0027143800
35478.2
8.05590
0.000000952393
0.000422243
-249.808
73672.5
0.0345977
8247.69
-1.69889
732.1100
-0.00000722372
593.189
0.000948480
-0.000000070630000
0.00000873267
-0.00000422757
24.91150
0.0830049
55.908
-76.7068
-0.00000876147
0.015615
-163.559
102.024
0.00006665160
0.0117952
0.0954728
0.00007426550
2.37494
0.000000760013
0.00000961005
0.000475637
0.000000959922000
82560.4
-91.8458
0.000000175364
560.169
-0.0000212881
-758.197
-0.00705780
0.000000504413
923505
0.0684761
0.000749009
892350
0.00000943173
0.0000079968500
0.00000085988
0.000000639187
9123.06
764170
484.558
-0.00000418363
333.797
84777
996.366
0.00000758684
16163
7999.88
0.0000393723
-45.9893
-0.0282826
-20297.1
-0.0000506467
85.4025
5313.41
0.000000628029
-858.390
53157.800
-939.522
7.83134
0.000000847323
424028
0.00928254
-0.00000851445
459487
-0.00000745986
-26215.0
46.69050
66.1311000
905985
0.000117974
0.0000958053
-0.0000207514
0.00657750
0.0001120060
0.000652883
30.976
0.00000321293
31907.9
0.40205
0.00000313813
0.0074451
0.00431448
-46565.3
-444.641
-0.64786
0.00482057
17254
17144.5
0.0284583000
8.17439
-0.000000261961
77313.6
30794.200
-0.000128513
-685.456
8.80690
923807
2081.29
-0.000689525
0.00532361
714.530
5093.9
0.000000082057
8.06422
0.37432
0.000294707
-0.000000111976
82.949
379572
0.000000754750
-0.000000650551
0.000000970797
0.00490201
4.8970
-0.0576374
0.940437
0.07857
0.00000438101
7920.03
-0.618339
41369.4
0.0555484
89.9026
555600
2863
0.0000812641
-0.00000266255
-0.00000122722
-0.0300319
0.0553529
0.000576694
62.0117
0.00000679318
9453.68
885.992
0.000000770238
0.00000562043
0.0015833
0.631381
0.00949259
0.0006745
-0.0452786
-0.0019400
7.02878
0.000000547117
8412.16
0.0804219
-0.0000847568
0.0435322
-4.83223
0.00000551947
0.0000708430
0.000065968
0.456771
818.981
-0.000000572729
1.149300
4649.94000
0.0502534
480979
-0.00054294
0.0115834
-0.0000659579
0.00000615643
0.08471510
3515.05
0.000000935684
36403.7
-0.0000651911
-0.00300465
-76631.3
-1793.51
0.00000255401
0.721488
0.00768795
412.646
84176.6
-0.00121801
-7.46579
91.5506
0.000001669
0.0277373
12.4830
0.001543260
0.00302047
8979.3100
0.000000513771
2.03546
703908
0.000000228814
0.000780418
7072.00
0.000000440476
95663.8
0.00035335
-5885.99
3030.43
-12625.3
110103
0.78461400
0.00782631
5.19695
4.43730
4.33286
4752.48
0.00000438729
4405.56
0.0862061
-951.620
-873887.000
72.5420
609.394
421829
-0.00000782033
670379
0.00502364
0.667658
0.00813989
-0.000009226
-0.566304
0.00000680351
0.00210714
0.0000658633
16908.6
0.00000181399
3497.73
0.000145190
-0.218701
872.846
-0.00603929
0.000763462
-0.00000982324
911936
0.00000380293
528.61800
277.732
701570
0.000598800
0.00781043
0.0638599
7403.02
-0.000917794
6.527050
0.0000608559
-0.00986878
0.578623
0.0000703688
1970.1900
0.000839071
-9.78305
-672303
64.4631000
0.000018327
0.0460212
996.759
0.00000534783
-36.3953
-0.0000917566
0.0000888194
90538.0
0.00040028
0.739066
-0.0877371
96.9807
36.504900
0.000565792
64.4528
0.000408722
-631093
-20562.6
-0.0000635767
0.000000114655
0.92402
0.000875682
0.0000005622030
0.0000813945000
0.000000045603
0.0000704750
0.00000049840
0.00632533
-0.00492798
0.000400999
2.33533
678.66
0.0000020280
-0.0004814100
62.5161
-0.00000770255
39.7129
0.0984288
0.00759769
870.472
0.0000041371
-0.0000844430
0.000000762103
0.00000964160
448.626
0.000622553
0.000000945150
-3.62740
110.118
739192
72.1472000
0.428147
612.569
0.00000554387
0.000328104
0.0000913696
0.00350904
-713992
0.000000922620
-89500.800
-0.0249461
611910
19597.7
0.0594164
-69152.9000
-75.7024
0.00000231283
0.0394804
2.13776
0.0538041
0.00142839
7.37634
4.53474
0.0266795
0.0000536897
-8520.00
983089
733537
0.00000682141
-0.000775887
0.000000728273
-0.000000909446
6420.71
0.714780
88901.3
0.983166
447.50
0.000000457839
0.0992331
0.0237648
0.000093913300
-0.0024112200
67745
-0.0000688253
648.244000
973626
0.0323047
0.63434
2.41163
-42897.0
703654
196726
-0.00000347816
-4256.7
0.222354
0.00480291
0.23899200
-0.0000557650
0.000000744608
32.4662
0.000000431559
0.0796627
470393
-3493.17
768.686
0.0283884
9.34571
16.0462
89300.9
-2.32427
-611.659
0.0000406015
0.00000953930
-0.000000314696
0.00818759
-44.6190
6.393
-0.00000307838
10.7742
0.940995
391606
0.0000896498
-0.00143170
795023
0.000549705
6309.52
0.005502
0.811490
0.0727103
0.990144
-22.7439
0.190372
0.000029468
0.981094
699366
9411.550
-5271.93
25.1781
97096.7
-274141
0.00004565310
7799.72
0.0177768
0.0166118
5920.81
0.0050697
-0.0000535854
0.000628471000
31.5927
9585.83
231.232
0.000000161996
-0.00902860
0.00000884776
0.0122652
0.00539890
-0.0000855351
0.000000338104
0.0000090995
27.4995
0.000000029745
0.00000701578
0.673902
37728.6
617.041
205.278
97.8502
0.000000528297
0.0000769697
-43.7914
956.469
-944970
-0.00196586
0.00000774416
-842818
435.6730
0.0348973
0.0000055021900
6375.56000
0.000413085
0.0733461
0.0584479
-8384.95
0.178115
0.0000204345
0.00000658690
7.3838
-0.70122500
33.6122
690703
4.44690
0.000507360
22534.4
-0.0174952
0.000749433000
68597.5
2.47616
792.62000
0.000000165143000
0.0009762
2.65019
2.67626
0.00051557000
6056.98
213.188
-67470.0
0.00012840
6.77525000
0.000269253
0.0373984
0.00000494885
12.792
0.000000095641
0.000254285
-0.000000672899
0.00000230116
-718.79
20.2870
0.00000807334
88.48250
21180.3
0.0000901140
4.40136
-560381.000
0.0740507
0.000197920
394.739
778025
-0.0481911
83.6549
9.43327
-0.0000796851
63.1909
7681.71
-142.984
0.02751840
0.00394858
0.0300991
638559
125.111
256492
0.0000290569
9.31562
-0.0074461
-0.0642008
80604
0.0088561
2.02030
0.00000315380
-0.0077519
0.000000980432
0.00000627700
-0.000000378029
-0.665251000
-2.57252
-0.403959
0.00354746
0.0000093028
0.00000103677
91.3108000
0.000788273
0.000394042
0.0000200863
720.711
0.00516939
0.976171
341881
-0.000000600746
30958.1
1.5062
-0.000000787018
0.982343
3.00850
-0.000631981
0.000751155
59452.1
0.000000345438
0.00777989
-0.000000905306
52014.8
0.000668222
-51.642
97.0375
757970
0.000000383737
0.00000456927
0.00783732
0.452417
0.0187700
-0.000000632750
-0.191370
493.606
84.547
156681
52315.700
0.00595970
-438.116
441759
463481
-0.0971549
0.0000459514
-0.000000417466
-0.023105
992.64
25365.2
8.4584
-0.0713086
8075.70
40495.1
0.0651172
-0.0981336000
6926.80
-10133.9
0.000520374
0.0102717
-627.998
-0.00000795875
0.0275428
0.0000737475000
651832
-610.963
0.0124624
0.00658963
0.00005157000
0.605530
58.040
0.0000980508
0.00000125905
540760
-995583
83.5889
0.000000231124
0.000560243
745589
0.0715491
405190
46586.3
88.977900
0.00000777011
-270.283
0.00000001125
0.0954747
0.00722809
21313.1
447.591
2964.85
1.29388
0.000122961
-578.38000
201.737
190960
0.0769248
0.00000336254
-0.000192625
8109.74
754907
710.314
0.650389
43.7763
-967302
0.0837415
-8646.2
0.00284912
-0.000000767378
1022.06
-4341.7
99.1621
866386
0.0000510740
-3359.27
0.984990
35956.1
-313330
0.00928445
0.00000960011
0.0085521
-0.000009363
205.222
0.0958032
867639
58.0335
8199.42
3.2604
-0.003827030
422180
-0.000000706740
-79395.9
609.93
9113.16
-37.0671
9259.05
523980.000
7133.63
-0.00000469818
-111120
26473.7
0.00000532187
60.8800
0.00554697
-24.405
0.000922018
55887.2
-0.000504083
84.2543
0.0000247763
-0.0939
0.000338764
0.0963027
1501.39
0.94318
1711.56
0.697081
8.6920100
55.5147
37.8813
-0.0397232
524997
0.730541
-972551
0.000000741506
0.559273
0.0932825
3.961590
-0.0000271720
-0.00000903591
38.1088
0.0217537
791335
91712.6
0.000438514
51337.5
0.0589813
0.000000353075
0.0173939
27016.1
0.000000323531
-0.00627849
-25168
-11.4545
-9154.94
0.00000210006
-0.000000084427
90.1201
837.943
-954279
39611.4
-511.86
-0.000000743367
6.4443
-0.0000873576
-0.0000104092
-0.00000219827
18.17930
0.000276634
0.706033000
0.000000492107
6.87368
0.0016046
-95626.20
0.0881962
94809.3
19.0206
-0.000000100106
454700
0.000115518
0.0000441198
358.626
-0.00000301314
-7.4630
0.0285869
90098.2
-46.528500
395.0
0.979471
0.0000588785
-0.00463517
-0.774729
0.000000256448
-0.00000597594
-0.0146839000
0.000000090374
0.000919061
0.00179923
1292.460
97.9956
53564.0
0.000056902600
0.0000858793000
0.0594656
-30.0179
0.000000774106
0.0000818650
76.8353
15.3697
51519.9
92030.9
0.918905
569.555
0.00000498079
2.16723
0.363431
-0.00616783
0.00651070
0.0000885806
-0.0506408
51.1538
-0.000000272617
0.000999011
52.6176
-754335
892131
0.000097997
0.0000964512
-40124.1
59.6357
173.510
0.00352555
0.00000777810
-560.987
-25927.4
-9686.36
47331.400
96810.1
0.0059187400
0.0643121
0.00000780560
0.0000543568
0.00951422
0.0000665067
-4.78006
-0.000810239
0.0571954
66930.5
-871.206
5102.69
686082
0.658359
-347.703
-8.51436
-17998.0
-5125.43
0.0000004564
-0.000894399
0.00000072273
-0.000064495
83.3864
-420740
-8824.47
8509.01
-0.0000877184
-117.044
306324
-3111.15
0.000616737
8.3656
279246
0.000000450573
0.909845
457949
422702
0.00000298016
0.787376
0.0000181360
0.0000738116
-0.9282120
0.00000408264
1.129160
0.0000605452
-0.007082210
0.079310700
-43419.6
53.8871
3.73343
-0.0000436915
-0.000000160516
78.4729
0.00829512
-0.00000723817
0.00964496
9.78493
4518.680
0.0000770525
8.62835
70940.6
7439
-0.0000678165
4.88187
-2691.43000
3.29418
0.000666575
48.6590
17396.0
914906
0.000072202100
0.521107
0.0916236
0.914416
-0.000892540
0.0196292
0.000415277
0.06346330
-0.22559
0.008602930
0.57055
-37704
0.0179425
-9.80616
26058.9
5.88225
109.844
487162
-0.000989698
7.89800
0.907299
51.019
5.76497
-98334.0
99974.9
8.56036
87.5866
0.000040364400
-0.000438719
-0.000097931100
95.914900
0.0274845
53196.1
0.000000649162
0.530499
-802792
0.503846
0.0782592
55793.8
0.000000892895
82.7389
2555.1
535.583
0.00000966480
-77746
980.94500
0.0000729170
0.00171428
15024.0
0.000000842302
0.00000302764
8.71057
0.0000929987
829305
0.000698326
0.985349
0.000368454
0.00000150324
7.60755
-0.00000474263
0.000000690817
-40.5696
0.9869100
0.000000343411
86014.6
0.051571200
681544
-337.514
5616.13
426.129
0.0000081703
4.50674
0.0010411
685.091
-0.00116369
-0.00000867953
0.321965
554942
81.1651
741597
-1406.66
580.518
-0.000000742573
0.118388
0.00257686
-204150.00
0.639725
0.00000098797
5.29260
-379621
1027.7000
0.0000662882
-0.00724624
0.00000429147
10329.0000
42.1773
0.386295
1497.24000
0.000000268384
-368940
0.463265
-0.0000291712
-36.3548
7.49589
0.185486
0.00000671245
0.0000919666
0.00000441842
0.000654866
-9.31997000
4.86999
0.000000195888
-60.5507
-0.000404367
-51.5900
60.017
-0.000029038
0.00000742779
0.00000909471
0.000330771
0.00496191
-0.07784
0.000660884
0.0318159
225022
-0.000566574
57622.0
-12489.1
-0.0000923560
0.00000944738
0.0000746627
-1372.53
960.455
0.000000494921
-72946.800
-0.000000612562
0.000000263342
844045
0.576574
7.2366
128035
0.000000329202
-75452.3
0.0000463273
-0.00000528931
7972.1
0.00000067841
-0.0672748
-6725.4
65.3726
3003.6400
0.00000551771000
-0.00396115000
0.00000053986
0.0800449
0.000000529867
95.9980
-0.00000142971
2854.94
3185.47
0.00074594
-0.0783525
-0.000000211038
21.175
-527711
0.000000982651000
8643.74000
0.524913
9361.57
-4067.2
0.00004051150
6.60836
8842.44
431539
0.564684
-0.00000591766
-0.030038
-0.89843
0.000000568349
95401.8
-0.879980
79.5360
0.000057826
-94328.4
0.0000003274
344831
96.5903
-0.00000943746
0.000000433059
0.00000787693
0.398880
-87651.4
2334.71
-13.9501
-4.234600
0.000208882
-0.0014710
87.6496
2.28175
0.00000233098
-0.00000066302
0.00775582
237.016
-443.929
0.462915
1.84240
-0.790643
0.754411
581.508
-0.723975
0.00005083570
0.000000887444
0.000000534667
738.8910
-0.0000580339
0.000121567
0.328852
7384.59
806.318
689596
-0.0686789
0.0720579
420.637
875150
0.000126283
-0.000000184677
0.0000096075
23.5905
-389.974
0.0000471799
0.00783050
0.561061
0.00000469405
8.82368
504.153
0.000000196537
983878
0.000907940
-5819.96
-0.00312716
56981.2
0.000445575
85194.8
54184.4
69.7316
0.00000161705
0.0000989632
79.0345
0.137060
-0.00000607189
0.000000475371
0.702882
0.00771917
977.64800
0.990575
0.0000494067
0.307967
29626.1
0.00000194050
-0.087717000
1626.16
-0.000637885
0.15235
195924
782.381
0.000000177196
3.87975
-0.219093
-937056.0
0.000032620
-5.71860
0.0529530
0.000765761
24.7295
181.053
-0.00000055548
-8.5202
3797.900
82601.5
562.541
54.213
0.000000328935
0.933626
0.000633001
5392.91
50.5821
0.626651
7451.3
-442070
0.00314069
0.158886
-6.21304
-679991
-0.00484167
0.000000736468
-0.403578
27.36600
0.0179200
72206
-0.00000059318
0.0000315293
0.00979847
28.0731
0.0000089563600
0.00000257544
0.0000143147
0.0491389
0.000000727372
0.000218072
-0.0253233
-17.6922
0.00304177
-0.570245
0.000000538251
19008.5
0.00575565
0.00000180232
-614649
-0.0377198
0.000216535
508.666
-5577.42
-838.196
4290.87
-0.0000669520
8.20636
0.0000010385600
0.00288279
0.0000388328
77.3918
912261
0.000001964
-0.0000388260
0.000000018429
0.00320097
23.045800
0.000000902658
0.000203346
-46820.4
-0.888905
0.00000832510
-0.0234266
25.4938
0.00006577330
93520.7
-0.0616121
-103036
0.0000429817
0.00132143
-0.000535309
743.586
0.00696032
50.5126
-59152.7
0.0519972
76.6679
29578.0
7.65139
0.0126647
33.2201
0.254013
-0.000000690308
0.00412059
0.00000400212
84.2783
0.874103
48.931000
0.00000731340
4142.5
4.16026
5606.90
30623.4
-0.0000306562000
-7.73095
0.0288328
0.0000042780
0.22209
0.199455
44571
0.0304303
0.143807
-0.00000549637
0.000000062658
640170
348331
9634.4
0.0000264824
0.0000766506
-0.0000251956
0.28082
0.313606
0.000093501100
6.56300
2.11347
0.00000341610
-0.0000089770
9.37935
0.000109362
0.0000013477
2925.25
0.000000322739
0.000340878
0.000000744089
458156
98.4810
0.000000552057
655.035000
0.000000578220
0.00000270544
-0.00000003271000
-0.0887487
-6997.7
483.691
0.0000032479
0.000493960
3578.3
0.007879
-9.7009
0.00738998
8.03747
0.000000522931
0.00000555578
5.88470
0.000443155
0.0378887000
81574.8
-6736.38
0.00172070
7496.40
-0.00501688
0.000590348
9.44121
-0.0000523523
0.000000174117
867.69500
-0.000000468578
-0.0271964
77.3512
983116
39606.7
0.00696916
99.1067
2.82775
0.00000828174
0.000199596
7.37756000
0.000600420
81.2560
109.102
-945610
6.89451
0.000970873
-0.047764
7011.52
0.000000527711
616450
9317.98
0.420778
0.00000055706
0.0305278
0.00832113
77714
-0.0078537
19507.1
-0.000004725260
0.00000005333
0.0195336
-8990.91
0.0000430546
-7.03211
0.00661553
0.000000105719
0.000827769
0.0351522
-0.00283891
382.591
8.76300
-0.000000866508000
0.469638
90793.30
0.000000450409
-0.000177792
0.000809514
0.0690109
0.000314751
0.00000834828
544.334
0.0000913592
21847.0
-2.6375
446.935
0.0000247259
-0.00829063
0.0000860002
0.000000369232
0.000000880517
4.24459
-0.135943
0.00000342799
83.9556
654.676
0.000000650903
371.7880
893.590
0.0000047188
36.8092
391.432
0.000667227
-0.000243960
207158
4917.18
0.000194493
0.000000215319
-0.0680241
9516.60
21578.6
-85398.3
171348
-739240
0.000000851918
0.000000269654
0.00000523054
0.00273982000
0.528216
0.000777579
7.22725
-0.058480
445.341000
532.50
0.00646562
-0.0000909719000
-0.000000691109
0.000035667000
-0.000434456
0.285124
0.00826123
0.000000093498000
0.000929341
0.0845492
370639
-746548
578255
177.562
1951.03
-3.11663
0.000471349000
29.8233
-0.000000205825
-0.00000258373
-0.000000959413
-249904
-0.00000628114000
0.000000467791
0.000000131868
-0.000464219000
814.662
0.000000062060
0.0446201
694.823
768660
0.0000670361
0.000401453
261.629
712382
-0.73499
0.0095825
0.0000742796
385.32
38813.4
8.73054
0.000000199395
0.000000703328
0.0428717
92.31
0.0207739
0.151138
236.977000
-3966.87
0.00000599459
-974.756
8.66021
0.000000638909
36.7197
-0.000000302177
0.000764301
0.00000073544
-0.00906946
0.000000603198
-0.00000459488
146.964
-0.0548903000
0.00615857
26965.2
0.000000284334
-176.941
-4601.22
521.963
0.00000478517
6.75773
0.318805
-0.0000200692
92330.1
92319.3
0.000226958
0.00000210336
0.000000108105
96.2757
0.000000150722
60.4336
0.0302514
-0.000000028571
-535.139
-0.0000045422
-0.00000077850
3086.07
615000
0.0211073
0.000812613
0.00290181
8170.0600
17.8899
86461.1
0.000000093228
0.00000440809
0.0000051376
0.0000748390
-0.000064942
0.083315
0.048432
812.433
0.0092430
-0.000962953
-59033.9
910061
0.00000977710
0.000571981
-34.5960000
0.000904597
746469
-577.034
95.2829
921870
58.56
0.0092676800
0.021514
-113652
0.000000644810
74194.3
0.00576433
258076
33.7446
5189.92
0.0000801509
736.691
0.000000699754
23.3075
0.000000448553
2.00852
0.244853
0.000000129270
0.00784048
0.000000213187
14.884
0.000096255
99481.8
0.200677
-0.000000970419
89034.8
811370
0.0000258842
7.92448
869330
0.00174701
0.000955366
0.627781
3.60916
0.000000282073
0.0115343
0.00780622000
7405.21
-20.5097
-0.00000445101
0.722459
38.4321
0.000359833
-6.87011
0.697067
75.4611
0.0000968097
0.000000614962
-4991.51000
3855.52
0.731514
8647.69
0.00347735
0.000000048029
-0.0791291
8116.25
-73528.2
0.000053166
-0.000000961821
970558
33867.3
0.00086257
-2032.37
2474.24
0.000067621500
0.000534518
8.52809
0.00000727656
0.00729792
0.525328
0.00000763249
86781.7
-5967.26
0.0000064815
204.598
91421.3
0.364696
55.6420
39744.1
0.0000885492
0.000000950442
0.000000167497
0.00000757632
0.0687618
0.0000573652
0.00000594867
-765.720
0.000000913249
0.0745248
0.00000016207
-0.0559962
0.000530190
0.000072825
-77471.1
0.0000595654
0.000000673389
0.0335050
-55688.2
-0.00000399770
30946.200
-7486.95
0.000532736
3214.43
0.00007297900
96770.1
0.00000995999000
3501.42
77317
0.0430538
-3241.64
78364.0
0.0000233806
0.0519171
0.000000138231
97672.6
-0.000041773
1791.11
3.44687
-199734
0.0792711
-6.8931
0.590847
525498
0.000934267
71553.3
70.4421
4995.04
-9927.39
-0.0000837120
-64.7441
0.222423
-0.00398405
1478.18
-0.000000563493
0.00000307807
-175356
7869.88
-0.00991458
0.000201027
203296
2.74954
54961
-559598
0.89358
0.00175695
0.001994
-0.0040666
1.93221
0.0000599651
-0.0534963
6120.3
8.72717
6636.0000
0.00000877686
525.42100
-355554
-972.090
0.000000400745
954.459
0.0335906
0.00097907
57.1223
0.000000469946
0.00446620
0.0000309500
0.065609
9353.82
0.00732204
0.000343086
41317.6
0.000901574
0.000335957
0.00000767842
389.649
0.0792023
706.750
-250551
1419.37
0.0000839929
684360
0.000626701
765654
69229.7
-0.0000352580
0.00275693
0.000104455
6676.63
-0.0033323
595.220
70637.9
0.000655134
0.00012635
441639.0
0.00001210030
0.00000687751
2198.61
-3857.11
0.0000116651
70.0152
-0.0000609029
81054.4
45101.5
-0.000000595177
0.990966
-0.00274176
48.3596000
226138
71190
-587907.0
-0.778971
-269.439
-3.36456000
-0.0407984
0.00612847
0.0059491
-0.0000380918000
0.00886538
0.000105921000
0.000000431981
16.4970
0.00000463585
-0.000072330
0.0069647
33276.6
817698
677.610
-5153.86
-1615.8
0.000043442500
-7927.52
3.00942000
281.873
16.8789
-244.504
300570
-0.000214850
0.000000433051
0.000265720
0.00591902
703574
-135427.00
368863
0.000496481
0.00000295284
-48.06810
-470.278
501976
2.62687
2896.640
0.0780495
0.0762746
3.0645
832.038
328.549
1.06391
52.7174
-0.983491
0.000344315
4849.51
-2030.06
19887.8
975.410
9036.4000
0.0000541792
471582
-0.000000098191
0.000528262
-9139.27
0.000568202
-0.0000175252
574.296
-0.00808470
9.6292
-7.96838
-0.311318
0.9744620
517453
0.000000357164
0.000617126
813427
495829
0.19287
482.090
0.0000719808
0.00836739
76.2430
0.0692390
-2637.08
0.000000494740
-0.00896440
0.934410
-25.6225
0.00202914
6257.66
-0.000474307
-0.000122959
0.00000918789
0.720643
0.000000077666
523.447
0.0036034
-2.95728
-93931.8
0.00000866457
48.4559
43674.8
99.9912
0.000000959507
-1.63839
0.0793588
0.830683
362055
7135.22
199432
0.00000098008900
0.0000498491
-0.00000713237
-56.4495
-0.00000274229
6.00010
0.143302
72274.9
-1.5281500
0.0157502
0.704653
0.610455
-286.255
2455.24
-4.55626
-91.2756
-0.000424519
-7314.67
643.773
0.00000166080
0.0003082480
1.93726
48.2891
0.000514100
-0.0000563692
-0.000000120232
52635.9
-6722.0
398841
0.00449331
0.00064001200
0.000320082
0.00000317983
0.0965498
10.962100
0.059740
0.00977860
0.00573449
0.290508
-0.000000416289
0.0073914600
0.00322799
-0.0000827277
-0.0750169
-0.000000845796
0.443420
62545.4
-0.942827
33.3187
816.671
616.711
1.96604
0.000000470124
0.000000385742
-51.64400
0.000623199
368861
99956.600
0.0000543749
0.0000922248
7.97751
4.26602
51589.1
410.9
0.00391424000
0.911419
80.0054
0.848604
-95.5848
0.000000557816
56584.1
360097.000
0.0005317380
0.00490161
-1826.8000
30811.7
0.00821339
0.0000615991
0.0787649
0.00136153
908286
-0.0843358
-0.00000551809
4.58004
-15626.5
0.044818
0.000004211570
0.0000126030
232.217
0.0000951012
2.43115
0.0000012343
0.000000887355
7826.21
206200
0.000477072
-31108.5
89.2263
0.000000888278
-5028.57
720.210
0.0846918
0.0000307241
0.0060874
0.0396385
0.000742055
0.0013256500
-376471
0.0000432680
0.0448055
-0.0000535147
1904.1
41.5682
589.6170
-0.0000395339
658.521
74.2450
-0.00000822567000
73697.9
858015
0.0000461500
3.48299
0.545112
0.0854403
4225.93
-1.96351
0.0000222145
-138.5120
0.000000385549
-76748.0
0.000000310989
0.0000302405
0.0888464
-7.47240
26147.6
90153.6
-0.00000022395
-1314.12
58050.2
-0.00684561
0.000314846
0.00477972
0.000000541647
0.000954327
128324
0.00697821
939.105
3.80293
0.00900819
-0.3477
0.0000136157
-0.123625
0.000048760800
-4.24545
15764.4
0.000919238
71.5011
0.000000238446
380673
7135.92
0.88916
0.000606543
-0.00843913
89.020
0.0095218
22.1522
-957460
0.0000596326
-0.00000260102
-975.497
-429.467
0.000000764081
9939.99
0.994325
-5711.6500
7183.62
0.0353408
0.00266744
0.00447614
74994.1
0.000000879971
-0.000000649935
0.227972000
35267.7
-375.545
0.0000554353
-0.000605055
2.58863
712.239
-574612
0.78600
3.16822
63.6889
354980
-581342
72677.4
8984.53
91888.40
0.0329524
0.000460363
-0.00000029792300
0.000264393
778.140
783.493000
-0.0000674766
0.00398190
-0.000000592780
0.0000689367
68759.6
-0.0000987140
0.00000982943
0.00736009
0.00690989
0.0000223571
0.981102
-259.107
0.000000622293
0.0000794023
58209.6
0.000137750
1.52001
-0.000584704
0.00000804710
0.0191616
0.393582
0.0000237973
-2555.81
437.186
0.000484447
6.38970
0.000278262
0.0000963913
0.000000415142
9420.81
3.53308
9949.21
3.35522
0.000000813923
0.004980200
-90012.2
71.1110
573443.000
299089
0.20372
-0.403835
0.00749025
-51.94260
893.296000
-32.1486
6229.70
178.561
30984.100
0.00205826
423.812
0.0275100
310.229
814259.000
-677.191
-95.005
0.000008309830
0.0007960240
4.56088
-0.000000174688
0.000000430343
0.0000494438
0.000000637541
3.6279
270140
0.00481984
-0.00386866
51315.0
44187.6
1780.71
57.6961
-8.58354
0.00000206116
-0.0325784000
463.337
-0.0000470676
0.000000217765
0.000000506110
-448.882
0.00774453
8.00175
558.452
0.00000912307
-41.8288
-5.83731
-99.4053
-0.0115795
0.0000504376
0.000000719617
0.000000843429
0.000710438
987.851
-9.38430
-528060
86414
0.0000484650
68384.1
-0.00000698327
3239.54
-1308.15000
0.00404783
0.044865
0.00884198
-24.9073
3.87620
-0.000000906897
30.9032
-0.904551
-0.00975291
-153.228
0.120909
-0.00243494
0.0000888245
0.0000887698
0.0000691671000
-291898
0.000005690890
-0.99080
9561.36
181686
0.00000761562
-0.00706693
-0.00603704
-0.00000886355
-0.00000448459
0.0372045
0.0802639
-89439.2
0.00822152
-12.889
0.0000473703
-74819.3
12.683
6396.42
0.000089142
9.39995
0.0663060
-0.00000057999
-0.00000176341
0.000573556
-67.552
-1.470360
28.8964
-6.79972000
0.000052637
278.438
3.14406
0.00000791523
96.5658
0.00532193
0.00316727
-13.0462000
-0.000000169289
-0.000000007201
3.3931
-0.00000870826
0.00000594292
0.000383626
-2538.23
-8.49451
0.72428
54.4494
-0.0000544663
0.000000908923
0.000000090184
0.00663346
0.000000306793
6130.1
-0.00601534
-0.1686360
90.4811
0.559090
0.00000136150
0.22000
0.00000971473
-8839.68
42496.0
0.267615
0.00000808828000
-157.750
579.536
0.0973434
0.732197
0.0937352
-5428.27
6.81614
0.00000028848
0.139428
-447.100
3613.0400
-230674.00
-0.00003907960
0.00000112029
509015
0.000846274
-0.000050379100
-0.0481018000
0.000956977
0.00000313025
1394.53
-0.0000407189
15707.6
974.161
8420.53
-11309.6
-203514
0.00000520484
-30.6046
0.000393145
0.469948
2.28646
0.0060793
-1.53414
0.000059510
0.00436771
69.880800
0.360800
0.0893448
0.000000192275
0.92709
0.000039616
83634
-0.0857508
0.00703016
1.57143
0.0595906
0.00000083215300
10.257
-6073.61
0.00689704
2.1689200
-0.00000823848
818.942000
548.778
0.000179455
0.038764
80707.6
0.0182976
73.6640
0.157406
-0.00849598
0.00906593
0.00000092178000
-0.00000226425000
-95.1549
0.000000245263
-0.00000625928
296.832
0.0000266641
79.2456
0.000000896996
3388.82
-26.6196
-0.000516842000
9.936430
37016.0
0.0000600519
0.00000891820
-377.403
9440.24
27769.8
0.0137022
0.000000624317
-0.008606740
-23280.500
9.87707
2666.55
-8.28599
24.5070
1.66354
8.16167
5756.57
0.0000092188
0.724642
448070
-313.836
0.00080380
0.008446700
0.0000644648
0.633539
-0.00426933
-0.0862773
0.031971
0.00199358
0.00000588672
-13268.2
30390.8
-0.793155
0.0000552433000
-16970.0000
0.000732057
0.86245300
-0.0000063658
0.000000532141
0.823848
38811.7
2169.2
145.318
-0.000000665958
0.00000113585
99.2587
-0.004350100
23926.7
-2139.57
0.00797253
0.000000298154
0.00000678387
89.8065
-0.00809488
0.00093102
0.0015745600
435.68500
-86.1651
0.0288829
621679
-81.2221
0.0000846285
0.000118039
-0.0000128577000
0.00472980
0.00096637
47.7685
0.00000753925
6.0743000
-0.00218470
21104.0
6.00256
48.32230
-0.00496304
-1983.0
0.000000948024
-0.0368981
41.6290
0.0000051888
0.00359162
513146.00
-0.000000253434
-579649
0.000709320
-1722.74
-0.00165308
-0.000000651483
-0.000564903
981.8640
13195
7.66841
727627
0.00000867153
0.750236
0.00000905978
0.000000616744
0.0802763
0.00000141907
0.000000707479
0.00000376167
-0.000000012122
88.6654
-0.00028956
-4.64762
-0.00000604142
10.7915000
-0.031890
0.0829495
0.0000415359
-0.01286700
0.00000232615
0.000000126721
6628.97
-21726.6
0.000000221603
0.000643828
64.2603
8.17611
-0.00000338366
0.00782484
0.000494933
77846.2
-0.0304371
0.000780547
-0.0000347797
42878.90
35319.1
0.0000074824
59.4902
0.000013199300
-0.00000091409
3.55353
0.000713995
229.3
0.00912050
0.000417729
863863
507.461
0.00001675970
443416
1.66519
-4.62649
-174609
-0.000515246
416.130
55330.0
0.00068311
192916
0.000000467089
0.000000450588000
0.00000062207000
-0.355171
-0.0011160
0.00443153
0.385378
-6854.11
309.346
-0.00000341350
0.0303093
0.00000040914
-0.00000925700
0.000081566800
0.0697684
0.00182440
8028.39
70.4641
909692
86.5415
-32569.4
-0.000000690828
22.0848
1.53078
59.7767
0.0918005
-2688.49
532190
0.985420
9.01698
0.0703867
401288
0.314396
0.000000619453
-3.4174100
2.90303
0.00027416800
47.0328
-440442
445913
870.576
-0.00247151
-0.000689341
476039
15.7651
30.9230
-0.00000885401
1191.56
0.00278547
0.878655
0.0930273
-0.665632
0.0000970379
859.081
0.0922187
-0.0487367
820605
0.000692981
97.5128
-8435.06
3961.35
0.000000067311
-0.00101796
-0.000003328030
0.00000730458000
47.4666
0.000000411793
-0.000000979361
0.209971
0.0000753490
57253.0000
-0.0000172904
0.000000713926000
-47311.5
8.12637
0.000000077243
6203.31
-0.0986914
142.408
0.0000054869
0.00962450
0.0043573
0.385842
-0.14086
-0.0000987260
-0.0769618
-0.472224
0.000000130591
46.71760
-558.70200
0.0463090
896384
87570.3
-0.051843
0.0000213206
-0.000000738408
0.00000398750
8126.75
-5522.34
0.00324870
-5.94371
0.0921589
0.00000086330600
-0.000000424679
-0.000977111
415342
0.000000525749
-230656.000
-0.0351738
0.0000053718
0.0000212401
-0.0000941198
0.000000796380
0.000000674360
0.363444
2.31509
3.21142
0.000000515906
10.7286
0.00012779
-13.6580
0.00000816279
0.472125
47406.3
28.3793
25013.8
0.00000856513
0.0679491
59780
56.0468
6.83751
0.000000777765
7634.00
0.0000822242
-0.0317157
8850.69
0.000000038205
152416
0.00943885
8.24330
405474
0.00000548407
0.000000747893
106377
9256.42
686.585
51006.1
-0.00000525168
13409.2
0.0954750
0.291985
-0.000000017012
-0.000000460596
-88.2662
0.000200065
0.000819128
-4.96120
-745782
6601.00
890570
-0.0000761621
5.6063200
0.019826
-53512.8
0.00397932
0.00000934592
-0.000498475
-0.0000993878
-0.0000911927
-0.219411
52.8837
0.00053533200
0.0000008558
3321.84
46.2
0.000000577592
-45.21850
3035.46
-79657.2
0.00199214
0.0257675
318.406
9.13414
0.00000795970
0.000000275567
0.0000534251
0.0000170818
0.00000615898
0.000000432269
0.000162797
-5.76701
237.532
0.000006500810
-77.2506
-0.00000687092
0.000519008
0.101687
69763.4
-0.00603485
0.083332
-0.00000037469
93.8855
-0.00000120530
0.0015696
-0.0000693896
0.00011972
893938.000
0.00000317595
0.0000472066
-0.0000226416
4.28652
6.24605
842.343
747.404
0.0131211
0.000827113
0.0000665818000
-2.07231
50.1957
8696.88
-0.0992937
0.00000225486
0.34145
0.00000983381
0.000051784
200725.00
0.00000336081
0.943861
-0.00000004286
0.000891823
0.00000474569
580.469
-0.34312
0.815303
-0.0000180457
0.00000150590
0.000764101
0.00131883
9505.63
0.0043891
0.00000345575
0.00000476796
0.000000365725
-78.3277
0.0000540494
-0.00000946431
218994
-165.336
0.0000375383
0.000000357181
0.000000201505
-64307.0
0.000433098
212.54
0.0000690805
1591.97
221.989
-0.00394475
0.000549632
274083
0.000000109137
0.000000695602
2728.88
50.2778
0.889385
7314.97
18.2595
0.993809
64820.9
0.0000315886
2.72531000
537.852
74.0629
-0.000000632717
0.0311638
0.0000646838
0.0000974114
0.073248
56460.6
99.7367
-0.000000187410000
8.1680
751.736
891148
0.00403565000
5555.46
0.00013214
6.9878
0.902451
7807.2
0.000357384
0.00000696633
17306
0.00455966
0.00767956
356217
-0.000000006213
0.0000424985
0.000000029886
7.45886
0.000000939523
-288.254
0.00904434
0.00000405006
0.0000189116
81.9349
7.76321
889.517
0.0000860669
0.000614513
-197400
0.00000030243
-73.8095000
602.235
0.00079664700
681934
-7081.27
0.857015
61354.4
0.00597664
480802
84155.0
-0.000549024
6948.87
-0.00904135
0.790344
0.0000629974
0.000000533004
0.000000925823
0.0000339309
0.4696310
0.0210914
86303.5
4113.62
-0.27670
3140.39000
486.657
0.00880841
-89.8035
0.000000976196
4.28435
-411.96
39556.0
6.793
0.00000541399
-0.0000209418
49130.8
-83714.1
-0.00512977
0.00646563
-0.0000609356
0.000087321000
0.0000671608
22.2513
-0.0000543153
445.355
-372573
0.000000655007
-9.60449
0.0000382228
448794
0.0596633
92524
2.39729
-0.00000463061
16945.4
3491.91
8701.49
59.6071
0.0000061852
0.00000935759
46409.9
0.000275892
0.0057857
-43.8968
0.00000808980
98076.6
0.539736
0.00218824
611.442
0.0000044008900
6974.38
0.00376867
0.000750917
-0.0000022842
0.417681
-0.0000043716
6517.62
-0.000030473
48060
-0.428752
0.000000823432
-217.73
71643.0
0.024805
20.7662
-0.00000315104
0.0000441026
-0.000146221
0.000000237527
0.00000132382
0.0981948
0.0004842
75404.1
460183
0.000386690
-736206.000
0.000000720197
-87800.7
0.000000148142
0.0885455
0.101373
0.00639176
0.0000951646
0.0927589
525066
382.414
0.0392260
-0.85730
-711683
-81.8791
1.57075
39.3827000
96.1364
0.00000105059
-0.000000698843
0.02774000
-0.000087988300
0.0673168
32902.8
0.0330938
-0.00000021861
-19158.2
180.157
8.20627
47.0873
-0.007269000
0.000000292181
-664.47000
6.85747
0.462634
0.00590010
76.4136
-528977
23322.6
-0.0333085
-3.81351
87.3845
244670
0.00101167
16.3521
0.000000566483
-0.000019376900
0.0000187377
-17069.4
0.00775698
0.0468866
0.000000672933
0.002211760
322.7100
0.000150760
-204899
60714.3
32.7188
78556.8
88601.5
845282
0.95512900
844.498
0.000000969626
2.6313
90462
0.000356760
0.0000658097
0.000000424278
0.733642
0.0000151668
93.6911
870202
0.00616258
-0.00618700
3.75043
169597
-0.0553238
0.000468995
0.000000384429
0.00000877217
1.65885
-0.000249663
76887.5
2.4251
0.483824
35.2929
0.0000343111
0.444093
123174
-0.000000176359
31204.2
-0.00775841
0.0000104310
682093
-7.3156
7311.06
-84322.300
440.750000
33039.9
0.0106182
73.2235
0.0000561556
-0.0000307447
0.184821
20946.9
-7.79884
0.940246
490.754
6277.55
0.046094
0.0371469
73.0064
1116.85
1895.61
0.0000058826
0.000000944926
0.00000451520
703.244000
45384.1
0.0000467334
-0.00495230
-4261.79
-0.00522764
59719.4
0.00000459864
822.25
-846837
0.0735450
89636.6
-0.000000723145
0.314777
-244.64
0.00790119
0.0000586283
-1446.66
8894.66
-0.89063
0.00000095570300
0.656018
122961
923.416
26.0768
0.2483290
-0.0000005831580
-5.06281
-26580.3
1.709
0.170267
0.195994
753172
0.00000087113
0.000000445821
0.00704786
0.00166328
0.000679917
0.000000230973000
0.00000254241
1684.5
5.22553
0.000325
-0.000923723
-22658.2
-0.000000594494
0.00000222966
0.0000008512850
0.801531
-96711
0.00000143760
17.9165
-0.000000902438
8.46512
312717
9251.9
-0.519104
-0.00000911629
385.443
645.002
0.00000273661000
314.009
19788.0
0.0855015
-23.3597
0.532466
0.00000309570
44.4447
3995.40
-0.000697208
-0.0000820354
0.0359723
351.954
0.00326446
0.000000477367
32227
2.43438
76004.8
0.0000903440
7.11093
4584.59
0.000648229
-0.278709
0.000879470
0.00000664675
37371.7
39810.1
0.364165
0.00439165
-0.00000656722
0.0000352110
141750
5.12655
160193
359433
376.668
0.000000711747
0.020675
-0.366796000
7.38978000
0.00659132
-9.81326
-0.00643758
-0.0709619
-0.000000254717000
0.0024579
81.5718
-8.37635
0.0000931848
-502182
0.00000257265
0.000000365797
-0.00000530455
29036.8
4706.92
2306.68
-0.0272246
79440.3
814672
0.0647834
0.000900563
0.808168
82.729700
5.81760
120190
-2048.85
-0.0515187
0.00000486026
-585.241
0.0000759034
411384
-0.00000481000000
5.61132
-328710
0.0948393
0.00049107
60.9100
-0.00000525380
-25758.6
-0.0896499
-23907.00
7.79671
5095.51000
0.0153623
440.725
-4818.29
0.0000821727
9.60116
343.107
0.004352760
75.9796
0.00210292
0.508622
4519.300
-0.0415713
-0.000655410
823049.00
884.662000
0.00512059
4035.58
0.00636538
-0.0966874
684755.00
23167.1
0.00000330466
0.00000696991
8.53542
-85750.6
4562.32
-0.00404324
2.96791000
0.00000466744
0.000000670876
674220
9.60025
0.00020188
0.0837872
0.00633294
0.00411316
29.1785
1.59159
-0.0000310632
-0.000502232
0.711566
-0.000280893
34811.4
0.001496070
939.658
-0.00053724
426012
710.166
-98.2173
82.0539
0.00000585192
967.539
-0.981188000
442220
0.0598354
0.778225
9.67765
0.000000467114
0.0029742
-8.69835
0.0162476
6825.18
0.0894128
-0.175251
-0.000249679
219510
547375
-4414.02
7.69132
0.0000171589
-0.000000050350
0.0000024972
897855.0
88126.0
0.000000842508
0.306201
946.010
255781
0.0545710
-0.0000597418
0.330708
-0.000000793724
0.000740425
0.0000384091
0.00000082000
0.0539864
0.000053157
0.00000856840
5761.31
-433270
-0.000000756668
0.00881433
0.08136230
0.00000933617
77.827
0.395606
-0.000096326000
-118160
0.000076219
839.401000
-0.00494307
-0.0000679915
0.00077042
0.0000587334
250.620
1.96989
0.00000944823
0.00000123737
0.0000962002
-0.00212466
0.000005928800
-0.0053497
0.000699779
-56.0966
-427221
-909207
0.0000474159
-4.37188
58727.00
-0.340410
-5.54842
0.00000473280
0.000000071242
0.0496277
0.00483956
0.006984940
-0.0000909000
0.000000222092
0.20075200
0.00526133
-5.56221
0.0248543
70024.6
-0.161258
0.0000460201
0.000000705543
0.00000113891
-0.00000539774
264724
9673.1
4.58297
0.0000701641
-171.86000
0.00903019000
6012.29
0.325006
-80.5184
-0.00000341978
52.5422
-0.0000701010
-0.000143604
73171.5
-279027
2426.02
0.000000479112
94.7157
957.616
157.27
308205
0.0721611
0.000635387
-0.1509200
73.8392
96.4925
0.00000358520
42069.0
57782.4
-0.00000357360
0.00274348
68043
0.00710003
8757.690
0.672664
-0.000999470
86659.000
-18693.9000
2833.03
-0.240318
-77637.1
5660.57
0.00000677362
47.0741
0.000831834
0.000492988
0.0360188
0.00378989
-0.0106273
0.0391138
6070.86
697.381
345.318
621.727
-0.701180
-1.88334
5973.99
0.000940107
0.704469
0.00300455
-0.0461798
-0.000640365
0.0000008366570
364440
-0.000000021713
-0.0754928
-0.000558397
-712.724
6.96853
0.00000241320
0.505377
0.000259702
-73.350
0.000000453172
0.0072367200
786667
962528
-0.004180800
0.0000585058
63537.0
-0.000639615
15014.0
0.000838339
-349.43
415.138
0.000000743455
-1.8210400
0.394223
7.23914
-9.11222
917712
0.0006646220
9.78164
22996.1
0.00748279
-5533.03
-40.20030
-0.00595753
-720.678
0.000000952056000
0.0000579001
50123.4
-0.0053062
0.00000421175
0.00000550512000
7.60671
0.08508
0.737137
-0.198706
-57.513000
-76.5987
72600.2
0.00374004
0.0000229711
7.8783000
-98.9352
-0.84701
-95.3495
0.0000424444
740553
0.0000543463
1679.6
235.315
-0.0000608042
-0.000000953262
0.00000538199
-0.0000386583
0.0000800588
-0.0841506
0.000281228
747.55000
-1824.950
0.000877861
276.370
157.039
0.0000431157
0.000000076928
-593050
0.0000072944
0.00000281306
0.134675
-796.30
0.00000010725
-875.982
653.305
0.000384509
705357.0
0.00000995819
0.0166764
0.0088617
940.699
0.843022
-0.0000633710
0.000271788
0.000066248300
0.972505
0.0832764
-63.4445
414.205
0.00000472493
0.277477
0.00020141500
0.0000346000
228957
0.000888975
5872.9100
0.0000007637
2007.53
-0.000000942556
91.8822
259.085
0.00113623
-0.0000814965
0.000250407
0.865245
0.1126000
0.910397
0.0219234
0.0523342
610.057
0.000000653820
0.000310589
5437.98
362.083
5.89190
-12818.1
-466960
-0.0000966748
-0.0000161792
69.0809
815.683
0.0510539
0.00728479
-0.0035063
0.779816000
-676.603
0.000400010
253603
-7.82903
0.0050535600
66.96230
0.00000973857
6.11829
262.597
-585.700
-990220
0.00530832
0.000573835
0.000000382292
0.0001859900
-76.3874
0.0000003893020
47.631
0.00226122000
-66948.2
48.3958
0.616851
0.0000709640
3.17477
3.71660
0.0071039
3240.62
0.000000295514
-221910.000
633.53
-73.308300
-0.00000305472
550.59
0.242148
-0.664019
1931.0
4.53357
156236
0.00083842
0.000000410411
-0.000265303000
0.00000072048
-0.0000963074
21451.3
0.0000236768
0.0404950
0.00549776
-161514
0.00938428
0.0000393047
0.481824000
4.18489
6.43661
423.611
62.6760
0.00358409000
961779
-6678.63
-0.540551
0.00000805971
867.132
0.0000624170
0.000000652618
0.00002517610
-0.0092122500
53.6770
75109.0
-0.00000783720
0.000322363
13.0450
1.70852
1.66280
23.4014
0.000020148
0.0756363
-0.00602541
-63.2761
14.3958
68937
0.00000875857
0.0747094
77859.9
0.000674860
40.6462
0.0099220
0.00000281808
307.892
8757.700
0.00486152
0.092984800
-0.000000031929
0.0000000714940
0.0000453094
-0.00878367
0.0121168
868072
62.3399
-55488.0
35399.1
0.0000145123
0.000000871176
0.000149024
277.43000
0.000000780676
0.296248
596.63
0.0092278
0.00529508
-64738.0
0.000000039666
-1.07877
950525
0.000216952
4.36872
66910.3
0.00914087000
0.000000680723
7132.17
29970
-0.0000592573
6.46688
0.0931887
-0.000649123
9079.85
62.9721
0.00825898
0.00006848090
-3.01073
3.36223
-0.00059951
0.0632761000
-0.00925246
0.00000823093
0.00000949036
-188214
-9933.13
372.141
9531.29
-0.00609828
558702
-96710.6
-17.2380
0.04794
0.00157911000
0.000889851
0.0022158
0.00453096
710.676
679016
7.08193
-0.0021990
0.913512
2.95263
0.00923048000
4.70688
0.483711
0.0000715719
0.00000502196
-24.9661
0.000663181
-827786
-0.309340000
66.5932
-3831.72
0.0000906194
7.20177
0.000386002
0.725338
-0.000913203
7960.10
172646
-734.077
0.0000288455
0.746492
34886.7
0.00322546
18.7455
0.0576977
0.0008179420
-0.000306919
0.00000527537
-0.00257551
0.000637099
0.089650
0.0000736162
65.9050
0.000812467
9.581
69.1343
-8261.33
-0.0000045149
6511.33
0.00031527
0.00529952
-0.00741670
3.3105
-0.00000764048
-143.616
0.000000497775
5.37996
0.00287724
97649.0
-49.2375
59.49920
7.85977
0.0043231
44233.1
435.696
5638.64
0.0000350059
5567.56
-0.0000532115
729510
0.660433
-21753.700
8579.910
-55322.6
-0.08096
0.0000678459
61.650
4135.5
0.880238
-978148
0.000237595
0.000000290680
5.11892000
0.000884018
0.00000284674
-11643.200
-11.2937
0.388331
0.000000023247
0.0000027473
0.0766441
193.544
0.00000892152
-429.164000
0.00000068989
-0.00000135426
-0.774555
-0.747110
0.000000948487
0.00000302837
20462.0
3677.41
0.0000061143400
39.4510
3.85452
578.616
-0.982933
398.959
0.476619
0.0728173
17641.9
0.0000816048
0.00272241
63020.5
0.340026
-3.50692
0.0000558688
52.4472
-0.00209261
0.563827
4842.04000
43763.3
0.0509253
0.00000209098
0.00790714
0.00000096378
0.0000495982
0.000000093227
305488
0.00000919811
-0.0755306
-791.02
0.000304740000
0.0829508
0.00987605
627.561
0.267791
0.00705688
614.099
0.00006580
27909.5
1666.44
0.0000004565640
0.190984
0.00018300200
0.0318459
9754.36
0.0000306330
0.0205812
0.0000581236
9.19725
-0.0711946
-0.000000370623
-381148
0.000880504
-48.5575
14647.2
-0.00000186039
0.528731
0.00000101904
0.0159875
0.00000505148
-4949.69
0.000488538
0.000184875
-0.000000689218
-15559.3
0.00157708
0.000000922526
0.0000062863
0.000000188974000
0.173690
0.0000798108
40.1577
-245477
-8038.65
-0.0638535
373.579
0.00000951235
-90.5962
0.00607146
-33879.6
-94.2297
-0.00000787439
0.018116
472620
-0.488300
5.09137
0.00000003005
96683.3
727.387
0.00397020
61.6875
0.0397901
750588
0.0000978033
0.000000000728
-1.70134
-7689.95
0.00000026622
0.0915915
0.0000506367
9191.60
0.00000112714
-0.16116000
16649.6
-0.000000905842
470798
0.000000433580
-0.000372000
0.186570
84480.8
3.557
-0.0000703295
-0.0000895170
5.56212
0.00000361448
-32745.4
0.874269
4112.76
0.000278564
-0.00003155790
0.0000333071
84.7610
0.00000590334
0.00000712268
114.687
0.000000522808
0.0000027767
0.0000771286
0.707010
568352
0.793376
8305.08
0.00000477062
0.00073417
0.000163451000
0.000836549
1.83261
0.0092179
696.323
0.000110590
7.45742
-8350.89
0.77880
0.0000287266
0.435264
0.000618526
0.001009900
0.00000474460
-0.00000493729
-0.050651
0.000000280446
0.000149862
0.00890267
549095
0.394812
6366.2000
-89333
-0.00746515
9.59493
0.000712060
20.7083000
5.0641000
889.394
0.000206525
866155
-621.170
0.04179950
3162.14
0.00000913832
0.0308282
0.000000798020
0.000000127921
0.000534674
6.34783000
-147.7530
-64288.0
-0.0584402
7552.61000
0.000000162753000
0.00595835
6805.39000
0.0000397176
8.85255
1808.14
0.996526
-35976.8
0.0968253
-47636.0
1648.47
17540.4
0.0000625073
-0.499894
0.0000736858
0.000000664537
3.56383
0.000000790004
0.00519224000
0.0000374411
336479
-1.93516
833.941
0.0437601
369824
0.0000109532
59.941
1375.09
81815.1
0.0000001677730
0.0000851963
-0.00000610678
0.0000799169
0.915441
4.03151
0.000000259577
0.000000390111
0.000788480
-102024.00
949.851
-0.000442828
5.1536800
-0.303391
-553669.00
0.068729
-968106
-519051
0.00238869
0.0363117
-0.000000293985
8.80211000
1.05818
0.0383016
0.000000690857
0.00413988
-0.00169185
-90316.2
0.0000017877
0.000407520
7.21037
0.000073413
20753.00
-994.706000
-0.00000040737
3.63400
61.0848
-723.113
0.00000968085
0.00118061
0.0000884931
0.000561014
-90201
-6.77655
685.616
0.841915
0.000708268
0.000000820972
0.0801542
0.00020917
0.080926
20.9272
0.00000202338
-0.0000656910
432.353
343770
0.000932375
0.000199207
0.00415354
55.5403
-777359
97.254
0.00492324
549995
-112684
-439.352
0.0000202977
0.000000921825
943660
14.8822
77562.2
-0.0815549
0.0207694
57422.2
0.000000882729
0.0057506200
0.000000182408
-77.0553
-0.00000879420
9867.84
5222.88
0.0432064
-0.000197977
357082
0.287815
78087
0.00772210
0.175315
-0.41681
-566743.00
19498
236130
0.000000381359
-853124
0.0000939135
8228.34
0.0342665
-407.790
373.099
95.3515
0.00215472
68472.6
7.6637
-128.199000
0.000000430662
0.00000073659
0.000037689
6.11946
0.00606872
0.00000965252
-0.0000323514
0.0000137412
752.992
93.6859
0.0828921
-42107.1
0.000000135808
9.11916
-2.77391000
0.000000570519
3.28402
0.0000917418
0.0892589000
0.00945226
0.000000616567
-0.000702987
0.000000112513
0.000467409
7.141310
0.0160432
883.921
-0.0000661385
0.0000660841
-0.0000054681800
0.00000899781
-63.0820
5944.6
0.487280
0.000292360
7245.77
-0.0102612
-0.139727
43474
1663.15
6.9519
-89.6871
-0.00398414
-0.0004325480
0.0000516798000
466.088
0.000466778
4816.46
-19.9790
-444.599
15.6720
27249.8
2.09008
750.745
0.0000281060
-27773.5
465.78
464673
0.000000433595
0.0000795610
41.88180
13180.9
60468.4
4605.15
-0.00977112
4.40096
0.079023
-0.0515871
0.000000632329
0.000000775753
91.9259
0.0000337019
0.0000099566300
0.0957631
15.4216
0.000000680348
6.45351
0.744929
0.000198871
898.308
0.0177520
838036
-46521.3
0.000000610347
41460.9
0.000000869578
972.595
-0.0707834
329676
0.00000036867100
0.00243052
1353.63
16897.2
0.000072992
0.000914199
0.0000038847000
6.96364
-0.00661208
-22918.4
0.00498242
-0.00000985461
-66340.6
652020
-785029
9018.02
7937.70
-0.244061
0.0366938
-0.293233
0.000903847
0.00844895
-0.0000934604
-218.86
228.687
0.0277424
-7.473170
0.873486
421.563
0.4127940
-0.00000441905
0.00000957690000
210503
1634.38
17730.7
0.000536983
6.79271
8348.18
0.445239
9969.16
842940
-0.0000798678
25.646
0.0000543115
-435.889
-1161.16
0.04594940
2.29214
0.00000237637
25150
0.00837148
65.6409
0.000044995
672.78
61567.4
273.068
990598
0.005722610
0.0000007343840
5.21277
88.0766
0.783690
0.0000111633
6.071160
0.230699
0.00243333
0.0000429066
8.5984
77.1633
-0.000000159508
0.078904300
0.00000326658
0.00651296
2.20469
0.00608170
0.00000549382
826.370
-595350
0.0000816694
50367.4
994527
0.446183
16391.9
0.0166135
7371.55
36.3183
0.0786162
0.000000195192
-0.00000857738
0.0338687
5.94637
-0.00230898
0.0000043696
0.000074570700
903128
53507.2
64338.7
-0.00000692574
0.00000469820
4.6252
-34.9466
0.756350
898971.000
0.0294856
0.0165895
0.00219123
830.70
0.000000800809
282240
0.0000791818
0.000000140585
961006
706.074
0.00291187
-3.54919
0.000000047495
-0.000329670
-0.0690705
882169
0.0000410364
-0.000000957427
595402.00
-597574
-0.000001273410
21.3311
89709.1
0.0000095128
-0.00000064404300
66.5268
0.00978730
0.000535686
228376
7162.62
0.00315407
-0.000150781
0.00927215
-5.27656
0.7527850
0.0004192040
0.796866
0.00997972
733.612
0.0408829
2797.61
0.047726
4.41005
-0.000418380
308004
0.28368
40.4654
0.000904841
0.0151303
33406.2
6.2076
0.0000042366100
0.000000931368
53.1112000
5.16980
-1.06624
0.0625797
0.0562959
210.913
0.00496734
-0.0954698
2.35113
-0.00000263251
3002.27
0.0000095930100
3948.97
-1.94629
0.000890860
0.0968040
0.0000623301
0.0000059909100
-0.00000342684
-0.0000775084
609611
0.361691
7393.39
80.6275
0.060590700
0.00000640132
420884.00
0.00000839431
45.6081
45.6367
7462.39
-0.00906035
0.0000284181
-7071.09
59.7069
0.00692187
701276
25403.30
2226.52
-0.720247
198.728
0.553671
0.999552
0.000000291967
-0.00441160
0.0000181467
-1.00723
93849.2
0.000000341468
32070.9
-307504
608.964
38046.2
827694
-0.0942350
63.1279
28744.6
-8204.84
626.73
0.00564182
0.0634868
0.000453260
0.00333391
0.00000072926900
-45.3432
0.000216811
-0.0002285180
-0.019494
438326
0.000871255
0.000000088919
17.3497
8528.06
0.000941755000
0.000541908
0.00745640
0.00539302
-0.0000007470340
-0.00000244481
38.4747
-0.254159
653.441
-8666.43
795.725
-425.254
0.000000385749
193.606
0.733237
97404.1
4678.64
0.0000047811
590.644
12.1338
0.0000948556
0.6332960
135265
317.856
0.00999796
0.000000042698
0.00300568
0.347806
11920.6
0.00000369678
0.0059551
-0.0000464873
803785
-78.3551
-9706.30000
36264
0.00119683
-330904
0.00000444615
0.00000356966
0.000238181
953078
0.54217
-0.000812061
0.834828
919.379
-0.00801331
0.00000534812
762348
0.169589
0.0622890
9.00705
0.0545879
13973
0.000000723268
0.000000179947
-0.0000428311
0.000766801
65828.6000
0.000172405
0.000000923923
0.872778
0.00197967
1919.12
7.82977
1656.53
99.1949
85.978
1.124790
0.0245992000
50225.1000
0.456052
53.1277
0.0101926
0.222773
-58.2238
0.000000198988
4.92420
-9900.27
-312.646
-0.0000448297
0.0000339664
8.700880
7.18394
61609.6
0.00000177012
0.612742
948.029
2.85090
98.6879
510071
6410.94
0.0218659
0.0000407525
-46.4984
0.00000491127
0.000000729447
858.239000
-0.00498205
31.4214
-88.4356
158.601
0.000966347
0.000000479733
0.00024312
-506.013
0.000000533926
0.0671473
-132361.000
0.000329111
25262.5
0.665087
0.000831917
9.06943
0.000414236
0.0000748640
0.00810789
16950
0.000000708924
0.0000916518
0.00000603530
0.00335652
-88088.7
1965.42
0.0000932828
-231947
0.22039
0.00000127128
63427.5
5.18975
-0.249915
0.000482070
3.94658
0.00000386190
0.4241
0.51186
1.83168
0.0900206
0.00000561818
-0.000000705047
-0.134646
75.5415
2.44740
-945800
5.10079
-43.1558
0.0000337046
0.00000781163
281503
69.6654
66067.3
79261.0
0.000995011
723004
8013.6500
0.700142
-862.209
103.007
2582.64
-66175.6
0.000000503557
0.000309663
-561780
0.000000589826
96.3413
0.000738152
0.00158996
0.0000108649
0.000000484585
51.19290
196463
423113
17.7970
522.147
0.0945092
0.0156515
87.0938
-0.0000090953
0.0040162000
-75.0395
149.487
319323
-0.00892700
-85.5756
-0.000000065410
-666167
-0.000000818691
0.000000283318
5793.59
73258.9
0.000000673148
0.00666518
932808.00
456421
664.349
663530
8.54389
-542459
0.000000085067
5.38403
881.179
-0.000000316912
3.34185
0.00000093026
0.000090524400
-9950.6400
-2.46150
0.00000819770
0.774098
640.981
40.4842
-0.0000147181
-0.00000337761
6175.01
35597.0
0.0000155116
937360
0.00000371345
0.00000135182
-25.4114
0.000304187
-9460.28
124.2000
0.413531
9889.39
34.9449
48.0250
0.00000199494
0.000095088
0.0235918
-448942
0.000855025
0.0310981
-0.0000728939
-0.00179217
-1555.00
0.000522262
5.04987
551212
0.822460
0.000053399
3778.07
-506.033
0.000000092903
74.9562
-0.000000138703
7099.5
7.36735
-0.627608
76330.6
0.0000763519
0.0000025472
0.000000940771
9254.41
0.00726831
0.000000762026
0.000280949
9322.32
83.5016
0.000477495
0.892388
-0.0000759714
0.108649
561.989
-0.0095298400
-0.0000989395
0.00000848564
51126.6
0.03388510
0.0000308210
0.054499400
0.0000231006
0.000409826
461.446
0.242240
0.0000075928
-12453.3
0.545347000
-0.00000088243200
0.0367162
0.00098827
88950.9
0.811719000
0.266730
0.0848059
17859.1
658.808
0.028769
0.0009863460
7.52006
-0.00380919
0.527974
0.0000353776
0.978165
497.983
0.0000146906
0.000000557867
0.000240118
1.302440
503.283
0.00654617
719330
0.433816
467.593
-0.0094058
91.3566
79732.9
-0.000390081
0.0022636100
0.00607345
8493.04
-0.0197568
0.000000300698
0.000243666
542300
-0.00000845494
-55.8695
691024
0.0698111
0.697918
418.860
0.595277
-0.0062424900
0.0000829467
-0.00000338611
-21312.2
-0.26626
0.000000773315
-0.000000657825
-31.3797
0.005491170
772069.000
0.000000390509
10.8909
0.465000
381.324
0.909291
0.000003052400
-0.00000896275
-966.713
69432.2
-6.02034
430.724
5548.66
-0.000167557
0.0473458
0.00000357837
0.000000464287
88189.9
-0.0146320
2.66889
193173
26968.0
79.5154
36300.8
344587
0.000412553
-0.0000644989
861297
3.35266
-502759
0.833962
497758
0.000000695910
8796.45
428797
0.00067079
5.11659
0.00000699432
0.00000596647
-0.0000902962
267849.0
-7354.32
5711.29
773.920
0.0000192007
-0.0098886
8.772420
-0.000923857
0.000000351944
0.501904
0.406214
-0.000063289000
0.000570269
453.540
-0.0101350
9579.9
71.4969
0.00094370
5.4759
3016.96
33897.6
0.611264
963.304
-88400.3
0.00894399
1152.77
89.316
0.000997789
-5.31203000
5.87875
6.53182000
-0.752859
4.86353
0.000000204029
96.1037
-8.25340
0.0000269098
0.000726949
-784636
0.0000422866
32.2717
-52.0456
636156
-0.764809
0.000033357600
7.25585
0.00752959
967101
61.7979
0.000000803282
0.000931964
-0.00000625618
7.50820
81.7778
1.3347
-15.9458
1.43663
75.5360
-0.0000085816
5037.32
0.000867763
-7511.27
6653.52
0.000594990
23.6169
-0.973351
7.73816
0.00063769
20925.4
965530
-0.0279194
6140.53
-0.0000158618
34074.8
0.00000602957
0.00000696317
598462
0.0592455
66.7345
-50.852
0.0581850
0.587538
0.257633
35.2139
0.408073
0.005797
525.419
9358.97
0.000000589180
4.99533
0.110504
0.00000092693000
790.952
-59.0249
0.0000980962
0.00008965
-5815.93
0.00233044
0.000651421
0.0072319000
0.0007903
-0.000056785
940.185000
240799
1.95258
91.0857
-0.00000854998
0.0437263
45.3967
-0.0000548137
0.000000491761
0.0000948682
0.000050041600
282.625
-0.000005768230
7.8798600
0.0000787383
0.000078033
31.3288
-0.000070321000
0.00000946280
3.07079
46.9949
0.000615610
0.0237470
0.00142983
85128.6
60.5763
0.00011730100
0.0507802
9.22273
0.000361592
-7271.14
79.0488
849.338
6.25290
8.51772
0.000000641141
0.000202789
0.000000812726
-0.000000445063
-0.0756628
2.1686
365325
316343
0.0000450742
-0.00000397057
7674.82
0.000481389
12143.3
0.00000389065
-0.000782076
720148
-21.6758
5125.940
7.95633
76.300
-90.4070
92.4038000
0.0958841
408.290
0.00564639
0.000695195
-0.00000618084
87.9138
0.75517
0.00994467
6900.59
0.000569079
-0.00000412972
12071.2
-0.000000810639
22.3230
-456729
338450
0.0000558702
0.00000769789
0.0000635139
0.000532237
83.6180
994861
464745
855639.0
2196.06
-0.0000781608
-8.73500
0.0971682000
0.0603779
0.00000450769
0.000000417076
79875
0.000000948923
19.5446
0.00000352120
0.068549
-0.0000075800
0.00000858387
0.441499
0.0000627051
-0.0289072
-0.945146
-90532.8
0.000000355275
0.00596961
0.00686072
66735.5000
0.076893
52.782
463974
7.51388
876723
0.000000252608
-21210.2
47.6397
0.0030483
40796
-0.000769303
33176
5452.21
0.000072003
39823.2
-287219
22550.7000
5.83718
-9082.12
0.00000765037
0.277805
0.000695490
990.218
3387.69
37199.1
0.0826834
48180.2
0.0000495245
-0.00146844
0.000708033
0.00547620
797.081
0.000928238
23453.6
59.8297
140.881
159.231
0.0000988016
0.00511851
-0.157414
0.00928581
0.00000211692
10.9774000
-0.00000975985
1.27390
4.35124
0.00000001049
499.719
-0.00215713
0.0000463715
0.000000713811000
0.03021750
-0.00001262620
932.996
2539.87
-0.00524136
0.0000886901
-0.000605961
737.981
0.00000186343
0.000120074
69.669
0.0030924
0.0000146245
665987
0.0000982395
-9439.34
5.16215
483122
293.16
0.553744
49907.9
0.00000537777
0.0943220
36.7361
0.069695
0.0000679646
0.00000202820000
-8071.87
0.00188832
73.4280
-990.096000
-0.18467
0.00000694524
57.5138
3274.9
0.0659952
0.00000842884
-0.0000327506
2.50164
951331
120.838
0.0355408
-0.000612219
-85.19270
0.00024419
-1462.93
0.0433775
0.000252200
6208.17
0.0536316
0.00000602617
814951
0.0951921
158.839
-4.42969
-0.00000044839400
0.00666038
2.629320
14067.3
-0.0288313
168.926
0.0000420177
-0.0500082
814.516
845.254
-19.4479
-0.00000815034
0.000454856
-530370
23707.7
0.00618004
605.22
-18028.9
-0.00380253
798366
489018
15.3939
427850
0.0136583
-39.3514
15026
912186
0.0000686819
-0.00000256162
-0.9260
0.00350442
0.00000196624
2.96889
889427
654.246
0.000000598187
0.000698078
-0.00027422600
0.090718
0.704494
0.000000794811
-32264
0.20998
170.3860
-0.000039754500
1802.68
8.3688
0.953441
-0.045385
69783.4
0.0773450
1.44194
0.0769592
3301.05
0.00633820
-7705.44
0.179879
0.000000921442
0.0089089
0.00816517
-0.0694932
0.000464873
-0.0295115
347447
987.042
778.988
-788.919
0.000155348
-0.00000729169
3363.51
0.000086945800
0.00407540
0.0074088000
362822
0.000612804
0.000000824160
-0.0000473903
11.5228
39.5078
0.0000072386
0.000095884
88730.8
-0.00000176168
-0.581002
56.4547
-231.079
32.1170
79.6052
73.9991
0.00000271747
0.00000106202
393510
0.00000707459
-0.398803
-0.0008610960
0.00000078111
-2602.40
632839.0
791.868
-0.0907135
0.00899301
0.799417
-0.0536218
0.000000172973
362432
0.391754
0.000284740
0.000233603
0.000000757953
0.000000268610
0.0000209032
-65.2205000
-0.0867219
-885.264
0.0214141
-77.18
0.0109449
0.0652823
0.000000392126
1942.0
0.00000233030
0.00164911
687035
-24200.6
0.0190342
0.0000373273
4.87396
-0.0000068174
0.000222893
0.000126446
663.223
51.5602
0.0900372
9.27970
0.00000089730
433627
0.00002280850
-203305
0.0000695435
9.85625
67039.0
-85.4797
0.00293158
9.28768
90.8521
0.570291
765500
0.0812261000
410224
0.000272162
-8.313140
7272.13
0.00228642
-0.00000556306
0.0000857599
0.714045000
-221297
-77553.0
22.2808
331.115
399187
-0.000270947
0.00575619
39796.4
0.00251649
0.0000881309
-0.04861430
-0.00000225809
40.7365
0.000647118
0.00000410984
48607.0
972260
264.69100
-0.00690709
66.3304
374550
0.000000434826
0.0000814496
99782.6
797.920
-276861
0.083771300
0.000000372578
0.000337140
0.000000089399
0.00780562
0.0000049647
-3457.32
562658
609965
9.31328000
0.412152
977272
408.6900
-0.8073340
36.1481
68.3025
0.415122
-0.0000877409
15.170
0.00693902
64921.6
0.000000221129
0.0568575
0.952724
0.000000345026
5.97270
73.0725
0.00778591
43607.7
-7777.57000
0.0000721037
0.0000449217
35.4250
811347
2.67945
0.0484730
548487
227.793
-0.00006269310
238.074
0.0000572049
0.000840586
8.38240
6332.20
46765.6
807623
-0.000000845335
48.7686
7.34550
0.000856844
0.000000783250
91438.9
-347.755
0.0000954547000
-4624.41
-95.38350
161.233
0.00208188
-0.000794512
-96.1109
0.0253871
-0.000000957429
894537.000
0.00000881022
0.000000609689
0.00330022
-0.0000818481
0.00901416
-0.00981166
0.000044360
536.692
645.164
0.000000219715
44.5350
94.2619
0.00000390112
-0.0000574099
-0.00000389919
-0.000000780183000
761.284
20.3402
0.00517695
0.112589
565.32
0.000000091054
0.00823428
0.00000010742
0.00001351
0.000960619
0.00000084767
0.00000645760
0.000000452224000
-1.48003
9607.12
-0.000310079
3.70555
1.69046
-53049.7
0.000682220
0.0637699
0.000784001
0.00828696
8.65071
0.0812192
5965.93
0.00000716811
-0.0000029191
-0.0000565085
963040
0.00000251329
18.5785
6358.870
0.000373166
0.0046006
921.153
0.000000370740
0.00000873026
583.549000
80.8141
938.850
26.1691
0.00213637000
-999.853
4.47143
0.000396548
0.000000950313
9.28841
0.000684520
-0.636676
0.00066309
2.19118
6083.39
0.0413670
0.000000796647
0.000228571
0.0971337
-0.00000502231
0.000671913
0.000191939
0.00768971
32.2812
0.00003240200
-0.00000765512
39.536
2956.37
935429
0.000842654
0.000839008
0.0952225000
0.000420854
-0.0231559
5.61422
0.00000464442
6824.55
0.0000398135
2647.8
0.0477921
-0.00000615718
-1.12714
-0.00851090
-0.00000472708
0.00861662
546371
-90670.4
0.0551532
0.0008392130
48891.4
0.0000703168
0.0000177231
0.000000687222
6.09899
0.0789938
0.000000483068
-135538
6675.95
-0.000000344857
-0.000191286
0.00771334
968845
0.000000691411
320.360
16077.5
-0.0897863
678.155
-0.00093786
0.06746620
7.39685
-0.0000822491
0.0401363
374925.000
-8.44965
0.00768769
0.122792
-186572
9007.87
0.00155551
14328.4
0.076655
85.219
0.000975293
-51807.400
0.0009815440
-93040.3
0.0136109
7.92642
0.0000589407
0.0000170090
-11944.7
1438.91
-0.0000977001
-732033
0.00000554189
-0.0000534514
-0.0000976639
28842
8801.560
914.334
243.212
0.0000061922
0.00000268058
0.0000487347
4456.68
485540
0.00486138
2.80574
4126.00
0.647654
-0.0987037
0.0000600440
755323
-258268
3500.72
78805.1
-0.00000237596
999.080
-0.00000105237
0.0880304
0.00000300008
58.1610
-8.79285000
72.6922
6490.15
0.000000859790
0.000000704431
0.000790376
-52213.4
0.0000029485
75.7157
0.0753836
-0.0000205650
-0.00000261373
-779.913
0.00000798154
6.3004500
123607
0.095937
7845.79
0.00111847
-0.0007792
0.00000844117
0.0566597
0.00248524
9623.29
0.062255500
-4.20896
-0.0079493200
-0.0000368759
49121.3
-0.0000438205
695.576
0.0148425
60725.0
0.0937312
393.9
0.00196990
0.0709174
245.598
-78.870
0.0059882
0.000000544377
-47955.1
0.130918
190710
0.0000765081
0.0000021924
0.000000438281
-0.000000405437
-0.00203756
343094
3017.51
0.00000568796
0.0365166
67.3322
0.000000644472
27470.9
0.789493
0.0000111062
98.8622
0.0000143068
1159.20
6.06244
0.0000899761
200.185
0.138934
0.357585
1.52521
-0.0255862
-854.138
2.71632
-0.00000893135
-0.00065548
-813716
-0.000659432
0.000000668217
0.386205
0.00646110
0.0028935
60454.4
0.0000054889
-9.02044
-32737.7
-453354.00
586793
18168.7
8419.72
0.000000737001
0.0000659503
17251.2
61242.3
0.0000149572
0.149411
0.187368
0.00000655105
-0.0000895713
-79.9603
3.59619
0.0523328
0.00917036
-0.0000233695
0.310811
0.0174654
408056
0.0875939
90.88670
0.000194498
0.484577
361236.00
0.000000200755
-0.000026036
28.4527
0.000000696271
9.91660
-0.000000567825
9.15615
68.2222
0.00155205
0.0011920
0.000000095283
79.3620
0.00000119875
0.000753223
0.000000494913
0.000942618
0.364228
4738.72
-34.5200
-33387.2
997.572
0.00682349
0.00174635
784.948
-0.00000118622
-0.0783954
3350.75
-0.00000584209
0.00149305
0.00559479
0.0000656809
0.0090791500
0.0001688270
-0.00000541263
0.000162396
2.05425
5.7361
-0.003000080
0.00817505
4461.88
5810.43
-131040
-0.00900941
-0.553275000
-0.000789150
4.86658
0.000218890000
-6.14234
0.0000745506
-40.7144
0.0000260184
0.825178
0.307045
9.86440
-0.00000646766
9.9342
0.00000755081
-0.000469037
0.0000912049
72240.0
8.58705
46.5607
66716
0.000088219
-4077.1
-337.262
560.574
0.792541
0.000546863
8771.82
18.037
512670
0.126369
0.059272800
-0.0825452
3522.67
0.00000309384
0.000000063662
65.9647
3.78137
-880.23
-386.213
25504.7
0.000005108
0.0544516
197935
0.000000990991
0.00486262
625130
-2960.76
0.0000004949520
4616.20
0.00460667
-0.0000726900
837.371
0.00000561435
8.46711
0.516631
0.000000016031
50.6104
-0.000000735788
279.589
0.0009712170
-0.0488090
-0.701841
79289.5
0.670526
-648.067
2909.7700
-0.0242144
8.93626
0.0669866
0.0000909118
9617.7400
0.000000427884
0.00366978
-0.551731
302467
6.43521
-65.474
306239
740840
965.07
79036.7
49.5305
0.0000544601
0.0039817
-0.000514484
-0.00000309390
-76.2044
0.00000569167
0.00559791
561.43
-0.00000153505
0.00247383
0.00053393000
5.5040
3791.87
549.043
-0.0493722
-2.83115
29061.0
0.0000140552
0.541927
0.0000481413
0.006817550
7.0587100
-0.0000506982
4270.86
0.0000212644
0.0000936641
0.000000696186
-0.0853810
0.00130067
875.16
-2191.28
0.00000779710
-8154.82
0.477375
948531
0.000000224656
0.00802211
-0.00850758
6679.26
0.000422357
-67.04120
0.667443
30728.4
0.000498954
0.0554722
-0.150265
-2566.78
-69374.7
-43466.7
0.00000780676
666993.000
-0.00000585573
0.0000796038
0.0471977
0.0000433132
-0.0000092106
-0.000142984
9367.42
0.196416
0.00000506011
4.45936
4.16110
2127.80
39.3805
-38040.2
8.10289
0.0000570342
8.75425
0.000000364801
0.00531916
-0.000000087406
83.3793
36.6900
-0.00000991931
9479.14
-0.00329026
0.0852504
1471.84
0.000617106
-0.000000691883
0.00000919313
646946
0.000762954
-78949.9
415.5830
0.000141252
0.0880008
112.092
-7040.44
0.0000215947
-266891
0.00000364365
0.44508
0.296506
3.95763
948437
-80418.7
0.00000913935
0.0000209944
0.0376364
-6107.2
-0.234129
0.000000237505
0.0546592
4.43965
0.0000431506
0.00363004
-0.00000137333
0.00000281957
74921.4
943407
0.00138690
0.00312668
0.000191227
-0.0073040
-0.00000823118
-24.8981
0.0575262
0.0728735
68.4052
70.4233
57.9414
38456.4
-558729
-0.214408
81.7770
-610.742
952.233
0.045477
707252
0.000000189528
0.0744526
0.000645701
2.60108
-0.00813526
0.0035115
0.000000355121
0.00000992517
14195.3000
854.968
-0.0188612
4.27046
0.000613935000
-0.0000498
6779.44
540418
37.7199
-0.000551043
0.00418487
0.0000799538
-512220.0
0.0006802990
82.6746
4894.01
0.00696877
-0.000000184257
-0.0000362212000
-0.0509899
-412692
479.975
84.2478
-0.431442
0.00000140841
0.0000989977
-23206.0
146444
0.00854704
0.400087
0.000326320
0.000000251410
0.0662752
12.2025
0.000504784
285.092
640.892
764.566
6.04845
-3.96516
8.65997
0.00485323
0.0000433606
0.000268312
0.000000965669000
0.0000813127
9534.25
819.287
-55081.700
947.758000
5980.12
4616.87
91259.50
0.0000051526
-5.45882
0.0468855
0.000578385
-0.385534
34308.1
0.000815377
53.3852
2.97210
-0.00000977244
916314
410.765
223.855
0.0000682274
20.2995
0.0659804
-0.0569537
0.000454779
0.000832098
38.1530000
0.000000222840
-85876.2
0.00240442
0.000000992611
5387.27
0.00000374480
0.000000729904
-804.816
0.000719005
-0.00000566460
393520
0.000000167415
6.88568
-0.000021314
-8576.98
0.569789
89957.7
69.7968
0.0634847
7010.33
0.568086
4359.89
0.00000129000
-0.00000526032
-0.000000750950
818.709
0.0542088
0.000000624652
0.053072
0.000933607
-0.0000838625
43.7395
0.00000924288
0.000146420
0.00000709714
784.80
0.0069124
72.843
8522.43
85568.7
52966.7000
-0.851773
-0.697341
517.858
-0.000000158527
0.150865
0.000499923
-0.0000002067630
0.000000358267
40.0768
92.9700
771282
64531.2
0.000000473073000
-85.1066
0.00840610
0.00537685
209.225
0.0000246659
60216.7
0.145355
-0.000000429596
-14469.0
0.162798
0.0000256482
-0.0000005929860
1.31994
-35703.8
2266.78
0.0797331
1794.11
0.1712430
-5602.71
37.4807
0.00000192897
0.0597094
0.00820256
0.0000023011800
-0.00837110
0.000153284000
-7.11496
-0.000765537
0.00360933
8262.2300
0.0824912
64.6333
0.0748638
-0.0000228946
54.862
0.000248255
0.000326370
509.262
-0.00173089
233090
2.07187
-317.733
0.0000545752
-0.00000093377
483603
-0.000908126
-4691.79
74080.8
0.74132
-0.0494269
0.0697020
-460.146
0.000000209149
0.000008987060
0.000000081803
8.28219
0.00000652522
-0.0000291917
0.0000545656
2141.99
47.3622
-780.951
0.000000020346
0.00294135
0.000612237
0.000000160268
-0.00000850140
7.6038
-154997
0.0000047119
-988966.0
0.00000468794
-0.0000006576400
0.0000906521
0.000000863832
37.2951
0.000000133493
0.00154140
-4811.4
82282.3
0.0000005819460
0.00000935429
28339.9
0.873357
-0.00000407041
0.00000130819
-57.7691
0.0862648000
5.33454
2466.58
0.00753546
47837
0.0333870
3195.00
0.00864458
0.000844085
740.949
63.0268
0.639957
0.700686
0.000135683
96.0541
-783270.0
4.86626
55985.8
0.00000308646
0.0000477762
59.2150
20363.70
0.00220298
91871.9
0.0016949700
973.9
-9.8015
0.0000009541290
9764.1
-258916
8461.69
452461
0.0193086
915.00
0.00000476716
33636.4
0.000000092334
177.82300
-0.0000588600
41845.1
95946.300
0.00843470
7117.23
0.370193
160.082
-0.0000100719
0.0397259
0.123358
-0.00000911338
-1.81337
0.00000369061
0.00746640
0.00000196458
0.591021
-3000.24
6979.92
5562.2700
555.385000
0.00000039219
0.0000858358
-0.000732652
367653
273.968
-0.0518388
0.0000517277
12219.5
0.000837395
34833.1
-0.00006779550
-0.0307070
97535.5
0.00497311
-875093
0.0000786423
0.00000489494
9.35066
511.49000
5379.32
0.850816
-0.000307877
6848.7800
0.000216572
268.246
584.383
5.99222
0.00797219
0.0000937888
0.000725185
0.0025774000
0.00266172
0.23356
-0.00114421
-6.1012
0.00000896649
4952.7
5.99340
0.000091868
0.000457902
4.17917
95.8858
119.63
7.61203
37049.5
-0.0000928434
6.48225
54.2762
0.220418
0.00160156
0.0231470
-92.3540
0.028599
9.77640
0.000977175
0.00000116641
-7083.35
0.00594396
0.327386
-581.014
5.4923500
0.0563455
4443.42
-534.904
0.0936506
0.00000364043
0.0384997
0.000347857
0.00000720969
0.00000610973
0.000000876941000
0.0490998
-965898
0.0000250084
78856.2
58.6630
775.42
869846.000
-0.0000496263
0.567115
0.00000836685
62.3085
858.801
0.000000624858000
0.00000113982
0.00918683
-31956
-73575.4
-31459.1
3514.20
784.346
89.3923
-0.00943747
-856.998
0.357006
31.5292
0.000000823291
98421.2
0.81402
0.019062
5.54048
0.142569
0.000000634466
0.000000418935
445.368
0.0229382
4351.11
0.930007
0.0944206
-90627.8
0.525930
56.0512
-0.00062566000
0.00000631313
0.00706345
0.481487
0.0036599
0.000474303
22234.0
234200
9910.85
0.431697
-943261
0.00340700
0.0912651
0.0471268
8.95926
0.0000099523
517.613
95.1479
0.214534
0.00435732
0.0626195
0.00000121981
476441
-4.94654
-8.67249
4419.99
28162.7
0.00586041
-0.00345320
0.0000073536900
600.619
0.000474
26.1733
0.0000617453
0.0067639
893.468
0.015781000
5062.73
25110.6
3336.48
-790.324
0.00127112000
813.048
677593
35.1506
-6.489990
4.93854
3415.0500
459.885
8.14929
0.00000755144
0.0262931
-984661
0.0000635616000
0.000000021230
30.4287
802.214
2068.28
151393.00
0.00592530
0.000346745
0.000000077753
0.000000885251
50.6089
0.00885638
-7.24218
-0.00882125
42988.2
-0.000000826895
0.000000248867
0.0000844342
20940.5
0.6334570
174.8700
0.00517048
0.00285319
2.2816
0.000251965
0.0000649552
0.00454984
0.000209594
-6.84771
0.0169053
0.0505382
-0.0000018590300
0.000000808777
0.000011081500
484934
3.13541
0.0000451769000
0.0000535823
-0.000874895
815477
0.00620308
722595
-998.128
-0.00387288
0.000000703809
-0.000000066944
-0.00226630
0.0852948
-290377
-1.26482
-833525
0.00000426125
-0.00000241307
0.0588236
639203
0.000056738
0.000000218845
91697.6
-6580.14
7.52907
762502
277519
0.0000081993
0.000000431662
0.0028965
0.000000609379
-0.000167416
-0.000000821852
52640
0.000481171
0.1010270
0.000212556
925.241
84.9399
0.00321153
-0.598904
0.0085810
3.15038
0.00220229
-0.0000930065
0.048186
82.5254
-0.0000583410
0.00879487
4.38540
0.000107445
0.000301812
-0.000000007409
0.348705
0.000536842
4.76760
0.00770235000
364.500000
7.07966
0.000000409713
-7801.41000
0.00697549
0.0000090619
0.000000487715
839814
-2.17916
545674
-0.000000560102
-4.13121
854.469
288185.0
0.0000620413
77632.00
0.000000177133
-0.00000597413
0.0000374983
-4.75424
762.942
-0.00738432
0.000308134
0.000000385350
63.8413
-81.7708
-5.08656
85.1879
575523
4.55136
96.7941
-0.000000406007
8.05846
0.000000715303
-0.000000997693
0.00000007068
0.00866548
9719.39
92.2892
1020.8
0.000000514472
0.000863289
-0.000203184
96027.6
-0.000000552308
-56980.3
0.00867211
-930.127
-0.0499517
9.29748
0.0000459798
0.000000503682
50.9264
-0.892232
0.533570
0.0472441
-49765.1
-0.00986523
0.0000742721
0.150533
-0.000247005
0.0215628
45.451
0.00000694613
0.000000621703
0.0000593765
0.000000754823
-0.153783
0.00000961025
0.00000627927
0.000000800038
83.8701
0.656792
-0.00084037500
0.000000988530
557.096
0.50485
-0.0251119
-39347.0
-735.100
0.000000358391
991839
-0.00001543590
0.00411895
-2470.48
0.00000425865
0.0018951
-6423.46
0.0000217847
-648.811
3815.29
0.0261921
0.000766476
0.0000895833
0.000511749
8.46149
0.00841224
0.00687001
0.4570770
-23.2829
-0.00000191909
0.0030797
-0.0903797
0.0771238
791190
0.0767869
42064.4
6695.32
0.0064944
-24.069
0.0000258379
0.000049651200
-0.000000656754
0.00000988671
-0.00681302
310.686
0.396475
-0.00999490
-0.000624727
0.0475809
0.726184
7199.41
265.368
37.71670
4.28716
-0.617986
7558.09
43.9227
52686.0
0.181822
-221101
-0.000888487000
0.000000576367
0.000000503307
0.000662285
402.388
0.193426
-81519.1
1.37314
0.00000223162
38.868
0.0000129858
2625.29
2521.93
960790
-1352.10
0.000000202927
0.00000360949
0.00833584
-0.0135214
-0.0161405
0.0000885334
0.000000826638
20.9036
374420.00
0.00000556325
2.75160
958664
-5.70229
32295.1
0.000147585
0.000000468231
-0.00504457
0.00858537000
489011
0.00000918688
12.0935
39.1286
72800.9
946850
-683.411
0.000098751
-0.325145
29977.7
0.249928
0.552699
9.20798
0.090803
0.938721
-49716.8
6405.100
75.076700
0.00000516501
5.68603
33.4694
0.0000705415
-0.0000055996
0.00000145409
819.273
-3487.63
653283
0.00925272
-0.606547
36.6083
0.0000012323
0.000000176623
40726.3
2030.85
0.725675
85243.2
-0.00000804035
0.00000416330
-0.0000283801
-170.791
-0.0000619760
-377.927
-94933.2000
0.000616753
207.209
607.35600
0.0000567722
207.525
0.0579727
21.8407000
0.0000671232
299.696
-0.00612640
0.000000835578
87924.2
0.000351854
4748.48
0.000000157858
0.00000883866
573145
-0.00000084905
0.03631150
103983
0.0869467000
4.14185
0.000930942
0.0000429866
16.498
0.0000484997
2212.33
-4.33470
0.000699777
3682.10
0.0000932006
0.000545794
834.724
0.000000398257
498.616
0.0877430
0.0000621547
-0.000547941
23.2279
0.0000965660
170729
0.932936
0.0000320446
540.497
-5.46716
2854.40
-0.279918
0.0000669019
64306.8
0.000882055
0.000000628782
0.0148851
-5.54707
0.000000785969
0.02201610
-701.951
3327.510
0.0574389
122507
0.0271822
0.000000360837
0.00000029387
0.00078448400
4.44653
-0.000000440760
89.2384
0.000000041023
38160.1
-0.000333203
-0.000515284
14.6282
0.00212884
0.00353228000
3806.59
-515722
185.938
0.000000844959
64.7390
13.272300
1773.16
48375
7.60278
802248.0
8401.84
-792370
0.0109967
750.604000
9.7635
0.000000421995
0.368428
7327.99
3.53807
0.000000551686
111.259
0.0000935163
0.00000149259
829.44
5203.00
-0.0000250081
92.9413
47.8179
0.0000143185
0.000000203203
2363.64
0.0000008379820
0.000000340075
-0.00000347097
-781.460
-26956
0.0360932
0.00000293314
-0.00260217
0.0000006320000
-0.000119303
5.47889
-0.00000808878
-62.057
-0.00000961300
0.000000724586000
78.0547
3.64666
0.00177182
0.00966002
0.0585787
0.00000980464000
7.33751
2.43030
494350
-51.3078
5093.27
0.0000653466
0.102249
-0.0628620
-0.00412875
29392.5
0.0394250000
144.176
71515.6
0.00967105
8605.56
0.0962923
-0.00000018020
836.734
-0.00115300
182.554
0.00421020
-0.00822425
32.997
0.000875418
7893.1
0.000000836978
0.00005124470
0.0000058564
269.5
-6.61452
0.522019
701044
0.000000954810
0.0000350724
-0.00730957
96.09000
-0.00130413
0.00553803
0.0291495
-0.0000525657
-81.362
0.000000564557
-0.0000755193
0.94262
93804.3
-496650
0.0794382
7.48706
0.00378216
0.000000388128
358356
357518.000
0.000000648638
75.8138
0.00000743638
0.000000795629
0.0000274115
0.000109705
6.35530
-0.000000148759
0.00000435145
0.00713689
-166.805
-0.000425951
3750.57
19.0742
-48.2260000
0.000000406272
-588845
48.5763
0.00000534934
370312
-0.319562
19.6928
0.0762019
0.000729129
-0.00000398560
48557.8
0.854016
0.00171496
0.0429828
-0.05882500
7914.72
0.000000269016
5869.86
0.0931765
3713.58
-2.01282
-8983.650
-0.0000007740480
-3.27580
0.0022175
-0.000252222
13.6295
-0.000094115100
0.00696963
0.0000511573
0.494873
-0.00000498034
0.000000126728
26789.4
2957.44
0.835957
0.000430120
0.0000500569
0.0000914957
-99.3445
0.000953542
0.000354224
-751073.0
0.371002
0.619359
-0.00447
-46.247
0.0000306928
60.72480
0.000000710198
-931438
-0.00000136434
-0.00000807685
-0.000000639512
608869
382.290
180257
0.0000730751
0.000000961541
-350190
534793.00
0.530099
-0.000431811
0.00519856
-0.03089080
0.000855122
0.288197
263.517
0.00702191
0.0830181
3.11289
275.237000
-0.000087767
0.00000996204
-0.000000691955
-0.0131218
0.02412800
0.009483090
510473
8240.55
4576.71
3.93135
5628.95
-0.00409759
1.53285
-0.0000296028
0.347759
9.7855
-0.00000708664
336328
-0.000756830
-2.19498
0.00000823823
0.00817888
-0.0000603967
8764.03
4.21166
170.449
6790.28
39.9343
-41207.3
0.0699068
-0.098178
0.000737418
384558.0
878869
929816
9.52752
6.49417
522540
0.000000858758
0.000000915965000
3.62577
679.652
-9.9829
0.000000312109
131.882
0.12214
69.7458
-4.673090
-52.5453000
0.0274953
-815449.000
20276.0
354.317
162.094
36916.6
-65840.7
0.00593804
-0.00000999190
39247.6
-680.68
13.097
0.691579
0.0000397970
3.61230
-8522.63
0.0881827
-819630
2.75263
184878
59419.4
0.000000951912
-0.000000846102
0.000805604
-0.0000277334
-0.000000033429
-0.00000350632
479.97
-314.38
98.6480
-0.300677
-0.0453121
916380
0.511910
-38.0336
964060
0.00473390
0.0000764869
293299
4.77068
4.10533
8283.62
0.0073057
0.72106400
4613.69
198.821
293.024
0.000007117110
0.000000933955
-75.3351
0.00000911091
54.401000
-1684.00
53763.7
7.61291
0.0291847
0.200166
5376.80
24074.2
0.000710986
-17.130000
5.024140
9.87217
418639
9.04526
33069.3
77610.00
-0.000328939
0.000000437962
0.497884
0.00000513390
0.000989472
0.00077017
-364490
609408
0.000000585573
0.00044151900
2716.67
0.00000655388
-2006.01
5754.02
-0.0703388
17.5451
0.0003764730
0.00000297941
883.438000
0.0619126
0.00000626592
-0.8462300
0.00001805
61.0760
-47899.000
-0.0000060149
0.00000135262
96.3522
0.000388821
0.000000413843
0.000000471752
-49783.5
18.840500
6460.32
870.31
0.00000415671
4.26087
0.00000097789
-90.4198
-0.639058
0.00502675000
3356.5000
4103.43
0.00000055469
2456.1
0.0000770312
94262.9
0.00006396150
7.43213
0.000018069200
-5.98045000
0.009882490
0.00677055
0.000653937
56691.7
5367.9800
0.0669946
76966.4
0.00000290611
9017.46
6542.39
0.00000302709
-386.59
14.010300
0.0000593309
-0.0425369
311463
-0.0000445620
48.6376
0.537288
3533.56
-0.00562731
0.00000817356000
6.98775
0.00001316
0.0231496
0.000429578
-0.000000130462
185846
-0.000000745863
9.42799
-4.54267
0.0000015802
742.881
57.2546
0.00000163097
0.0000046356
56673.7
2.23738
-0.000285155
-0.000000114600
0.00000496353
6832.21
0.00527300
0.000588333
0.000619690
226049
-0.679077
77423.6
-3.44221
5939.92
0.00458294
0.00950289
0.492108
0.000000129362
-0.000031575
7214.27
50.3886
32692.4
-83.5054
0.000000524439
633953
20137.40
13187.4
-0.000000360081
-46.4254
0.000000327456
0.000000470305
16348.9
6356.75
0.000231797
-0.00000869159
0.0116109
0.000000743621
-0.00148430
0.00000434149
-0.000000969802000
0.0000592880
0.000255372
0.000000602045
0.00000943292
-325.888
303.57
934073
0.000038636
-96000.3
-17.4604
0.000004614120
46.4939
-0.000000222828
1.87063
-0.00168742
-0.969220
0.00389423
0.0018068800
774970
0.000634990
2.87026
0.0000846564
-0.0244993
23.927600
0.0247799
0.00000136318
-0.000000856885
872103
2.36128
-0.760905
-0.00000702141
63575.4
692654
56.9852
0.870144
223466
0.000000922057
-0.0000551401
-0.0201720
3586.14
151.400
-49.4790
1030.17
0.0000527688
147979
9.47636
-242663
497699
-0.0000555813
0.0000457282
-0.00270142
0.000487768
1.94192
784.569
-0.0000699547
0.000193940
7866.16
379688
-0.00000793590
38.7838
526733
0.0709614
-0.0099521
-0.0000243821
863.696
0.00000508698
499.297
565.36
0.0407678
0.000206644
0.00768680
92865.0
0.0509383
57.7490
0.000000393398
82632.5
-3374.77
-0.0000362689
-0.0005681160
0.000000930535
0.000809200
574072
-0.000249203
0.000566353
-0.000000355615
-9.05221
-94.4012
77.0933
46.6443
-553.71
-0.00579529
-6736.41
0.00281683
983990
7.29347
0.00000994351
0.891008
0.0000237190
0.0000287941
7202.57
0.0066094
-20493
-0.0000616644
0.00000353371
0.000000971143
0.0672680
0.00696617
0.00000638032
999244
-1.46020
0.000000818350
0.00039703700
459.841
0.0371867000
0.862000000
-0.000071683300
-0.00000771543
550.579
-79.2454
552.175
0.065454300
0.000000176956
-0.0000952632
92.4463
79.5298
-0.00862480
0.0000516161
-0.000011427
-0.00116924
0.0000168875
0.000879888
0.613220
-955.585
0.328330
845.908
0.0944502
0.00000065564600
516990.0
0.000000950786
960.939
-0.000000544602
-0.0000057725
52.9666
7875.42
0.000079523700
0.0693825
0.00000761155
-0.000348188
-25.5838
0.000000252268
950.371
0.000723736
7.27758
406350
-954145
31299.6
329.764
-0.000775796
0.000828781
0.0000831625
0.923950
69653.4
-660.429
476354
0.00000186598
0.1105
1551.5
0.000745550
78425.8
0.00000158150
0.059122
0.0000173135
135632
0.000000956944
6324.51
90.9716
0.000000456054
41.6104
0.0382479
0.00329384
0.0000372948
45602.7
-8529.10
0.0477991
-0.0000677021
6469.49
454428
0.000000702010
437.181
81.4350
8195.43
416.575
0.620759
0.000000516844
30.0292
0.0000693244
0.0671883
0.009003540
-0.0982882
0.33163
0.0000000808
-46.0071
5675.35
5342.26
-0.000263677
-0.00000606311
0.14481
24.8590
5.41163
902.726
84748.7
0.000990489
0.000000061601
89.7420
49782.3
70245.1000
7.96644
385132
0.0462193
997230.00
-6863.41
0.000283376
0.000965032
7.84717
0.000980307
0.0640590
-800959
-0.00600421
0.000000751974
0.00785255
-253732
0.000190861
35.6661
-0.0000565780
3936.10
0.795493
86.869
-0.0000703960
-0.289802
5665.06
9.42387
0.000095116
0.0000066659
2269.90
0.955663
0.00009833080
0.00000876973
2.51327
0.000001450190
972255
0.00000473946
-7.549500
1872.76
0.0854589
-0.000000509071
31.420500
9.25630
3.20130
0.000085820
-5.01547
-0.0000209827
-0.000000763176
888.86
0.000000591819
0.000000260739
0.0924238
2896.32
372595
2988.18
0.773091
0.00247222
388239
381969
0.190738
0.000000628585
201094
0.000448785
57.51750
5.23128
0.000000339189
0.00000161331
0.000700725
-398306.00
-0.00000706133
8.08630
-0.00591113
-0.000000232863
0.00000356855
0.00000315196
0.000000128371
0.000000454650000
432.080
0.000045755
9291.69
0.00797851
0.0000787929
-0.00329381
0.000000005716
-0.00724336
65663.3
0.000134069
-463.944
0.0942678
0.0000320271
881.77
-0.02041990
0.263875
0.0000752128
0.00000605282000
-0.526008000
-608.829
0.00000101805
8294.43
80.49
4.99149000
0.000578434
-0.0000461502
-0.000000423203
-808.657
298.877
-0.000000226665
-0.000000043123
0.0391615
-0.690375
-0.00944197
40.6523
0.00517585
-18.2774
0.000000212693
-0.0000378267
-646172
-227.966
0.00619256
0.00000705672
0.340775
42677.8
0.0232997
-8393.18
0.000278134
37.0840
43.8090
0.0032614
30602
6724.32
0.000751417
0.00000751983
-458.656
-0.0000884529
0.0000259045
46.0331
0.00007089500
0.973520
-423.502
15.0782
0.163928
-726.001
-5332.97
0.000818306
-3.19833
-17112.6
2220.41
-47.23020
521905
-0.00000580998
-70521.2
36.6629
57.7936
51.8754
-0.315047
0.00048577
0.197992
0.000178808
-1.83681
0.000000057785
241790
-0.00000344559
830.102
0.060166200
-0.00000343625
-1455.88
818333
8945.89
0.000000705611
5058.31
-0.000000474825
0.0906851
-6.81490
0.0000004468
63552.1000
64915.0
0.000000285283
-0.0000122951
-9952.89
-0.0000237784
-0.0858654
35.685
59.991
181660
0.0178855
0.288892
46.2198
0.000000313627
0.0328203
21700.1
97975.6
0.0883662
1.07807
0.0976768
-17.783
0.00044515800
-0.798175
0.000000489567
0.0622256
0.000000115090
-39.3810
0.0000278536
27.1092
0.00986764
0.0000222756
0.0000004694120
66.8305
8.46582
0.0000200703
6853.08
0.00019775
9696.99
70920
0.00000819490
64732.3
-0.678197
0.828678
-9.46059
-630.811
0.000000000484
0.00753621
-54023.1
0.00000169225
-0.362689
0.188018000
0.00000764757
0.00778486
0.992160
0.000000259807
2.22153
0.0000819882
0.00363952
0.000000306022
-0.00205169
5060.60
8.96032
9.44802
89.4306
-2765.63
0.000628469
0.000679149
-0.000000133624
929.489
8256.60
0.00898458
0.0000796773
71.5210
1371.59
0.00231320
416197.00
40672.7
0.663039
0.0569175
0.00000921309
-889.956
0.000000238581
-57.8878
0.000786265
-753.977
-0.0000959342
35.3853
-315716
-57703
0.000000910062000
0.000162385
0.00664491
-6.26126
0.000000636266
-0.0618079
0.000907045
0.0000519288
350364
7.45009
578629
-5.31234
0.0417745
-0.000299729
8.370630
0.000000155636
7.21851
0.00034177
0.00000193743
0.0323324
-606668
0.0000476399
5.48531
0.000036256800
-9915.68
-0.691705
6.80232
875.856
9663.1
0.00675002
0.000314951
80.6849
62775.2
0.004614440
-0.175605
0.000000754409
-0.000000674931
27190.8
0.000026964
0.0119069
-0.00625178
0.00000874265
0.207101
-197.889
69175.4
18.0933
169018
-318.776
495570
-7582.58
-34.0012
0.000483531
33.1820
0.0000720196
974830
-0.00000865137
0.550354
0.00038281
0.51797
726458
0.0705988
79623.9
0.000000492646
853.75
-0.000191401
0.0644478
0.00156824
6677.46000
0.000915081
-0.0894209
-0.000000341996
5.68044
0.850145
97.7849
0.0000890148
183237
0.000490718
808.405
0.000347394
-81986.9000
87355
0.00000961565
0.000000268408
-0.00206106
4.7398
-36.8988
35.5249
0.000000810485
0.000000893106000
510.4220
868760
3177.87
-472831
-0.536341
6.59669
96225.0
60801.800
9.01935
336.993
0.000000249871
-0.0000282412
3.05051
-356.451
7832.39
0.000503441
622.075
0.000298803
-0.305817
0.0285236
-0.0483615
-0.00000302508
-0.451104
79.6842
10.0670
-68148.4
550990
0.0000284403
0.000862317
10113.5
-624.998
0.009526700
-0.00556103
0.0963539
-8297.16
0.00000202116
0.00000364141
0.00000732116
0.531552
-830.629
80.5323
81884.4
6.16071
0.000038454
-0.00000635746
0.00000305026
342903
-0.629679
98.5737
-0.000761328
0.000454476
-5159.84
0.00606552
0.3337700
0.103871
-5.98158
-0.538525
5296.3100
0.00805795
44304.4
0.000443799
88.3034
0.00607179
0.000694966
7.1331
0.000306644
434019
-291.551
595415
0.000969
0.000982161
0.0000539420
0.000000581211
0.000000464386
-0.218029
0.000633604
-3.81570
-0.0000066718
0.0000512672000
781018
0.000000123395
-1.70247
724404
-64.0124
-0.00426771
3691.71
183896
74442.0
0.000000477327
0.105295
0.00943680
0.0000537458
0.771694
7986.76
168.415
70656.7
531857
871.900
6508.96
27134.7
9.40144
-0.000000882282
-93.9117
0.0000729631
-0.00000188149
0.009488390
-9.19511
78531.0
-0.0000195050
0.00473747
78.4871
-290.390
0.0698772
913655
0.000000903208
929.848
98.6277
0.008803790
0.0000561970
0.250167
174.417
501.314
43.26670
0.0000713592
-0.0167529
85.387
142254
4.9949
452.556
-0.000000691072
0.00860799
0.0000162353
499941
0.0780497
371.851
-0.000000812218
0.0283255
0.000262809
24.0665
-16204.9
-9406.55
0.000400146000
7318.45
31.0213
0.00872548
-692.412000
97.654000
939692
23.452
-837.391
5.42172
0.0000380902
-0.000177124
0.0516580
0.000000997571
46.0398
66866.2
6146.1
149.0550
0.000389931
-8.95436
7.47838
-0.226678
-48427.9000
612146
11.4537
0.0000002198170
0.304625
38896.6
0.0419333
-66988.2
0.0878056
50464.1
537414
0.961726
9.29824
59530
300473
190.874000
0.765819
-91516
0.000000129249
0.000000781581
-0.0000211261
5071.68
336729
-4.56513
-316431
-0.0000567218
0.00000165783
-0.0756086
256.536
0.0009226660
2575.27
0.000869142
0.000428219
-0.0601501
385942
0.000134463
-19630.3
-42.4490000
-0.00000710340
0.00566838000
0.00494714
0.000000392844
33.3206
-0.994885
-593840
-0.25911
0.00375710
-31191.3
0.623691
-55641.0
-3870.59
5.47958
-350.483
2657.25
0.000875687
-693013
0.822807
0.000000003260
7.8584
-0.000898405
0.000144762
424.648
0.000000713625
3.48248
0.0000315460
0.848989
0.0000786136
-0.000894002
-0.00014914600
-0.000823966
-98152.9
-5135.97
0.076009
53.7268
0.0466325
666.15
0.000949392
806.053
0.0000319011
0.000595428
945.956
0.0000550515
0.00639408
656.665
94599.5
8183.0
89135.2
-0.00000523844
-344983
3.103070
-919.803
0.0000937562
95046.7
0.0000086647
7528.32
224990
0.0086783100
0.000797332
-0.00028191000
927450
2.5040
0.564272
-9.74723
-0.0749123
0.716934
0.000505597
0.000000315133
293863
-0.00898007
0.00000191638
-0.000000665810
8.29114
0.618447
5763.380
-0.0892184
0.000000492039
-0.00000855850
-0.00330961
0.000054902
0.00000331665
7.72466
-0.00000963783
0.48904
-84.4676
9525.1
-0.0833079
775.701
-0.0042607
2.50899
0.0000615034
0.008509110
410955.00
7904.750
32.9252
0.0000760039
0.000793649
0.0234116
0.00000322150
0.00426540
2856.7000
3214.71
5.49621
9632.05
-0.985772
0.000000532732
-0.0760485
7122.80
-50.8268
-0.81877500
0.835941
0.000008536820
-809813
-0.0000640533
955.677
0.0073369
0.0459051
191.264
0.00000035336
0.00000799241
-0.0000032023
-0.0191266
0.000008954
-8697
-0.000896390
-35251.2
885.883
0.000000209242
-0.000796845
9.45824
95211.7
0.154761
6.3958400
0.0000095033
-0.00000232946
0.0008942610
-392929
0.850940
0.00635395
5.63082
1152.73
809687
180445
0.000000473461
0.00000144592
4866.2
0.0000468916
0.000000954377
-469.215
52294.4
86.9
0.000000176844
0.000159007
-645363
0.0778221
-0.0000660280
799856
54.6611
0.0426978
-0.000000235251
8.04093
83.3508
0.0045227
20.55540
-3215.72
898.698
-53.5727
-0.0000068139
0.000310133
0.77412300
859.436
85.1262
-0.00007785060
-0.64817
2025.37
0.00780986
4.58018
24.0427
0.0000046580900
-7.33844
-533175
26519.8
0.0000057073
0.000939934
0.00751478
0.00000110518
0.080903000
-0.000817447
2.10536
7.20124
912.235
-0.791762
0.00000983380
648618
0.289874
1.16421
42412
0.0002629790
85.8352
0.0003468410
296.277000
0.00000319980
53.9908
0.00000084181
0.0000378126
0.000578565
-5042.4600
-0.00000429645
0.000000055624
0.00048925800
37.3778
-68007.1
0.0000616872
1888.00
8650.68
612157
0.922990
0.5603170
-0.0885211
69225.7
0.073864
0.105679
0.000000248856
0.000685353
0.000000718722
0.0206152
771311
0.00560323
1295.68
0.0000515570
-693.236
-0.47844
0.0000008227850
0.000406130
0.00669645
0.000007834300
0.000000346070
0.000115267
0.00729703
69154.7
0.00346017
0.0324914
-0.00857120
0.00174890
0.0140072
6692.81
0.000094781
16049.00
63.6935
-50149.8
-0.00801886
-6288.01
64.6351
-0.00000369613
0.00430888
0.04753750
0.974897
0.000221171
901485
-551703
9.26352
-2590.28
0.262825
0.000000054093000
0.0000064548
0.000313758
0.000000964043
0.0000898774
-0.000000542759
0.00669905
-0.000000473602
167169
0.00314847
0.309727
0.00394736
847990
-0.000000905543
0.000045284
84.0795
83.8019
0.000558652
0.00000873212
-0.0000939837
34759.8
0.000265909
-0.00000464739
151.636
0.0000805752
-2.36692
0.0602829
682925
0.0000006150230
-0.0000178209
4.04148
0.000130874
813.096
-4.14387
166.414
-303.162
48047.5
0.000764119
4.287500
0.516981
-674690
46.8193
330257
6836.50
400.726
898.669
197.108
8.90781
0.000000776969
0.586235
309.080
-0.000000949247
-53058.6
48569.6
0.000000942256
-64.799
997199
-51.6463
-881835
0.0906453
0.123683
0.000000443839
-0.451549
6.55863
0.0123597
973423
93.8365
0.966387
-94.7323
7.58811
0.000000835110
61368.3
-9700.81
-12275.2
26464.2
-2.12521
64286.7
-8.05852
0.0239462
0.0000595978
-3509.27
-327.505
3139.40
0.00940788000
0.000000392994
-0.0000090030
4778.04
0.0724674
6.77953
-796.925
-0.00810635
0.226861
-0.00000168000
0.000028101
49485.5
0.000000531366
0.00765756
0.0190532
480410
0.0000624949
0.000000669917
0.12129100
-0.634838
818.777
827273
0.00000061042
-0.0069988600
0.00000525978
1.56999
0.0845230
0.00991418
97548.8
0.0263355
76.0377
0.0003523800
48948.4000
0.0591403
16254.3
2.81740
131562
924472.000
0.00000715850
6.11824
3461.91
0.0488831
2.97799
95.7309
0.0489752
0.000030565
0.703299
981.79700
0.00000861468
-0.501632000
-0.0000797677
0.0000971200
0.805966
0.00000544659
0.0291255
0.290781
-0.0000402804
0.00000073172700
0.000492390
4887.36
-0.080097
42.8346
-0.00000330538
0.07293800
0.0000497473
-897.740
50.0205
-0.00000465332
-236830
180.037
0.000000223393
33.1702000
0.00000477395
2416.27
9830.01
241.497
0.00260959000
0.966246
0.00366336
518.159
935.291
0.00000647972
-21239.3000
69265.0
0.633711
-24.1234
0.286342000
-0.000000778507
-0.00688147
568755
0.00000578879
0.000604215
0.000000263260
0.00000744953000
0.0000862189
0.481298
46098.7
6632.12
0.00943674
7.51780
0.00851239
0.000000815738
-0.0000764061
3849.210
0.656115
11.956
509.304
120.064
7.51120
-813.901
48.3148
0.00000898952
0.000000496909000
-0.000000215125
0.00000517506
0.00182704
229678.0
46.3042
0.836137
239.130
0.0099560
36.3557
0.00939560
-0.000356328
0.000000853965
0.160811000
0.0000307969
96.445
-0.499295
0.0013895
0.441085
0.0851374000
96407.4
-8699.41
-244.1
6382.5000
-950257
619.477
0.00000035660
-2.39412
0.000897334
0.00000018461
0.554466
44.9430
756265
0.00000394213
-0.00000092660600
77.4786
-0.0000317787
0.000003681
748990
-48.6987
692245
50940
579285
-0.00399227
-16130.7
6.75860
0.000675824
1.01150
0.0000761661
0.000000253498
0.00090907
0.056850900
-0.0000008756280
0.0000440323
957696
984.404
658.073
0.000006701400
0.00782659
-0.379782
-0.336520
0.00417194
2130.53
0.000443695
0.00000726531
838800
0.000000168651
0.00000702472
23391.5
0.0000634435
3.02936
72.4548
-0.0562237
-290340
83.6033
0.00848326
971.556
-0.00000308037
0.0764942
0.000000026710000
185233
145.599
-385160
484078
9.757
7718.64
18762.4
351976
0.00595244000
3114.53
23.6059
0.0000065611900
-0.000969219
0.00000807148
0.000000312012
-0.576244
-19553.0
-80.0806
-0.000000056774
-0.000000168815
0.000803238
-908.103
-51.4439
98831.6
48226.2
0.0225273
-0.000000714158
0.0137299
1.98315
-0.82701
-2.7857
-3189.50
10.6625
-6625.1
94135.1
-0.159487
44.2853
0.000000557820
0.00000628020
0.00000236580
36.9943
0.0000560626
47.0377000
0.558408
0.0000042737
0.000000941839
939258
0.00693229
-60626
0.0727878
410.597
6535.49
0.000000986342000
0.00242919
0.0000521628000
0.0000619147
0.000584105
5.94581
-22.9434
0.0000944995
0.000004109320
8.64167
-7.4734
-4990.42
0.0609153
68.7424
0.0394436
0.0616812
0.312430
-0.0907972
0.00312649
19.6397
-60.9565000
0.418916
0.0544855
0.0000664066
-2014.80
45101.9
0.0000064047
0.000092386
-2829.08
3910.36
7090.06
41338.4
5.05683
6155.01
33.1113
0.00076511
235872
616074.00
-0.000000038087000
0.000000632268
643717
0.00000024774
-9956.83
0.405603
550634
853.912
9.61104
-0.00773086
71543
48036.6
0.000000071968
0.265303
1142.28
95.3724
-643720
0.000000495959
0.000489578
-7.67160
-0.000807292
-0.0000662085
820.945
766892
-0.000104094
0.000075087
12600.7
-0.00000276380
67.6209
0.0000202325
0.000893343
0.00000564542
0.00760408
0.00000948781
0.00000888460
0.00000202832
118.788
34.5819
75368.3
-0.00000850230
59.0703
0.0454793
814730
0.000000981628
5.57128
32.3572
0.0385057
5631.35
550.208
-6.66267
0.0141572
86572.2
0.00783820
-0.0460759
0.006579240
5810.79000
-242.80
0.00709626
0.0007666660
2318.20
-32.3076
98.6225
0.00390633
0.0000819163
42915.5
0.000000370267
0.00834166
327.225
0.000000593960
0.000671874
0.0000468164
0.00000360421
-0.0690648
-0.000703902
-72.8275
-3.4773
-116.513
65812.6
921696
58675
0.205010
202694
8439.1
0.00000093988
3.8221
-980329
0.575120
25946.4
0.0536108
-85173.6
1.63679
0.000051016
0.739928
5125.51
0.000000936014
41.3489
0.000602225
-0.00000130360
8684.07
-0.000000542094
0.00968649
0.000311802
0.000000268594
7190.51
0.0524201
5874.690
34.5532
-0.0000533636
803134
358900
49.8067
-0.598544
5.81529
568676
539.060
-0.360937
477.644
6227.66
632695
-0.000000554376
69621.1
0.000000073288
-47.3395
0.000768594
0.000000226998
712.559
269.413
980.100
-62.7445
13745.3
-0.083370000
2679.2
-2.27751
473562
757.553
-0.000583806
-169.932
0.00183606
22.9706000
-6100.23
0.787719
0.000000833568
0.965931
567.431
-5140.00
0.000000862781
0.000870446
0.00507698
-0.0792888
-220.424
-46496.5
0.000000263440
975559
0.00037780
0.000000105483
0.00000704710
0.00553843
260.771
0.000815081
0.00000261741
42.6054
0.000000438829
0.0555735
87.3832
-0.0252290
0.0959032
-0.0452843
3.8020
810.127
0.00375473
0.000224487
-0.000015299500
0.000000901471
-0.035461
581.902
0.000000812247
0.000861101
0.000506409
0.0707066
-0.00965014
332.347
0.312823
-8.31069000
-30.3779
197832
9838.37
974691
0.304414
1423.38
0.221472
0.000133790
0.000651511
-0.0000003872000
19863.2
-505515
0.0568436
-229.109
0.103372
55.2368
77659.7
0.00000086437
974142
0.0924539
0.00790344
8257.33
0.0000419616000
0.00005741860
-0.0000500519
0.000000600991
4.29441
6325.59
90527.7000
0.000440597
0.659220
89225.0
0.000000273128
0.00070695
720121
3.06480
-75845.2000
835267.00
-0.411233
0.00000570511
1381.48000
-260.852
0.0000684718
4.90046
-0.000559239
0.00948041
-7.4473900
367532
357.472
0.822490
-950151.000
194874
-0.000000632181
6975.86
662610
10113.4
0.00276730
0.000000043547
598.602
0.0000783287
-7256.2
74640.5
-0.00953107
0.000000280703
993.842
0.295834
4768.91
0.00000418831
2885.22
-0.000000254001
5072.24
0.00000924849
0.00252906
883.23300
174.20
4.50251
-0.01534350
-8.13794
0.00736219
0.0000876584
0.000831070
0.000000761135
0.000000469596
-0.0000186657
0.00147557
45643.6
0.000000487307
0.07116780
427.9380
39444.7
82857.8
-0.00000617857
744.706
970661
4.80808
-169622
0.0298847000
337191
463.638
-948.223
73614.9
-6235.84
0.000313908
0.931467
-0.00000433684
0.00744638
0.00296578
-0.036077400
0.0637620
0.000000373050
0.0918383
0.000000790977
48480.1
-335.416
0.0518777
236.120
0.000000383703
-847.089
-0.00814142
46287.2
-63720.8
38.2878
6.48709
971.9
0.000455965
-0.86257
54.8122
0.00000629745
0.00208483
48820.40
2021.81
0.0000179221
-89.0893
0.0000245212
0.00185427
0.1436870
440.829
0.000150560
263714
0.876436
99941.4
4065.08
0.0756021
79.995
0.000000329884
0.080706
0.00000080656
-0.000000258519
-0.0626337
2.1918000
-0.0000591139
-79772.9
896.330
212463
0.0475576
-70023.0
7.81510
898980
84399.6
1.15279
0.000000848448
0.0134212
0.627471
5878.99
0.0000439473
9.75397
69098.3
94701.5
-0.00000250909
0.000199443
0.00000044443
727814
-0.00000344340
0.000620813
880.652
9364.00
0.00000446836
802626
0.0042634
29.1055
6.45795
0.000000130446
73951.6
941.0330
0.0000936344
68887.3
378.668
0.0000628683
4.11554
-44274.8
6.14482
-15.9432
0.000000405988
-0.000000913692
0.955190
0.000718222
892884
-0.0849345
0.00134500
0.0000341145000
4.92661
0.000427577
-16774.8
851.377
0.91628
0.143775
1.36113
-230.650
148281
8.66436
7.916630
820.711
-0.0000879753
960102
-54844.4
3.11415
45.9690000
432.606
0.404650
-0.000000629012
4567.1
98809.6
1.38944
88.3238
1529.27
739.564
2.03944
0.000325216
-16.5008
92.8798
7.83506
0.0000714467
0.000000044937
610.90
-83.2012
-0.0464703
770258
982.957
0.00000025412
0.00280294
16178.40
-497382
419491
-962.137
-63.2805
0.000735157
1865.270
249.968
0.0000742392
-70845.6
0.789344
0.00000470537
553.31
60.2621
0.396898
65.7336
0.0148781
-0.726786
757177
9309.02
930944
0.00000379196
0.000630541
-7717.43
-0.0722693
0.00000071536
-0.0000119161
-253581
92.2577
0.331661
-88406.6
0.000000198374
-0.574683
0.00484136
1.53125
0.7741720
-0.000216246
793400
-162724.00
394380
0.00000092161
-0.000000049320
-258684
0.00801104
0.00924592
5639.8
0.0000563133
67196.6
0.000006917
1.06495
0.0566484
0.0772156
-8.46428
9395.2900
150.149
3408.86
-0.606362
86953.5
36.7591
-749171
0.0677856
-0.000000998719
-0.00000049800
-0.0000795326
-0.0000873648000
-546899
-8332.00
278.505
4094.6800
8.1782300
-8212.83000
0.00586453
-560453
0.150896
0.0000949603
0.00274973
504746
0.0000662688
6486.66
-0.00044623
0.000290148
-2.45322
0.844014
95474.5
0.000196031
0.0904559
-0.00000129240
0.0000003072360
-0.292130
-2136.57
21858.9
331212
-0.0687989
0.00000572862
0.00000406418000
0.000000381859
0.0000629602
4.84419
16.1725
5.46708
944226
-573924
0.000684349
0.000000854447
-981878
0.213566
245390
0.485916
0.0000291219
-0.000765987
555.770
7.83859
7.23645
6010.96
-0.0188765
0.0066637600
-0.000009967070
9842.06
0.00822293
277854
-0.0323512
0.0000844892
-92.0098
-24.6217
0.0000553541
9276.18
-899.929
0.00000564652
0.017509
9250.29
0.00081411
-320239
0.00000078099600
0.0674375
0.000000271261
55.2134
735848
0.00000008381400
0.0000069364400
-0.000000947688
0.0390789
-0.000953592
0.0545168
0.505774
0.0000716838
0.000387912
0.000075694
51207
0.00916280
0.00827223
0.0334608
0.000752988
0.000000219733
0.00000579417
0.00625213
1.056190
0.000094283400
0.0338609
-0.0000927679
152898
0.00000714381
0.00634925
83828.0
345.232000
2508.26
981207
916315
0.000751553
0.00305927
-0.000000088771
-9.34336
0.305014
-98143.7
0.00000004706
4390.35
-0.000000391524
85738.7
0.000176103
0.000000750838
827.522
0.00376217
-0.0000937355
-710418
-0.00000850386000
449.611
0.000000073335
40165
-0.00286177
0.00000297088
0.232789
-0.0653771
0.000391289
0.0994088
14.0825
0.0039228
-0.000000814194
0.000000442455
0.154910
0.000982305000
8.17312
870088
0.430634
-7.41112
0.0000531683
-0.537839
21.0861
0.00000699510
-0.508724
7.82234
76752.7
0.000689164
-0.0645038
0.00080538400
4103.15
-0.000899875
0.0000115233
-76562.1
0.927859
5.42464
-0.000000752186
0.000000114592
0.0000909619
742.523
147528
0.0473996
0.000000011524
2213.89
-0.000045588600
0.00814720
99.816
96791.3
0.674285
35689.9
635.32
4.72578
0.00544059
948.781
-22.1288
0.000000334441
924.269
-0.0026357
-4.85051
0.000000704295
0.609153
0.0000245282
0.00639830
0.000318471
-229.60
96.5217
94.6482
711549
0.000000664012
-944090
-13.9136
-0.00211788
0.00249175
0.0000589777
32.784300
0.0926848
-9714.45
806.630
0.000955464
0.000951942
0.0405915
0.00000570452
0.0176795
0.0000639120
7.85288
-16443.8
747.624
0.000449045
-27.1506
22.5590
85.2358
0.0000584169
2.112940
-0.838998
0.00000993016
-0.000308912
649930
7106.7
0.0895098
0.00821177
34.977300
0.0704478
20192
502.780
0.176800
802.791
0.00760915
375401.00
2.34142
5882.51
0.133650
-0.800252
0.121857
53207.4
-0.387007
10.0845
37.2182
0.0708147
-0.000000517374
-28245.6
0.000041488
0.391528
0.000661639
4.46146
120484
22457.9
83.6782
0.00000537248
0.000000294650
32058
0.272137
0.000152682
-0.000853936
0.00000057335
3.42436000
0.0000454114
200886
-0.0635138
-0.0000948062
-1.7023
56408.5
7334.23
43.9319
0.0000358928
121050
3.80212
-15.45600
5.6311
0.0000598767000
1.10586
0.000000624681
0.855445
-566.419
0.00888268
945.772
5.15812
4658.98
-0.00733624000
28.4012
0.799480
-0.0000805289
0.00000843933
59.4563
-10.3424
0.00000338157
0.0321910000
0.268134
25.1982
0.00578573
54.5433
-651.130
-0.00000302252
894.461
0.00227242
-0.000548560
0.0000965764
-0.0783757
1715.91
0.758313
0.00000101945
0.000730780
-725726
4.02833
0.00000083308000
0.00524717
-0.00000507755
160794
55113.4
-22.0606
0.0189410
27857
0.0000525684
0.0000758251
0.00953955
0.0190879
0.00000466968
0.0000448921
4334.21
1.23506000
0.00607553
0.00000572790
9.5522
0.00107784
-18.2051
0.0835794
766944
60991.20
0.237948
0.000917784
3.11613
-0.00000757308
-0.754670
802286.00
2.04684
0.00103255
58.3011
259.90
-3439.76
-45164
0.00000519285
0.755083
76917
0.00390478
1273.56
-0.00000355375
0.000000881439
7266.0
0.00031333600
-50555.1
0.00575886000
-38146.9
0.0001240
-30.9586
-568957
8710.23
4.00194
0.000000909680
0.959420
-9926.87
0.000980062
436783
38116.9
591.362
0.157084
-0.0012140800
0.909202
-5344.49
7.24126
77.0001
5522.67
-0.0994187
0.443901
-2912.53
0.000000822817
76.5557
-87150.3
-1976.1
-929828
-0.0168628
0.0000924989
-339.573
0.0000083730
4402.9
0.000000087138
533.665
0.347245
412465
-74663.8
-690085
0.000130261
0.0063713
0.00735679
62.0937000
-0.000067626300
707.019000
29.0592
0.834687
-0.993365
0.00217099
-1905.26
0.0560013
0.000427450
-0.0035811600
0.0000576476
5835.29
24343.7
0.00290980
1575.29
9186.32
-0.00000089283
0.000000268395
-32.2787
97.0461
942210
722873
-970319
9017.85000
-68.9553
-91.0783
0.01744
0.00000125273
-0.000002144700
9315.32
594695
123.958
-103.168
0.000206201
-4.72522
-27686.3
0.0208396
-4.82839
421176.0
311341
-727929
773.417
0.00560845
-0.000000399130
0.0763664
78642.1
0.0000046261
-0.0248235
-0.00000995447
0.000000219331
-0.00000783559000
0.0000647950
-0.0290683
0.000000519393
0.00839790
-278910
3.05564
-0.00629894
0.302984
44170.000
47.5472
8727.59
0.000209095
-0.908027
0.0000544255
0.00000594059
0.00003273390
-0.000000908824
0.000728329
0.00255054
1.14834
-908.137000
-0.0966184
0.000121956
0.424562
0.000761083
0.000225211
0.0693078
1.82200
-0.000000652307
0.0488170
0.00556306
-1.64740
0.0099375
0.01285000
588058
54104.70
605140
0.0000697567
4201.00
0.0740588
0.000622845
649188
-796.911000
-0.00000401054
0.481185
0.000050585
-0.20291500
824.33
0.00485384
-0.562646
0.0006447390
-0.0365605
0.0413480
0.0000722740
-0.00000235637
8.88773
0.000000921860
7.35999
0.0000974935
0.00000604309
-4804.31
0.000000764673
-37.1365
2602.27
81.6803
-0.527411
0.0000251437
0.614748
12527.9
0.0820203
249547
-0.000981871
-296187
0.00000793492
0.0000220190
-9358.80
0.000000907791
0.0464963
-5398.12
-8.12901
260.181
0.0000917789
33.9052
-0.00000497839
148318.000
-923.174
-9277.54
0.773025
0.0000144305
0.9451130
-0.000992397
0.0000180344
-91.0038
0.00000189133
0.0188618
-49.622
0.000280628
0.0535233
5349.72
71.006400
7.0458300
2148.7
4.30867
0.000000444556
-0.135842
-0.000000639863
0.521924
23.1440
78670.80
9.7217600
-0.085268
-188.121
-0.000624162
-0.0425677
0.0941636
0.0198582
0.394849
77197.2
17.3093
0.000000430864
0.0534777
89757.3
2.13346
0.1436500
0.0147759
0.997015
856.649
9.25696
0.69272400
0.036192
8.71331
30037.0
0.000000490822
0.000473119
7.53971
681.018
-0.000174490
-23.99750
0.0000103589
597.572
0.0307005
0.818213000
45743.8
1.44312
0.000993610
-0.0783831
6.516
0.000000204411
0.00373341
-0.0069227
-0.567007
-62874.1
2.53629
81750
928.71
886122
20912.0
36113.2000
0.00000001104
-0.000009996420
-0.0373798
0.0000875715
0.0000002175250
5.7287
6572.94
0.0000530758
7973.23
0.00008305
0.00922256
0.000780593000
-0.030456
-386.073
0.00000579538
-0.00482681
0.237520
0.0000445855
83928.1
356739
-53.2114
98213
67023
-0.0000173960
14363
636988
-0.00000189651
0.00000504187
0.0000844021
7221.88
0.00516284
576.865
0.000342924
0.000244139
-7500.18
-0.0000440353
0.149907
329061
-0.00396811
0.0000634642
707.356
318270.000
0.00000361661
0.000566355
853768
0.000734287
-0.720724
-0.00000621459
-0.000137408
0.0935071
0.000000737402
0.000000584461
8515.73
435200
0.00007321440
0.00000911590
317246
0.000000358458
106098
0.0000904620
-10.5493
389.95
0.245737
0.0000540949
0.000000436383
0.0032669
0.0679546
-0.00314242
28.4103
0.000281528
0.00631982
0.000000758825
0.000000583570
-26.4979000
96695.1
38.3573
-0.00214347
0.00000835683
323155
-0.00848169
0.00981368000
5548.18
-48833.9
0.0496222
0.278286
619985
8969.84
0.0032094
0.0813661
0.00040078300
0.0000207322
0.0000837068
-0.0000667628
0.000000009937
-0.000000190499
0.000000544513
0.0000210702
-6.98562
0.0000633012
52678.800
-618851
0.00000897858
461649
0.00000777062
-201330
-0.0370459
-9.77054
34013.800
3.3363
0.00000545126
-0.693387
0.00834380
0.0000008908
0.0026062
5.22655
555.821
0.00000915309
389119
0.000000838135
425.958
-9410.8000
2054.28
0.288579
57.8666
-0.0000067158
898.167
-936012.00
69643
5666.0
0.00000860914
9563.6
24848.7
5.84725000
0.000000836150
9001.52
-604606
-965727
786.191
0.000072592800
55.5788
50306.7
54.1984
-46999.8
376857
516620
0.092204800
-21.0827
-0.00000087142
0.0789128
0.207438
0.0000587291
0.0339889
634261
0.000000374488
-0.000000838565
761.335
34.3036
45.236600
0.000000629236
0.179550
-0.000534196
0.0284735
0.00000854872
840.950
859554
0.00000317768
30339.6
-40164.4
-8.63158
0.00063551700
0.00697416
0.000493933
0.0006878
0.000000954051
9080.38
0.085781400
175788
63877.1
-0.00184995
992269
0.00933570
5.64656
-0.00000620582000
854.135
0.08990
691267
0.704411
-4.31663
-0.00797676
0.08471110
721.721
-0.00070731700
-47947.3
0.000397730
0.0318204
0.00036801
0.0000442437
0.000000921489
0.000000432839
5.4129
0.00446451
87988.3
0.0922024000
-0.00000534328
0.00000086177
5.60035
627.296
0.00000650686
142.57100
7.6714
8.59399
-0.950336
0.000000610265
-0.00165985
0.000781036
222015
267.375
425338
7926.55
35817.2
185346
9681.85
88.134900
21505.4
0.00513934
0.000057069
207.51
-0.000001049420
95.4686
9964.53
-0.0009477600
3163.67
0.000000369423
1999.95
827.659
0.0897070000
0.0808461
-0.00941718
0.0000551031
3.14762
0.00000074923500
-0.00756109
765077
0.00552850
0.00008344010
3487.24
0.000539900
0.09811950
-0.00499222
41193
0.00000266142
-34.2110
-132161
-0.144672
98692.4
0.00860467
0.000151392
-0.0000475423
0.00349629
0.44327
-474921
0.0000724611
95.1718000
0.00219940
-0.00925985
795539
95251
8367.32
37.87200
0.0599255
9.45962
-0.02788840
0.75870
967050
2.77152
24.8477
464445
-0.00959233
7.26799
-246.1660
0.0000852290
27.1754
9775.61
4228.73
4439.8
0.0000768263
0.976673
945.054
-0.000494030
0.82172
8417.36
-0.640475
0.000000748747
0.0848637
-628619
94.7374
41058
67263.7
0.00000080251
-0.00995207
0.0283662
0.000969685
11.3833
-760.015
4.72990
0.000000448439
72226.8
-6037.5
-87.0553
-0.00000220642
27040.3
561549
0.0000231778
6.89320
6.33658000
0.0000575140
408465
50663.6
243.470
0.00063667
-135042
0.00000877182
0.246401
-41.5486
973.061
0.00336472
0.0586311
-267.534
0.000726462
-0.1061300
-0.0279338
0.0398288
0.000000940401
1900.73
98.8421
-798625
-59.5013
0.0839079
0.00000759540
0.0376341
6849.6
-0.0131417
7.21997
47542.1
69595.4
498349
0.00000828124
238.2960
43.5829
11212.7
0.00000272808
57.8394
0.506700
0.00069749700
664.01
4.55216000
6.05495
464.028
-5074.52
0.000000887527
-817.552
0.0224757
0.00539612
-0.0705581
0.0000682832
0.000000490750
905701
526710
-0.00000272772
62.6626
0.0478535
177619
-0.0941746
0.00182617
26.163700
0.00980647
0.00877681
5.42352
92.085
-1741.64
-99.7574
-0.0772562
0.0795020
7.78540
164.964
0.000639104
-0.00000011143000
-7.05095
12981.7
0.000000798515000
-0.0000714795
0.000260077
0.000000060212
0.000000136251
0.000299226
22.2579
0.00000764814
0.000871010
0.00949134
398.087
77086.7
321.977
921664
471833
-9.02866
966009
-318.44
0.00000110044
0.184000
142.07900
81.0165
0.000000941515
1.13087
0.00436877
-0.241510
932.423
-438961
-0.0000667173
255299
0.00657479
5.6449500
3.05547
0.0000014544000
-77054.8
8919.16
-0.00000450830
0.0682770
0.0000843652
82.5355
7054.75
0.0000858538
-46.041
0.0000081397000
0.00361825
0.0685002
0.00000048768
0.000518971
0.000924006
434100.000
0.0683068
-969.676
-0.903124
-0.00000471851
0.000589469
0.00846201
0.0237297
0.000005469730
0.00000386573
844.665
21.9654
99.1133
442256
-859026
-9232.01
0.000135067000
-65732.0
-0.000048191
-0.0841585
0.0916098
-0.00691955
64.7990
0.12506000
675788
0.428221
-33.3463
-687060
0.00975445
0.191595
0.0571880
0.0000601698
0.0000337652
299860.0
67.2302
58.5781
-929.730
1748.01
32390.5
3077.70
2857.91
0.00000016597
-518733
1.75092
-4720.49
-31434.0
0.185648
0.0000532968
-0.00370375
0.00000121747
0.00521885
781.570000
150.856
-0.000797494
0.0709797
0.000000559810
0.000981187
0.00000920182
0.0264748
0.0000002409480
0.00000191147
0.00000029755
0.0626893000
-0.00225368
-815355
0.0372638
0.000000748293
0.63814
0.000000844619
42598.5
0.0596749
0.000000788601
0.0000119235
328652
2797.35
6553.1
0.895723
7.5659
0.0000184162
0.000003979490
0.287899
0.0341754
-0.104851
79294.9
0.00000113005
0.0336148
0.00360985
0.00000765436
-0.000000911445
398.669
170.703
6.7985
0.00000773319
0.0000366571
0.0000511359
15825.6
51807.80
409.111
-0.0595619
0.0546188
25630.1
-17414.7
9.98332
-7.6131
0.0000584408
0.000011825300
1.04250
6084.09
0.0000929405
2.72046
0.0073192
0.00000262852
0.00000643256
-0.364714
0.000677840
-5906.30
223.673
75.9022
0.00612096
0.022048
0.828641
-53138.1
0.0000839071
6754.48
0.00565967
-72843.2
-4.8659
-31428.5
199.3610
-0.0525282
1.81143
0.00000046698
-0.0437001
0.000000144432
0.00000605572
-0.0314402
3.15338
0.0000930769
-0.00000759103
-408.741
383976
0.00000850662
43.5836
0.0000446681
-0.00980723
91.2124
9803.4
0.00002157
94.8651
0.0035751
-0.00000401015
66746.9
84939.5
0.000767515
0.00466436
2015.8
0.000792199
395798
83698.5
-0.073228400
0.000000927299
0.105694
-7525.70
-324168
-665099
-0.00000933746
0.000258068
514270
0.419574
0.0000730089
-80.6670
-0.000000674137
-582073
35348.5000
0.000000702215
96873.2
90.3934000
0.00000500743
-1683.92
0.729132
0.819936
0.0000303987
0.00577633
-352.455
72.1668
0.0000115537
66264.1
24.3211
-0.00000002053
0.00000583263
234937
0.0000596794
77.1163
0.000000108515
-470.293
983119
237740
40779.7
0.0643374
236.155
-834240
-0.00000324135
9.971430
480.491
-96.2060
484486
594.676
0.982479
8.06163
-0.00467130
231300
0.787670
23203.4
90.2247
3.419260
-0.0916803
0.00000706300
0.000996361
98987.4
936155
0.000000989372
211.15
-0.696723
0.000015911
618.463
1.59832
923440
78371.2
-32883.5
33043.5
-7275.68000
0.00000035165300
-8922.52
0.0000224156
0.000039063800
649490
-2759.7
0.740469
0.00635799
7.47131
0.00000227647
-935.631
-2732.57
0.000000678612
81820.200
32079.0
298.332
19.6240
0.002605390
3365
0.000000200286
0.0000010478
5543.46
0.00000192353
-0.000414027
0.00000911617
0.00000495971
-74.0509
0.000630282
358.251
94.5742
-0.0000436414
468.18600
0.000000233678
0.0972540
0.965871
305.556
0.00000820741000
0.006031000
7.06305
533216
-0.00951614
3331.49
68.1517
-0.0000165588
7424.1500
-491218
-75528.7
-0.00986471
0.489420
0.000000765999
-0.921469
53.5952
-0.00000057937
0.000016447
-818482
0.000454275
214576
0.00949718
-41.90640
0.0949486
0.000909613
496268
-0.000378426
0.0000449726
0.00000030441200
-26.6685
-18887.6
0.000000365974000
-7.81355
642.950
-0.000883830
0.00048454
0.142993
0.000000529016
1470.73
-0.402037
0.000812800
773476
0.0000009358210
0.000708499
-0.00000368973
0.00233927
0.0000328804
331546
-60877.60
-0.946264
0.00000900228
-25111.9
0.0005426740
0.0000934130
-0.00093190
72.7767
-277422
-0.00505758
0.0000421467
-662917.00
-125052
0.00292248
0.0331258
-0.419544
0.000000668176
0.000341708
81.3503
-0.000986660
0.414211
2.38118
-0.00322953000
-0.831876
-0.00000102787
0.0341922
7550.60
8295.40
0.00000326395
0.00000987991
65.5239
0.00000307806
610476
0.0000197782
1.72540
242.60900
13.0821
0.00000693112
0.000000177439
6.99351
13105.2
0.00000606532
70.4065000
223331
0.0479468000
-0.00471141
-0.00641795
0.0000941537
-95492.0
0.00555739
4794.25
0.0114068
0.500134
3360.75
0.000551803
89.3464
1.5171
0.0000265312
50827.1
0.000000761945
0.572589
0.00290979000
8.93002000
82487.9
21977.1
0.8763240
0.000000218623
0.0000706068
4539.9800
0.000003795090
0.000955025
-0.000000763598
38.8279
0.000536165
-0.000389177
0.000210694
5456.80
-0.0320314
6509.74
5.96387
0.0139548
-104820
225569
0.850811
7887.04
46.5965
-0.000124362
-0.000000368517
-0.0000445989
0.00401803
0.0000934415
9504.07
69.5999
0.395897
0.00591310
48170.6
0.00000145621000
0.710691
-640282
49.6640
0.000000301808
0.348033
-0.0000429714
159.0020
-0.0145524
62285.5
0.0000351136
0.0000196341
0.0000913023
13831.8
59080.7
0.156868
60747.2
0.000000982135
0.0000268723
0.0736756
292.132
22806
-0.00000357323
1.12372
839.19900
0.00034348
-264539.000
0.000000908646
0.0000591613
0.170819
58.7333
0.00000461328
0.00000980022
-1.87360
81.830
0.000535307
83976.1
-734.044
-377724
27.700
-98.089300
0.0320996
-0.000367780
-0.216629
-0.000000905128
0.00000582424
743.818
-149.876
0.000341204
-0.000200470
1.80226
0.00158419
-962685
0.3157580
-0.000267399
63303.4
-0.486641
0.00000050882
184952
0.0058772200
751318
0.0389292
422429
8564.49000
631.199
0.0000592710
0.000113116
652.00000
63.882
5.87727
5.45498
-41685.6
0.00005139860
0.000000964218
1899.86
-382.213
0.0000909076
1.74320
-0.00212125
-32223.9
0.00000688033
-3336.96
-9071.99
0.00458431
562066
0.00988973
0.00000339876
52.9307
62833.5
0.0154043
781589
342.093
0.000502730
-0.00140195
-0.000751193
0.0000619902
38139.6
-0.00077402
-9.26236
0.0351955
-4860.1
0.0071198700
8.62207
45.1315
0.000000387950
-0.00991229
0.813113
0.00000499429
0.000000683146
0.0000957095
0.000000383871000
-25.1388
0.000000030558
50.2767
0.00740278
154757.00
73.1003
0.000256350
-0.00000888052
3626.71
67.3681
7.39482
0.0000663709
0.00034426
2.43577
9.25083
0.000001782270
0.094329
0.20744
0.000953318
-5.69832
96.465
-3515.29
95060.000
-294186
45.9535
0.0000561258
986.534000
-0.0000026255
188031
5.03579
-9881.87
0.000000226442
0.000000452226
68238.1
0.000000771043
0.000875412
0.812831
64297.0
0.0000516626000
42.5183
-0.000272838
83.578800
-0.0534520
0.0073020
0.0000138189
840.027
-2085.86
0.668611
528.660
96.5375
0.0579442
87.1707000
0.497225
790421
0.00100710
654333
0.000000961706
76.3923
0.00099703
0.0946508
4.62738
12.2952
0.0000708889
78.3680
968648.00
-0.000302221
0.627220
-0.0928241
-130852
0.00912025
-0.00196477
40530.9
0.0000306234
-0.000000082072
8014.29
-589147
515803
287.49
-7.94718
0.000148558
0.00000996426
8.91491
2.73217
473870.00
4922.070
0.377445
2.44347
88368.0
8311.75
0.00666740
-0.000644124
-0.00023960200
2.94604000
0.0981523
52.1150
-0.000909121
0.0743774
-0.00000857772
0.00950484
47544.5
8450.91
-96660.1
0.0000816291
0.00683885
81072
0.000000114168
0.000112868
0.000960950
0.871858
0.00881296
-831.835
0.0006055
0.985445
0.000000753721
29.356
0.000000981697
-41050.900
0.0000671109
-94662.6
0.00554823
0.0000620562
185.471
0.357948
40528.8
0.00000302287
0.0000452353
-0.000000005351
-0.0662582
0.000000720123
0.00554331
0.0991809
0.0431112
-0.00695940
4.4637600
-0.0000435898
-0.000183875
13557.5
39.5318
0.0000870966
2624.95
-0.670342
0.8895560
-0.00297080
4.66874
-0.0393585
0.763141
0.000000464736
2.95215
0.00897883
409532
-77.980
-0.294385
0.0796648
0.00811347
-0.000435843
-77.53630
1340.66
6632.76
-0.0417916
0.00000033646
167.887
967127
0.00000122658
-723939
25370.0
-0.0000002603400
0.00000594512
-0.000000531911
0.0049206800
0.0208370
-6857.14
0.0278170
0.000241710000
-6.5503
0.00000172207
604.666
293340
-87195.9
0.000000867017
-0.00187446
-31.3074
0.101816000
-0.0000387804
0.074192
0.61512
0.982212
0.0002101290
0.000000329722
0.000617831
50.1237
0.00899529
0.00000366648
722.678
425.610
9.28692
0.00956515
2001.18
-53.4917
9030.26
705.410
-0.0724281
0.00000193939
-0.000626496
0.000064904
52.9907
-0.00548688
0.0531003
0.00000164591
-2.37371
-196069
6131.07
647.841
0.000000222487
0.000000843991
0.0142685
0.00518392
66.907
585.28
2396.56
0.000000938675
0.0000092376
159.826
0.000692637
-480.737
67061.1
80.8543
-0.9181920
-420.800
472477
6855.60
84.7411
0.069096
4.02308
-745175
929239
0.000683270
0.000667639
1101.91
0.000028126800
-0.477689
-0.0132292000
461252
434454
-1.6834
-1.208390
7577.66
972516
1.48973
-2860.7
-9.93097
7414.03
38578.8
0.0372410
0.000000741710
61.0407
0.0825471
45.4585
-42.9848
-439389
95481.6
78.147
-7.5241100
95260.00
0.0000412171
655280
19.6521
0.0000158885
0.002730410
-0.000314599
5347.00
117884
0.000000096985
0.00000641715
4778.6
-0.0000713485
38.1398
-300963
-6.79592
0.00454274
46.919
0.00473269
0.00573687
692980.0
0.00000197589
61502.2
0.00000382952
-0.000000282491
0.000014002600
3.41024
2.76114
47954.0
36437.5
13008.0
0.0548616
-85355.5
0.00000465751
279.853
2.561420
-0.00000694543
-0.000000783278
-0.0000317534
6.63496
63.8299
-0.000913666
3370.73
5575.37
1969.71
9949.6
-263.565
6.14016
0.99354200
-8991.54
0.0585562
3.22429
537.383
0.0000040747
407.505
-0.00000025116
48828.5
0.000000403845
0.0493030
0.00334949
0.453305
0.000868567
0.00056510
-0.0099419
0.0000123435
2.1558
0.000000543584
-855.5390
0.000407754
-0.497349
5.92785
-5826.80
20.5679
0.0000362571
0.0000099021
0.000000575509
-0.594040
2.37202
9.94750
0.0000711572
-0.00098206
0.0019257
86.6287
147342
65825
0.00000756575
693.243
-94062.1
394.291
0.0000434350
71946.6
-0.0000101392
-54704.4
353.880
1727.45
0.000000032508
0.000000342261
2504.60
-0.723175
3386.12
795418.000
0.0000000569130
313918
645.190
0.000000472752
-4.02776
5.15115
0.00000595930
29.7715
559520
0.000000807159
-0.0778686
7873.40
21.9514
0.375429
0.001986
-84.7880
29419.9
0.0094867800
0.00000916557
0.0224112
0.0013832200
-0.000000275019
67085
10520.70
-0.0000573553
0.619582
2.3745800
91.9973
0.00000399810
0.0451182
0.0000147183
88790.5
1647.72
-54.7090
9982.00
-0.00318121
0.000648335
-891.252
0.000816625
0.0869798
457.130
82319.6
-0.0420539
325.637
0.000000904107
22.9508
0.0346827
-2946.42
0.000073700900
0.0000479628
-0.0809458
760.140
-588055
0.177789
0.0000041551
-43599
1.63561
0.000564210
-425766.00
402940
-0.000025304
0.000221606
-0.000919098
3874.9
0.000000993983
466.158
0.000213715
-0.000641347
0.0435965
528.292
732.97
0.0000581353
0.00524927
0.000478673
443182.0
0.53594
-0.00000584106
0.000000871816
752680
1947.46
0.00086043
87.7025
0.0000301868
-0.0000092834
0.000000309766
0.0000374249
-6418.33
-53.713
0.936982
88173.700
0.205249
7.5829
31.8206000
0.0000670546
0.000000411678
7.24157
0.00601058
-0.400790
-3935.1
-87.7361
0.00000236155
-930907
0.053821
3965.87
0.000000524024
0.00618028
-0.00000578786
-23.3626
99.8895
-0.000357985
0.000000940434
66104.1
-0.0000373396
0.000091889
-6.90448
0.50036300
0.000330344000
52.9107
3334.4
-0.1731200
-0.000000394477
0.00000363545000
-0.0196623
0.252064
-36.840900
0.000339598
0.064985
0.000455863
-0.401255
0.000107028
786.5
96358.2
0.0000939251
0.0000009391
0.0000925495
0.0616497
0.00786348
0.00000324260
0.00000656473
458824
0.00442397
-2.04677
19383.2
32.7368
-0.00549790
0.000208481
-33.7152
0.638025000
0.00000321491
0.000000340282
-125.892
0.0210664
86.697
0.00265041
-784951
0.00000062447200
0.782897
0.000420005
0.0000581928
0.312501
4.89700
98.5280
804.682
0.000000056142
1.10043
2484.83
-243136
67.3710
303716
-76.4902
-34.9104
0.00000436228
734725
0.000799132
-0.000000815813
0.0027088
-0.766783
-0.0337009
793668
223051.0
-1197.59
0.00000167150
0.0000668312
0.00000061413900
0.000760254
0.00034631200
-56536.6
-5043.15
-66583.9
0.000000749181
-30.7479
426419
0.000000703189
99.9358
0.0239920
0.00000524949
92379.5
24518.6000
-0.000000100673
0.000000530889
42014.9
0.00038501
792.006
-0.00000968824
-34385.6
0.00000746144
0.110356
-95533.6
-730045
99086.3
-0.817663
-0.000000494683
-210.272
-414233
98572.3
0.00000015961
3.17621
0.523175
0.0000760458
0.76161
-869.550
-72967.4000
-1350.90
0.858582
0.000782770
0.000000887759
56908.1
36.860
1.06677
0.0639588
0.00836770
43.5201
48.6715
0.0072993
0.468905
-586.558
0.00000494549
670.71
0.0220387
66450.0
-0.00000284299
5069.31
-442579.000
35551.7
0.000000036292
-5041.53
0.106473
0.0000590579
-1180.06
0.244926
0.000000574793
-0.136864
41.269000
50365.1
0.0000140011
0.00291945
-2329.67
0.000000208880
129051
-0.000211694
0.0000747491
0.000000093019
0.00000052112
-0.467306000
0.00000338323
-11912.1
0.210431
5037.21
-324427
265842
0.00916946
0.0639121
0.0000796364
0.00000712893
69384.9
0.0122905
-727.093
0.00000286902
1875.52
0.00000130430
957.995
-0.00000858771
5836.11
0.00000150383
0.0000218940
-0.000000573491
776.152
2629.83
0.739075
-0.000000791482000
0.07637200
0.0000374285
-45772
0.000838776
0.0936802
-654.183
0.0000308953000
49792.9
-825276
0.00048629100
2.01969
0.980146
668047
0.734967
-227212
0.0458555
0.00364482
84.7513
0.0000832517
-0.00280865
0.000101614
77.569
0.0894607
5.48051
27.3787
0.000183877
847.504
5959.03
10441.0
133.864
0.00172818
7338.0
0.000202309
-695.312
0.919361
0.000776395
0.000408040
-713138
910.92
306437
0.726336
0.00000857775
97860.4
62.5127
0.00000698207
0.0000236519
2465.22
0.00000750092
238371
-0.742371
64.2492
0.799534
972038
0.0223454
910117.0
0.00000803908
0.0000248835
2.20428
0.837935
0.00000637167
793.981
964740
401472
4.10705
46536.7
-0.671461
0.00000716801
3.94216000
0.0886128
579247.0
-0.0000636967
0.0000742799
0.0000000791970
-19379.3
0.284795
-0.00638062
8536.46
0.00936679
44782.0
-0.000984018
-0.000000039824
-178368
0.0871714
197.020
0.3676740
0.000992390
0.000605808
0.000258395
-9765.78
0.550739
0.00562078
0.0000945420
0.913764
70183.0
-0.000874983
0.000695626
0.000000450731
0.0000785815
8.67705
0.0949431
-646.2
0.00000752656
0.000000335196
-0.000000015360
0.00229320
6.16290
0.00688367
214.329
-1.26967
8.31621
-404.652
0.00976303
0.000000545027
-0.0000922227
-0.000000806275
0.000244415
-4907.90
0.0585350
-0.000749625
29006.1
0.0615246
0.00757864
0.227680
0.05314110
0.000337588
3660.59
0.00000987617000
203287
-695.325
0.00057015
0.0000732302
0.000650484
0.000000054628
7.64815
0.00203196
367.76
84130.5
-18.7247
-63432.1
0.0006708360
9.23422
0.00001878320
0.0000326956
0.00000254440
0.000761145
-0.000414956
0.000000350234
-0.000000709681
0.000000703239
0.000000051290
9161.64
0.0792035
0.00720726
5.83293
0.00104616
-5.784740
0.00005681700
32985.9
-453.53
95017.9
-0.0869247
-0.152660
0.0552677
-0.0000499495000
0.00000738342
-0.693800
0.00000059198
0.000607086
0.0070845
6.97143
3120.23
0.00003011120
0.00000689787
884.83
0.00006348
-0.000395717
-526.501
82.0393
0.00000293306000
-53.846
9793.69
-99538.9
0.0488141
0.000000917251
-867810
910494
319150
0.221421
0.000899794
326784
0.000373715
0.00097423
0.171506
-5.27954
62.800
57535
-0.00000548704
0.0000082469
0.0000147709
64.7213
0.000094856
0.099200
-5.38945
146565
39020
0.000000051131
0.000000753831
0.0221361
83489.8
-0.00410552
0.000000484582
22.7717000
-89438.4
71.4139
0.717194
-69601.7
3.10111
-0.0121527
0.495377
0.0000498684
0.0000049625
-8.81331
8711.22000
0.0000888915
0.00000772945
862.181
-0.011597
333.820
-0.00000499124
0.000000276116
0.028844100
713.614
3.783840
0.0000013936
92835.2
-0.00925434
432592
-3238.2
0.0086736
-954.757
467303
907080
0.0000709367
95.5661
4989.39
0.528000
0.0000387311
0.974026
0.000401032
57.9058
4688.24
779.972000
0.468787000
19.892
6.92948
0.000472731
5198
23688.6
965.273
99.8396
0.0000036859
0.0000115365
8.93782
0.00000611926
0.00863295
-69.6708
-5.30604
43004.1
0.0000129907
0.0000727399
-614.200
0.435486
3.724970
0.000000419158000
-1047.1800
846534
2335.50
6.83857
-772999.00
937.941
0.000000063163
0.0000808727
-762460
0.00000975965
70.4201
0.0000018566
-0.0000522039
-0.00591918
0.0000922763
-0.00000326875
6228.59
0.584550
0.000000741121000
0.00667556
757120
43.318
0.003766000
868.243
0.00000723339
7515.11
139192
0.000467540
5031.20
-459160
0.0840232
-0.0088826
2.16115
0.00000213177
0.000457202
0.00676281
628815
0.0796465
-202426
-923.560
0.00000406911
0.372605
0.00000689388
5.95729
68060
-65.0301
0.872878
0.2673220
0.00000678360
-90189.6
7.43423
0.000000716727
70.1638
0.790289
0.0705889000
67372.9
0.00000938551
0.00033062
4930.07
-7098.61
0.00000283697000
-1.75494
0.0181459
0.0000707589
67.493800
0.07797540
0.0622368
7.39702
0.32042
-0.0000665496
0.00909573
4256.82
61.5063
-3.0042
0.0000543605
-195804.000
-0.00000059842800
-0.00390312
97314.5
0.00000396636
-54888.9
0.000000433177
2.113
0.0695010
0.0000729327
0.00708473
0.000000388549
-4837.72
2.32109
4589.78
0.00000317777
0.0000755146
0.0367660
0.005583670
-815.456
0.000341998
86363.1
0.00075266900
2345.70
3466.67
0.000842186000
-7.48457
306865
27630
7421.13
-0.0728416
4610.92
662.695
-941.934
57.1734
-27.2877
135.064
0.00193075
0.000034132
7523.87
-0.000086831
74462.2
-0.0000218432
966459
721.494
43.74860
-42898.9000
0.00098397700
77.8599
-0.0051359600
377506.0
0.000560736
984.315
0.000087499
7950.44
9.25605
3153.64
-1835.78
-0.000580290
0.000000298935
0.0485183
0.000000913978
0.000000317379
-0.00965341
-0.939458
-0.00471591
-535736
7.97535
0.000343522
0.0000386669
0.0000009850740
0.131955
640866
1306.62
0.00263509
-85.0453
47.7784
-0.0204014
0.000000148905
56.5510
7296.59
0.0869484000
0.0000066198
-2360.51
-0.000152206
0.000000463786
0.00000094405
58.2517
0.000000981200
0.00088852
-113473
0.00000936243
96807.9
0.00000575536000
527.135
-0.0000013592900
0.144691
870847
65.8532
0.000000796189
-45.9615
0.00000728185
1.53202
0.000766490
57.5561
-0.00255265
-2090.6200
-0.000000317726
-35572.5
0.127274
0.0000067692300
-0.0246767
79975.6
18.5956
6887.08
0.255046
0.00000099113
-84.0496
0.000502361
0.000000711207
73253.1
0.00529201
0.00000666797
0.000093087
-0.00377659
0.0000100702
0.670263
-8530.63
0.00000930098
-0.00829829
0.0252394
-0.49050
-488182.0
-442.579
81877.8
67941.1
-897030
6.36041
-0.00000484421
-0.000285116
0.00000192823
0.578923
0.00993005
4.92416
-945.352
-247.243
-0.0000909104
69615
-641.148
44.2367
4.11996
-50.6127
-303.586
735.70
0.00269868
-62.3105
812.8500
-90604.4
32.9319
-0.00000158435
-0.00018339
-0.0000046638600
0.00000844522
-53043.2
537382
5.35276
8231.75
75754.3
0.178313
8041.68
0.0461601
0.959880
25.3727
-23059.90
8366.68
-37609.6
84638.5
0.000000115931
1125.56
8855.63
-0.723804
5.82783
881913
-5168.48
0.0901429
75576.900
0.00392685
0.54740
980.899
-5.9469
0.0903512
7278.24
0.000000695217
0.000880864
-0.00504953
9863.59
2390.60
0.00000171422
-824258
38.2199
0.00740853
0.0000268819
0.000000748338
-6228.16
0.00000232228
539386
4146.6
18548.6
0.0353878
0.00000043199500
45.1194
0.0118830
0.795874
1.89548
0.879444
2579.84
0.85307
7861.36
626864
0.00482436
0.00465671
-691886
0.000699620
0.0000411632
6.56973
52.8559
-98.096
0.0179674
0.065955
-73908.1
3044.99
-0.794293
6.5354
-3.97030
0.00285212
-1.50908
0.00134783
8634.66000
593081
0.0249152
-0.0118906
0.0742090
0.0000730494
0.0000480771
0.626966
641687
0.00094072
9.33295
5603.0
-40236.0
87.2311
-51.2273
-0.00000132470
0.000078983000
0.000369333
-0.00000677770
-26569.3
333484
-0.000700229
0.0988792
49881.0
806681
-0.223817
64364
84.9578
0.0341628
623.48500
-0.000000467712
625811
5.64837
0.0394265
-3000.70
-0.00000676430
-4993.67
0.0061491
-7110.49
0.0000642566
-0.00000733691
1276.14
2074.72
-55.0935
-56737.6
0.0000780983
-0.000010994900
-0.442025
86.3675
137.608
0.000461257
244804
-0.000000354616
0.0000587447
-179.954
-277440
539.803
-65.4290
926.242
822.244
56.8825
-0.000204031
776577
-3.32035
82.7249
0.000415051
-0.0044126
8855.70
79026.0
-0.0898459
0.0000594109
-0.000468158
0.0090476
-0.00376947
-842.567
0.000000852173
0.000271074
74932.5
3819.5
309892
0.00000212278
0.00696243
6.50132
6.8436
939190
6.97441
0.0000131144
6.93674
0.0000778253
0.000594437
230.311
3470.04
0.0000577357
0.7629
0.1838620
642623.0
7135.57
0.858007
-288.361
0.00000981575
0.224268
0.270350
-8303.100
41750.8
-0.00004563
-802926
0.910070
0.0879014
309.975
0.0000112985
0.000000702821
4.84774
28.3334
-6586.13
8.01684000
0.00405839
8.0604
0.0000561969
0.000857785
-80.134000
0.000000708235
-0.00296533
-0.00695734
0.000413385
-0.0564886
0.00894982
0.000000335487
-22347.6
0.986940
-11.6688
-0.640092
-953.337
0.0000451908
0.082433
12.0284
-6.55810
0.0000418097
-0.0000200477
0.00000860745
-0.0000775529000
3.71990
-0.00002336850
64946.2
0.000179908
798.951
7.92577
98040.000
0.00000537881
0.000000625000
-1.49810
0.000053156200
0.0117009
21512.3
0.0965564
344752
-0.0000138133
31344
-0.00246916
0.000000034138
94674.9
47634.4
82.3033
-39.3976
-68422.100
0.0000501371
0.0000985119
893641
-0.000881460
-8953.29
24.1662
0.000305181
-7146.86
-0.00000709533
0.0516504
0.261688
0.000240036
-0.000000824867
0.000615719
0.00000200525
0.0000413159
9566.21
92123.2
0.0000501032
1109.37
-852720
0.00000255496
0.00000887577
0.0000690445
0.091708600
0.00000386658
78.9486000
0.000150326
0.0000308454
0.0000444911
0.67325
-79374.700
-0.00217097
6546.20
184.212
6.49951
0.00000043459
7369.29
9.29698
-70425.9
60656
11874.8
-44.2096
-634916.000
38.0567
840.031
-0.00238029
-0.000000778906
0.00000463727
0.000000345188
0.00030172
269027
0.0000124663
-94761.0
341.411
-16.1642
0.181578
-44231.8
-0.0000918971
89786.6
0.744251
82963.8
-924853
-45691.9
0.6313090
0.00008801210
-0.0063276100
0.341178
0.0912380
-0.000892619
0.0386654
0.337511
2204.10
-53507.90
0.000269757
-0.688917
-1738.58
836006.000
746.686
0.0516478
394.252
0.000000674192
966.04
0.00941654
0.126824
830.121
0.000000168095
4.5555
62.0265
-0.00722268
-130.122
0.0000711671
0.0000304686
-0.0039858400
0.000351689
42.0554
-0.000000186750
0.98804
0.433454
0.000090330
33186.5
0.09284230
0.0000955867
154.642
0.0645904
0.326978
-0.00007594760
9131.28
-582.309
0.00207216000
606.930
562.866
-0.00551586
0.0000930445
-59.5174
0.00169104
0.601152
0.00139266
3348.26
339510
0.000000580550
-0.000000996223
48651.2
0.00000189031
0.000030810
884960
0.0763770
-79.6052
0.000329683
0.00000699027
1.87163
4019.00
0.0857673
0.0000906489
0.0000296947
0.0561824
-79180.5
75978.2
-4.43171
0.259699
-0.000000482729
-0.00790658
-89.126
-321207
7.79419
642432
1.82018000
0.000776637
-781400
-24.55670
-314.465
192934
-0.00088430700
0.000826299
58.4216
-422.074
49.6719
-1.13216
19906.7
7836.38
6130.58
-0.00930892
0.0000302267
0.0000868649
6.53301
0.540437
0.0527722
0.0077092
7.8114
0.0000627261
0.00747652
30111.4
94.3624
0.000000472249
566.064000
22.6401
-2214.93
0.000611573
0.00000750158
0.00937436
-0.00000445433
0.00000267251
1.35321
-652.8070
-5.99814
-0.733755
2.91824
756420
-0.00000002251600
0.597397
577.979
0.0409639
0.00000569032
0.00034391000
-534308
0.000040527900
840.79300
32525
0.00183653
0.00000432160
0.00000228681
19.355
9.8346
0.00000415492
33.2694
-5.61697
62560
4322.05
63.8346
557.720
0.000742346
5.51605
0.000112268
0.0129117
0.00000249954
0.000000845851
0.0560571000
5.52781
12.5458
7.88462
0.00000936714000
-0.000672293
504241.00
-314.652
-0.00000196094
0.00000260953
0.0834241
2.81084
-0.0000239302
-0.000000533055
0.0000841141
0.00000172902
0.398525
0.00060815
0.000000499756
7849.46
0.000045848
0.000000467512
0.628359
7575.77
0.000000263296
3.50814
27510.7
-0.0000499889
8.47115
199020.0
-0.0448589
2.17557
0.0000753116
0.000000200796
0.000785155
1.90342
165236
448179
246429
9909.47
-0.000985041
0.0000393403
47883.4
39.40380
-0.00000326291
377.383
672789
622615
0.00418326
0.0000594290
66166.5
0.0311392
76.1125
809434
0.544227
1.41145
-0.00000005020
0.406988
-0.277462000
37040.9
-0.0000046953000
22298.40
64.8394
0.707186
1.5401100
58.777
0.0056736
-469.851
0.0453525000
0.0452311
0.0000315222
83.5970
9113.5
0.291000
0.000185302
-0.000000729570000
0.0000051899
0.00956259
-0.000962271
0.00583241000
0.00000012228
0.00396484
0.224004
-2538.85
0.000000536937
0.0000353175
0.000940425
0.142042
-0.0729061
-0.0000647420
0.121673
0.000000186895
0.0768092
60.4031
782.982000
0.00223609
-119.754
554230.000
0.000348676
-2.8848
0.00185670
0.000710545
-6448.47
0.0000956840
0.000000807740
-0.00000157264
0.700873
-95.7875
-704.777
0.463438
0.0000587316
98.9116
-0.0825194
132.135
0.00289239
0.00000628032
0.000000555454
0.825862
0.592531
202.411
0.0000767780
0.000000035554
330370
0.000346592
0.078080
0.0000655274
0.000042893
0.0000022205200
0.00000204121
-0.000000680981
0.00611594
0.00280213
518.477
0.0000867719
0.7947110
-0.000000368869
0.0169029
4.08821
514.067
85.8444
0.681531
365256.00
-602.120
18.7841
8.53888
0.874795
-4.68210
0.00114691
579.483
48618.0
0.00000686982
0.000000869889
0.00312276
0.0000697604
0.374969
0.000059353000
-0.0000911095
52.0979
-0.0661886
-0.00000367126
73582.3
0.00613975
657.563
144.286
-0.00843619
-0.0025403
890577
0.372700
282250
0.000330978000
0.0268774
0.00366413
760838
-17255.9
0.0350318
-0.000000325108
8.33144
0.00633544
-0.00000559133
0.248792
0.0000847437
0.345314
-0.705621
9333.03
0.00933115
209.186
704.175000
-0.0660777
-0.00000264891
115254
-9824.57
0.00000084067
8867.0
8902.17
0.000049384
0.0000066125
0.00729196
-0.000000702454
0.000000640930
14037.3
0.0000004712
24080.5
0.00000606718
0.0397125
514.849
0.12599400
4.11301
-4.20666
0.000000945250
0.0000764862
15350
0.00000865191
0.000379975
-2407.53
0.00000587238
0.82003
0.0000285678
0.0470127
0.00000456451
-9601.45
-268.328
0.380878
0.0000333145
0.000373285
72368.1
76.3141
-200.067
0.00776467
0.0000697912
-0.00681805
9038.52
83162.5
-0.000713188
508635
-0.0000090188
83908.2
-0.00026681
0.319397
8585.01
0.00374351
0.00000104185
-8.32154000
0.00000584262
9096.50
0.0000504084
0.361879
0.000815343
97.1136
0.000000078293
955.303
0.000039003700
14.5502
-0.000303976
0.0000532627
0.000827920
-0.0410465
4.20191
536970
801.579
71685
9.56902
798403
14.1170
2.06590
0.00837552
-34275.1
368618
99559.2
-4.58350
0.0000099474
0.000673871
92399.2
-0.0926169
0.424877
0.000580494
0.0000449184
0.0502617
57.5267
2.64693
9643.2
0.000000231900
-0.000000614808000
0.00000828308
-31172.0
30.7746
0.000568561
-0.494868
0.000000339677
-822821
0.0866852
-714938
-0.0741683
636.841
-0.000759292
-1693.80
-12.9846
0.668462
5974.26
9152.04
0.959109
-583218
-77.3692
0.000000586735
0.00449775
-0.698949
0.00000308982
0.00001076890
97.5399
-0.00862563
59362.6
-0.688963
0.000000456251
0.0000353538
0.000029744000
-0.0000332403
0.00609945
0.0942306
-817.465
-9702.28
4175.12
0.00190465
-2.22645
76391.0000
538.455
0.00000528921
4.88879
0.000065111200
61.8470
0.782864
-0.357242
-845.351
-256054
0.00000537042
0.0154547
-0.00000409824
0.0638810
0.000831245
817021
0.000000416160
0.0000248024
0.00774186
-0.00000383738
0.000000495669
-0.00000049974
0.00053342
8447.15
0.00720579
50.4405
36.8509
0.0000124453000
8688.80
-11936.7000
-0.005633280
28.2749
3.34576
0.00000384992
-0.00166063
0.431745
0.365568
-570.055
41.4133
0.000000045908
-97.7675
0.00895877
0.000112741
0.000049826
3929.66
3.43877
999758
0.644237
68105.3
0.459877
0.86654
5.18677
61114.1
-5.60164
-0.451076
-0.00581416
0.0000979743
0.00594365
339231
-0.01334290
-0.0000722112
-0.000618842
8.66697
610.20
33795
0.0594607000
0.000000251420
0.0000947090
18.4853
0.000000095648
-0.000000866219
0.00000653135000
0.000006198200
902.681
0.000000295263
5.90259
0.000636835
0.000687945
0.000000358748
0.00000558082
0.000032914000
0.0000329527
38486.3
990832
1.55247
0.0163106
0.000921977
0.00000396383
842.272
829220
53830.5
12780.5
-2160.33
-0.0000004849680
0.0571771
0.0000107563
6.80950
5.52343
0.000816128
-0.0256418
51.1326
4931.28
-0.0000166667
0.00446089
0.0000816993
-47.9291
0.613839
-702.622
0.5223200
9304.63
0.50731
486894
0.0000489824
9.10828
0.0474018
-0.0000756938
0.0000007627690
732278
-419.064
0.00000446375
-0.0000617940
-0.00561189
64732.7
21850.9
4.61937
912925
-86129.8
0.00708072
30167.90
-0.000557549
-0.00000346501
414214.000
42.6077
-0.0087186
0.00688403
-0.000350837
-8.81739
522.841
8.70875
-843.022
5.72554
21.9176
0.00000935266
-0.314267
0.199246
0.0148735
0.000444075
780298
0.000000119963
0.00774087
442.658
-0.0191796
966.203
0.85359400
0.008488
-0.000188217
0.0382483
-52211
143926
0.0955596
0.591635
0.059811
44.7986
983.322
4.50497
0.0918233
-0.000222835
0.000000655638
0.0000957392
72725.8
0.000000171551
41.274
-0.0000470940
0.0933908
0.00397356
899.674
0.000000820038
-0.000000015746
-0.00000803140
0.402725
-0.000000483751
93.1378
-0.000224902
0.000094868
0.000000201865
-6032.6700
228566
0.00000042380000
-0.0868441
868.30
-37.6187
1582.9
25.3947
984017
0.000000326013
0.000000837121
-51.6152
-0.00000073925
836.998
9.09149
0.0000481341
0.00810091
0.0547233
0.00995411
0.00859573000
7.92724
0.00091227
-0.00380588
-0.648456
0.670473
0.00901003
0.0000833662
69667
0.00000695425
-47536.6
37731.80
-0.743854
0.00912842
0.00000878622
874.226000
16424.8
1870.82
855.169
73163.5
0.00506166
-0.894643
-0.873124
-2840.94
0.000479862
-33758.1
0.00000289977
7161.75
0.00088430
0.000798818
0.00741996
0.000000269687
0.00000470034
0.00000851532
8.07917
0.000000808446
-58776.30
0.000609526
0.0436767
0.000000055316000
0.00249076
8439.22
-425413.0
-0.000000588012
0.000000254492000
0.000000952057
-0.0806193
0.50814
0.0000998816
0.640167
713.421
0.000000001392
464.142
608.871
0.0000785931
0.00000472248
0.0094863
6.38819
0.000000820735
-0.000103352
920068
-0.00170641
35779.9
0.059094
0.00817500
0.0000503651
451177
30057.8
0.00000183981
663.197
0.0716656
395391
-0.0395895
0.0000757569
0.000000958981
-0.0652791
3038.5
49.5097
0.000308082
0.11855
483253
0.0000668568
0.000391801
0.000000738318
613.627
0.000164821
0.00477064
-0.0341690
704.232
0.000340219
0.00000674611
-0.000322593
-0.000006058
533413
-0.000000983620
0.000000173852
0.673368
-0.834216
0.0107499
0.00000775826
957.291
-0.00000168265
0.000000550689
15807
-8519.33
-36.8095
0.00173958
0.000000723665
0.00000585802
753.246
0.00529656
66.9186
-54207.9
0.09912140
86.5977
0.000000745136
-0.000000706520
84956.7
0.00000695194
20.8560
0.0000934628
0.0000604619
61.4473
7.279
0.0000008607380
0.00395327
0.0218801
-0.000000766495
-56205.9
-0.0227007
0.000786869
-0.004445770
-9.45321
0.0956463
0.000000662206
-0.0000089806500
0.00111921
0.000381890
71.5044
495.2440
985.143
0.000981426
-0.000404423
4273.1
-0.00000929209
0.000000207040
98.2302000
0.00046239300
21198.1
0.000341897
3098.23
0.0087076200
-78.1491
3.14383
97.6863
358.348
-2907.69
0.0000667627
2091.94
0.0939414
693.153
0.0845346
0.00951555
0.0288151
0.00000546888
0.583743
957260
36.3317
76.3783
0.000489895
0.000420965000
-478712
-8.83965
0.419570
-13.7563
65.65
32.7853
0.60971
-304.510
10654.4000
3124.94
0.00000255628
-814078
0.00723880
0.00063006500
-0.0472726000
0.00000644508
0.0000444630
0.000000579056000
32680.6
663670
4506.27
336590
798754
-0.0000506135
356487
-610.966
0.000309699
0.00155329
260.450
-2465.29
-0.10547
0.0000695729
0.000000395918
29391.5
-0.000479611
0.676664
7016.39000
-0.0692770
-0.00908347
-2862.53
4.706290
-0.233854
-2.96887
0.00000966646
14274.4000
2143.57
4.90649
0.000000299651
0.389437
0.0154739
-622715
0.000124811
6.78301
545.693
80.4481
272.804
0.177164
7.14231
4189.96
501841
0.0000941801
0.0495914
801100
-0.000000572806
-0.00000425499
-4.25303
-0.000001520880
0.000000291521
7.58720
-0.000000315363
0.178158
1.55622
9567.42
-0.00000576893
-0.00000853305
-0.000000659952
5.01650
82190.6
0.00293783
0.000000062549
688068
0.664952
9126.68
7.35324000
0.0706234
958.302
-78924.4
-354855
-626008
0.0375178
0.626406
0.0095922
7.85854
24956.7
-649.339
-0.00930828
-0.0000446630
0.90486
94.6666
0.00617997
-1.3581200
0.00000303638
2.79082
95.3973
0.185451
4.60676
0.000000192744
0.000982867
0.00000180380
21.1874
0.000000673567
-0.000000099535
0.000000816271
0.0553870
0.00000118636
-57.2793
4454.5
34846.900
87.6484
0.00053441
0.00000070887
0.005752480
0.00675563
0.00000022374
0.0269473
2.53885
-938914
0.000520662
0.000000030520
8.14066
685.95
-72.4419
-6.86775
9.2139
-86956.8
-0.0344235
0.00000709339
19.2672000
0.00955710
-57.8146
8092.33
0.0000005855970
-0.00064760300
-0.00723673
-630.37
-684854
9571.61
-81090.5
-501.510
8.61451
523.577
0.0000954025
85.0861
140.299
87155.9
-0.000916271
0.0409453
0.00276372
40.5347
0.634900
0.000000635582
0.00464705
0.0000517997
296318
-0.000365005
0.000000351642
121299
583454
9199.36
-0.633326
0.000000655303
0.0000597414
-0.000000137720
0.0000343089000
6.46981
-955160
13729.4
-0.0000153146
278.588
2.04906
-0.000294200
0.0000017308
589479
0.000000600912
95.909
-0.00000955962
31.1616
0.33671
0.00000784420
0.00170548
6.82874
8448.77
9.74899
0.00702237
5.5166
3884.30
0.000502191
-0.6708110
0.46938
8.84700
0.000290893
-0.000000656955
-0.0903331
-0.00368205
-797.766
412.52900
0.0412846
0.000000727893
0.000150573
0.0000069672
0.00000466353
0.722233
0.000000781410
-0.0000537453
-923.561
107460
89219.1
0.213310
0.000000045305
0.0605638
725.203
-661.289
0.0000974646
0.000255131
971216
-0.00622152
533.556
-9.40643
7667.85
0.0000739123
297464
0.00000288102
563887.00
-0.000000473816
-52899.2
32585.9
0.824134000
0.0252625
0.639644
-558.860
-8.23824
0.000000838749
42.9167
0.36357
879.842
27.1089
-96.7614
-0.0000005063
-76.3832
0.0037291
58.9439
0.955444
0.000119294
7.4089
368.621
4702.91
-258194
0.000855357
9596.28
79.4965
0.000977731
25.2454
-2.03178
0.0571528
979.444
22.1004
-0.817640
76.3199
0.9178180
0.350531
0.00000115086
0.48285
-3877.0
4.90117
37877.2
26.1435
-0.0000997516
0.00938292
0.866153
0.0000033131
0.0735695
0.492195
0.0000001465430
-0.00009997920
0.0000905309
0.000000637592
0.000322720
0.00000769358
381.163
-433640
6091.56
3.5036
0.00000481820
59868.200
0.0363415
-55334.5
-537.260
0.000000589840
-0.0000179772
570.543
0.0115101
-0.0000474682
0.0000482286
767978
-8.31147
2088.06
561.997
-0.000000803012
0.00000579165
0.867240
8.44423
-0.00113560
-0.000008688630
0.0973357
0.00322765
-0.02690900
-0.44339
257.2
-979068
316.35200
-3.68343
-48745.1
0.594847
1.57030
0.00000847619
17.8130
0.0000891341
541.458
-0.0739622
0.000662887
0.852683
565349
20.8463
8.64558
0.0000850545
0.00000272806
-339.917
0.0955585
0.0004311320
0.000000012679
-5.41892
-0.212698
-0.0000691289
9.21037
52383.2
0.000868518
-112999
0.0000450772
0.000007436790
-0.000000803851
0.00000069520700
629.389
-0.00318718
92097.8
4216.97
43.0094
0.0611629
928.285
687.821
0.00000573820
-0.074755
0.000625965
0.93455
0.0345293
0.0411659
0.000112317
29266.8
0.000386969
0.0000381449
97.7090
0.000000252449
0.00281341
-7596.52
0.000360348
0.000984642
-972.468
-8.09992
-696.028
0.0000470672
718.285
49.5835
0.0491103
0.000092079
0.000501749
214535
0.00235999
0.00722091
0.0026309
66.256
0.0000489465
97523.8
0.0560456
-0.0833453
-0.0000432299
-0.00868984
36967.0
9.56944
0.000835775
0.000000150680
-0.00384892
0.00000734267
-0.00945010
0.000000921518
-0.684257
9.6413
0.000000920257
0.0000801529
118845
291.097
0.00000796485000
0.0492790
2221.21
0.594882
883.394
0.00671146
379270
-49.7039
3455.35
-0.00000906375
0.0369095
64142.3
0.725396
0.000000347357
0.0000796994
0.000416137
0.0000750907
0.0352511
-5.90115
-947.260
38.1309
0.000066730
83884.3
0.0000525255
0.000915010
38712.3
0.000831715
-99.9427
-3.99363
0.0581810
0.0372953
0.07307440
2028.11
-0.000000508293
671.575
0.0000630615
0.0904827
-0.000051837200
-43.9800
7.0894
3084.32
73230.0
-0.00839228
-0.387922
0.000000022062
669537
381.835
0.0823620
-0.0108485
0.000000381378
0.000000369503
0.02163840
0.00430790
2537.64
53.815
823363
0.0643594
-0.00000227533
90157.7
5194.36
0.00142586
-4.10572
0.0453045
0.000000540824
0.0053047
-2373.98
0.00006496450
0.20485
1.35946
0.000000051506
0.000000923420
462615
0.00663853
945338
0.00000659427
436547
553860
-380.611
-21371.8
-0.000855981
0.0000662625
0.000737980
0.00964669
0.00000132560
42342.1
0.0000041936
747.243
0.00022191
-1587.63
2910.31
2.49145
-0.00336696
0.0000339365
2.81056
0.0222852
429.631
0.000000871928
-0.0000200903
0.0000375254
2.36450
579432
23.4606
0.00816663
3.60202
9.57861
0.000000417544
-0.00957960
0.000343816
2414.91
-6.9834
-5.77912
0.000562064
0.000000736742
0.0479606
-71986
9146.15
0.0696337
0.000000350160
54.0841
16.5988
0.00000973827
0.00000918162
734012
0.0440644
-0.0000676348
-0.396141
-630191.000
0.000000645052
200.313
0.00066589
0.00000070628300
0.758645
0.00419414
0.000190580
-0.0392128
831240
1.15775
24783.8
0.00000491906
0.000199045
0.417964
0.920807
0.000189963
8.76937
6686.3700
239270
-0.000000000907
0.00228142
85617.6
-52146.5
-967.451
2879.96
85353.8
7637.64
0.910731
4064.62
-0.000000727931
-45.3634
933.874
757426
0.085677
0.000819081
648300.00
62.1064
943.699
577.242
951.995
0.0355646
680957
10534.0
-57.1307
0.0517240
4502.42
645.991
-4784.13
-73.6731
0.00000110617
0.0537759
-0.000000586551
75801.7
0.00457047
0.0109182
0.0733732
730.27
-69.8203
70019.6
0.000832169
-2818.17
0.00456092
0.0000568726
0.0606812
0.0000253230
0.000000822528000
405294
0.0340903
0.0000927194
0.0000894276
1102.45
22204
53050.7
-64.0540
-0.0729403
0.0000435259
-0.00201553
0.00038619100
0.000011196
31.7295
0.00000891339
-0.00833394
4.35687
0.000994050
0.000084282
0.000465123
-9.21169
0.00214711
0.00000831306
0.000000188779
0.000000762906
1.08200
-0.00102149
319681
0.294493
0.918462
0.00000557698
-0.00000157721
0.00000233531
0.00017982
-0.00000803636
0.000000573358
-72203.8
-0.0000009126840
-43200.3
0.827702
5744.17
-0.000409667
6.81438
-0.000151735
0.031339
668016
-0.0000500050
782404
-0.00621059
-478.931
-0.0000654909
1042.09
0.000000161606
0.000000171623
-833.816
0.0000002535880
8205.65
0.00365057
-0.0325150000
814.95
0.797615
0.0000750335
-0.0001655320
0.0771957
8.98686
9115.89
-0.000573524
-41.8729
5654.62
8.24180
51436.5
0.000508304
95.2879
0.00000208614
0.0144541
0.000000857094
0.000000538243
0.0251144
6487.30
0.00742340
-166785
-0.0437444
0.00597856
0.0297911
0.00434955
496290
219.929
0.0680204
-73.852
-0.222350
9.63155
0.00000999840
0.00468369
-4.1233
74413.000
300173
0.000000344639
269.941
0.00000900818
39957.6
-561.03400
282571
8384.67
0.320439
0.00000761326
0.0534687
0.343626
0.721220
0.0000787947
626.968
59197.6
885082
0.0000602057
26.6295
0.000000704306
0.000885419
48.9434
-0.00000929140
0.0820851
0.00000842443
54922.1
0.5408
-0.000000509054
0.0123162
314
0.0978207
6333.56
0.0000036076
0.00000019870
58.10480
89289.8
-293.32
0.00000714588
0.0000993135
0.0271350
-0.000000066906
1307.66
0.0000160585
0.000000433127
16.8673
-0.00000162535
-4.54977
-41792.4
-811.508
956.592
0.00060745
-0.00571407
1792.51
0.00022240
0.00000893156
-0.0000265564
123559
0.000000004090000
-0.000000002783
708947
0.0904698
0.00782396
111632
0.0416389
1953.21
0.0000434106
-72712.1
81173.4
0.0413380
0.00652825
1068.09
-8.57129
-0.000005031430
-0.0622129000
-0.00163036
679.667
0.152945
543088
-0.000805193
371250
-98.1015
-21.0159
2.70000
0.0000029077000
-0.068927800
0.000817683
-0.571063000
16.442
0.0000271001
0.0890425
49.4788
-0.0000353755
-0.0000667662
590615.00
-0.000979701
0.0621897
621.696
44.0485
4.95921
0.000000712170000
26.9430
-3311.75
-13.6279
627.250
1.93699000
3280.23
-0.004708020
-0.0867557
9.0428
0.0000853763
1347.320
-6570.15
0.000000882369
-642.372
0.00266164
0.0000996773
0.0000551298
-0.000000059344
360.07
0.00781261
0.000015657
0.00000015947000
-903059
698.497
0.0857914
798.570
0.00000112204
6.28343
91279.80
0.000398068
57.4742
42.9353
0.90143
0.00000069193300
0.00675206
-34.5142
5.70361
-1875.1
13.5908
0.000110013
0.0000215474
-575246
-0.000597635
0.00000519563
-0.0015772
0.509841
-469.517
4751.06
0.00894582
1325.28
0.00000677681
844166
2851.87
896671
-3389.05
81.92270
92325.8
0.0000906090000
322142
9440.34
-5352.99
8.37846
0.0000669074
3646.85
-0.0000185338
4.31862
0.0000030808
0.0000875392
-169.08
-0.00658762
0.507967
687.413
-0.000000240982
0.00860632
0.89463
-0.00000486252
0.0420321
0.0784561
0.017084
8913.89
-0.761468
835574
-0.0311298000
383.780
0.00593976
0.0000770922
0.0003384470
2.46549
8.33652
-0.0993370
60.8275
0.0525456
-0.0751391
722.955
0.00000079551
0.000000440173
0.0534810
3359.32
-0.000000895444
0.00000969573
-323.520
0.03200660
0.000000431866
0.00000019402
148044
-6.63344
69.4328
0.00868107
7286.0100
0.00963808
-0.553286
798.77
-0.000505878
5348.12
429632
-0.000851517
0.00836176
-0.000000125991
0.0390538
1999.92000
0.119110
0.00000462330
-0.145930
0.472543
-0.148060
-0.000000954482
-0.897345
809323
82094.7
0.00804810
0.497027
11.085
0.00037585
0.089372
0.0000042462
0.00000168016
-0.0697723
-550.378000
0.000000764982
0.000000428175
0.000000900185
0.00000214409
91131.9
0.048404500
6.99704
84.8256
-0.0072804
453.303
-6914.15
-0.00000481272
8.71399
69.6990
-0.00637381
9.10625
-30397.2
0.000000345926
0.000239232
0.000741207
2904.48
23.3358
0.0000517604
7.17611
0.0000594562
24089.50
-0.000000267768
377.268
75.0500
-57.2077
0.0000498624
-0.0642770
0.00000760343
-0.0000677994
-6.18909
-0.00000608847
0.0000508470
4798.99
0.0183385
606.155
0.771858
-7948.9
670443
0.080509
0.00441228
0.00305704
0.000694648
-0.00150933
0.000000557439
-6941.30
0.00617979
7.12650
50.8605
4.52001
-34.07
-8.22511
-0.00000327194
75089.6
0.000000330720
0.000035467
863800
193085
17.5041
0.0000685916
345.4720
538.0650
67603.2
6358.24
-389901
0.00000864449
-0.000000803593
872188
43454.9
0.00236356
-0.823741
0.000000925251
-0.884288
0.0000190969
0.0000765492
-0.0008101390
9.37261
-0.0477643
-3.516720
0.000023772
-0.00000227805
926.61800
0.479835
0.0000540116
-176.48
-0.00363498
0.000263671
577625
0.362390
49.3522
-33258.7
6704.22
-0.00000248812
-0.0822999
293.328
85.7180
52.3469
0.000210709
0.0000211121
540177.00
0.000000220051
0.000000033956
-0.00069470
0.000847711
5440.84
822740
402733.0
0.331459
-4.81959
757856
24889.2
0.0203227
0.00000835838000
-0.00000823722
-0.0000761527
0.00410660
-0.0546850
0.000000091200
-0.00000941517
47628.5
2745.82
0.00000423777
-927.404
510.6310
-10.9909
0.00973742
0.292493
0.0000858194
0.0000740568
-0.000033769
8.79154
0.0142391
579842
-0.00000998408
0.00280262
0.00917867
0.000771541
8.8732
0.0000785670
9704.18
0.000421360
8.10489
-0.00047031
0.00029870
218.6
0.000000524210
-50.4443
0.375540
339.97
794713.000
-9613.80
0.00739477
2878.9
1772.84
833.545
0.000424192
172.754
0.314013
0.000000015960
0.00814207
0.0627441
2.98935
0.000000275412
1.17137
0.0233586
-0.0098993
-0.000000303183
3.993600
2.65825
1.60443
0.0991198
0.000000704646
-7.95905
5.08251
0.000000702886
0.00000692351
0.00000075529
17984.4
0.00407146
0.000000512579
69.5751
35.0343
9.40419
1338.52
351704
-4.84487
119090
6888.59
0.0000154850
-0.00000519127
0.000000493477
-42023.7
78.2736
721.652
5.07529
254.96
0.0000321398
632894
84463.0000
45.5473
0.000000141614
-51683.6
0.0000059389
-0.000000735990
-0.0000915839
-38127.3
-0.3188050
0.00000715925
0.00000425065
0.0000948132
-239.071
0.00929437000
0.00108088000
88.0272
-58.3775
27377
0.335511
347.739
-8.74598
0.378900
687.322000
-16518.9
0.0842691
182562
-0.00000017835
0.159172
43.7074
0.704057
7141.59
0.0830303
8.53789
0.00081300
0.00440230
0.000000221298
82596.2
-864365
-0.00569823
0.674334
36993.3
-0.0200382
-0.000368199
70.7719
25985.1
0.00259426
90990.1
71832.6
0.00000261243
0.0000976018
0.880707
0.000402917
-23713.50
81.3359
0.0000692659
8141.65000
37765
0.000852185
395830
531.711
224010
-0.00000561386
8179.6
0.0000758116
-939.700
42.0130
-0.000669442
0.00248832
0.00000024858
-0.000594694
706654
-69056
0.00252387
-98900.1
-747.052
-0.0393961
0.00154327
0.0023336100
287.332
-68.0775
-87037.4
671833
0.0838743
7733.76
-0.000126513
434036
-69408.7
28254.5
-51923.8
0.00000152362
-0.0000022843
-0.0000079047900
-77225.1
6871.58
420.487
0.00060942
176.627
8135.40
0.000792050
6.8393
0.859485
74.4652
7595.66
-0.000763170
3.74855
0.000000632211
3.73486
-146.893
-0.000945814
44.3104
0.0784325
819.615
0.557923
0.06334490
-0.63509
0.00000257099
0.00589863
46602.4
98444.8
-0.0353370
-6543.29
994.091
0.0000944997
-0.87610
0.000000492586000
-0.00000570759
-916170
5003.4
0.0000067757
0.0883224
-21937.2
88509.3
39947.1
2.01796
2986.69
38.5121
0.0000245554
-0.000451333
0.000000607469
-0.000932993
-35325.2
0.00000862015
456.501
48611.0
0.0015213
58998.4
-0.193533
82365.900
7849.93
9.15985
0.83347
68.8136
0.0378400
0.384472
0.0298667
0.0000280989
0.0000691660
0.711503
-0.000149711
45188.8
0.00893037
-31757.900
0.000393588
-0.00000878779
0.000000297070
0.00077795
0.0137665
-0.000000751135
7.30471
-0.00000146310
32.0294
-3996.79
-3992.0600
-0.0000835813
-0.000335895
-0.000000342608
0.000000582675
-0.000066776
-0.0291059000
111154
0.0000188093
6.08159
676139
-4.71598
6784.890
20.6452
-30274.0
0.0149313
-0.000311374
5.374140
-0.0852307
-0.316866
0.000000551083000
0.570336
0.000151690
0.0000766075
0.000000160820
0.0000601651
-5607.09
0.00000693646
-0.00000473277
0.00541325
0.0491578
0.000109943
-289145
5.88572
0.0000697546
-0.0000900918
0.84818
-0.00000513776
-0.00000786486
316.254
9.24552
3.94267
0.00000155518
3.94833
0.0000112862
0.000000716989
526131
0.0882958
2.48928
87.6209
0.0000782612
-0.0000177321
-0.00000461554
0.00175110
887502
659.235
-1594.26
9.0483
7425.88
-706.736
0.0769674
96121.0
-0.0069552
0.000000781884
527399
-8439.25
651278
4.63791
-0.00000137658
79336.0
0.0273353000
3.27496
5607.32
0.770182
-0.0331990
483.365
655960
0.0000399129
0.000185425
-0.000000628175
551.682
8.32676
9874.71
-0.812042
651.919
340396
2645.8
0.00871594
-0.000000212928
0.00008430550
-0.00000831638
-86.0432
-0.00267838000
6801.22
0.000252860
0.00237395
-659.968
195.983
-8650.86
0.523572
10561.3
-0.0000682671
0.000372719
-0.00000732912
0.000000070623
-0.0725254
0.000797197000
60541.2
-0.00874272
0.0351884
-80005.2
0.0123003000
9037.87
0.0729980
0.00258864
0.0000037862
-94.62410
0.101643
4.76778
0.00000955267
1260.9900
9759.90
0.399514
992926.0
767088
158359
0.00000848391
749.81400
0.00863677
-563.221
5.11027
8.14288
0.00353396
-6.14722
-0.000583651
0.00261956
-784684
0.0468339
0.000304338
8.35272
0.00000831870
0.065097
-0.000388531
0.00325358
-0.000289853
0.000000049648
0.00000356934
-6642.11
0.0479126
0.00582224
-7445.00
0.597241
737.628
0.00250382
0.00409016
547672
911.390
0.0684650
427543.000
0.00000951348
1.18981
0.0602376
0.00941211
0.0000102753000
0.000000420985
0.000352666
599014.00
0.000967879
0.072289
3.85664
67.7747
445571
77570.2
0.0030439
857187
4720.65
0.000585043
959.401
341.418
61152.9000
57984.9
347380
0.00041362
0.00000402828
-0.00644276000
7735.94
3.66191
62.8995000
0.000000625109
49997.6
99626.6
9076.18
87160.2
20984.4
-0.00000843559
82398.8
-0.00000491844
0.0000004847620
-8238.69
0.000816460
-86949.4
448767
-0.00942949
557.701
-0.000856784
0.0336354
0.0000775123
0.000995471
0.0572188
-0.00247852
24132.2000
-0.00359780
-486.315
0.00623332
-0.91815400
-0.584767
994678
0.0000441778
-0.0045833
-0.0000006903950
0.000443279
0.0755322
0.00473772
616.747
79116.9
0.000313360
-0.00532556
0.0003105500
872922
7001.52
0.0000291283
0.000000926937
-2957.26
0.000999863
0.000000842048
0.0000818477
-0.995615
240.669
550.5
0.0000656001
0.000000572530
891.852
-94619.1
0.0000703342
-0.0519606
0.00164406
0.00660137
0.0992310
0.079736700
7.79497
0.002421300
-7441.47
285.570
27682.4
0.022328500
0.0000302888
0.00083695
41873.9
11693.5000
301.61
0.00580058
0.00940908
57.5299
0.00711466
-0.564468
260491
0.000000212226
982.17200
0.000009240170
0.00000682010
-461.072
0.000000217888
22668.9
-15857.2
322483
0.056866400
1.02649
-0.00000980675
0.00000121161
9620.12
0.0291898
0.325951
-0.000780698000
-76.9365
84661.4
-9379.04
0.000211784
19641.6
0.0768271
0.041365
6514.86
0.025527600
-492.734
0.00000784946
-383351
818965
-0.00000916662
-38407.7
21.5108
919.377
0.837245
0.00694640
0.0446790
0.932441
0.00662964
-0.881213
0.111884
0.000380588
0.698103
-0.000139712
0.00393696
0.000261337
-61.1444
-0.08383260
0.00798245
6501.77
0.00963156
-0.950367
3.86693
-1901.53
0.000000487324
0.000000027638
0.271600
0.0165199
400.607
-0.0688011
-0.0541544
0.0000899135
7664.11
0.0075
-498365
93.1700
729.543
2.41129
-0.000000545363
0.00000676413
-3.23169
-398.479
4.71492
0.0695684
-0.0000491528
867810
198965
-0.991558
0.000000921176000
94198.6
27011.1
0.0202767
-0.00000595098
0.000254536
0.000000018805
246353
-2.68319
2225.03
1470.5800
-0.0001345920
0.683490
-8.770170
922.523
0.000072725
-80603.4
80893.7
0.000000417343
0.000000145165
-336.730
449495
6967.15
-1.99439
0.0545231
82436.1
23.1412
0.000000188527
0.00000793847
-0.557394
34.601
-8.46995
0.00883538
0.000170723
71359.0
-65618.3
-0.00000050094
295.398
-0.00000354897
0.000000938877
0.593704
-6.14013000
0.0000083722300
-0.00574734
810.308
8829.0
93.405
4.90497
44344.0
0.0000440897
-99.7689
777.832
177831
0.00948119
82939.6
-0.252371
0.000000432041
0.000877428
14299.7
-0.000695566
-944409
-40.40120
0.000000629242
0.000000574550
-78.2094
45.0690
-286527
0.000004506540
42768.9
-260.344
-69252.1
-0.0583319
0.0000912976
0.000024315
6.58307
-0.578066
27.6788
-0.0000633981
0.00000477393
-0.0000566959
19.08810
0.000022111
4266.11
-353363
-60750.9
8.61321
0.0301004
0.0000719520
0.545916
0.945579
0.00976731
86.6454
0.0245358
16.2797
-0.00441395
-2988.12
0.248151
0.00000388886
6.86973
88.7738
-0.000000608717
-992.202
7.34744
-7684.53
0.000000386453
78499.7
0.00379671
-0.00000724531
0.000000563234
0.737914
0.000000443496
8454.44
466624
747.210
0.000000387855
0.0000742950
0.042516
60.5609
0.00000396838
227.394
412462
-0.000834918
12335.9
0.00000118348
-142883
-439561
-0.000641995
3440.99
-27.1761
0.0000597111
0.00165807
1756.4
77641
1.04477
51745.3
32.9176
-9.27265
-0.000000713166
0.00000819080
2.76828
0.0000860032
-870.06
0.0000943038
0.875243
-0.0554829
-14853.3
0.00000839864
0.000986931
40.4777
-309101
97597.2000
0.00009657600
0.000000224902
-9.30977
87.8962
0.0016808
0.0723894
-0.0000967319
-0.0139265
1.85998
-0.000252574
-0.000000761453
-0.982084
0.0887148
23.8477
96.6712
-0.00978865
686.459
9.7900600
-0.0000921839
0.0000567029
-61881.0
783.949
0.0382105
37435.6
-450.37
-816021
-0.00000335491
-525855
0.000061363900
0.000000954587
-0.00000501770
865453
50117.1
5.61167
-447.074
-0.0712925
896.138
0.539290
92430.2
0.0000485144
0.0000188515
59.4744
0.0000877930
-910.268
6575.50
0.357017
-0.000115741
-0.0000077849
0.000000000372
-0.000435659
49220
26.044
-0.0679088
2762.99
0.0000443084
562.967
0.000000243611
0.00553148
40.4996
873.526
0.0929902
-0.00000241444
-0.0000386922
0.0000922084
3836.67
49982.2
0.00000088314
0.068030
58491.1
715285
40.7982
0.00006300
-4300.85
-0.059659
8.19975
3434.70
747.55400
0.000934830
0.000074892
0.788994
0.00000453763
0.00000690629
64155.5
-0.837072
0.0000799234
-3302.63
453350
0.027569
94202.0
0.934047
36.9230
-423.134
0.0094542000
0.000073306
-867498
-0.000130586
-0.0345293
-0.0454026
0.000049609
0.0000450927
0.0000128707
67.5254
8.02527
-304.16
85.4815
0.00000205443
-0.0058468
-9822.93
548167
940391
0.00000191837
46115.2
-0.0000309486
7.23681
0.0000017005500
0.00000613934000
0.002090420
-82010.3
81072.0
0.000371673
5787.41
-6.46507
0.000584227
435.008
-46.1189
98.5686
-0.0430730
11545
-0.000000929064
71.123
-2342.56
0.000958032
0.000000136183
-0.000930452
0.00135652
-7467.10
5.62250
0.00000483582
-74.9390
6784.96
52.67
0.020290300
14.9362
-0.0000481475
8622.11
12.3526
-0.0000408417
0.000000142193
0.00000630527
0.0000050370
0.000741739
0.0000007346
699600
0.000005911820
0.681319
5880.40
-1.01497
30.5189
-7.83968
0.0000414277
0.000000722189
0.00783775
0.000000042683
0.0000602398
1.452730
0.00000402764
0.0000295996
3370.98
0.175951
0.000000792465
570.301
96.4284
-45.9976000
0.0000026969
864790
4.87029
0.00934413
0.00090315
-0.00000360081
270.423
0.86807
0.00000496074
-0.0604584
0.00000436140
-45260.5
0.000000763713
-3744.72
-0.000115771
0.003543760
-993.649
0.000646675
-9423.24
-0.00000154220
91.872
-0.000822015
4.55708
-0.000000652741
-0.92162
0.00000874433
0.0000826562
2716.64000
89812.1000
894.749
36.3689
-0.340578
0.00000955365
-0.407038
5.88716
-0.565093000
-60689.8
5005.4100
0.0000064303
-0.267212
0.000541021
662.082
0.202474
0.000389549
0.0000455026
86036.9
-88.0520
806.030
-0.000163812
196857
64393.9
6.62252
20770
0.00000881909
359207
0.00331209
0.00004246080
0.000000544363
211.826
-0.0467173
0.0000365725000
95651.7
-0.692066
0.0000016860
2.13425
299.656
-0.302183
0.0000281922
-927.761
-51.625
400
-0.0000076923900
0.0229552
0.009099
-0.0000799288
-0.137526
-0.0255215
-0.000288871
-9192.42
0.0839634
-0.000000146268
-0.275778
0.085693
-0.00000986164
0.0780477
0.000000565908
3.26131
-36.6596
-0.0000793587
0.00141173
2.98858
92.7266
0.000739643
0.0000072682
9.71966
-0.500737
0.00484793
85744.1
25821.0
0.00000097114
0.422787
7162.04
31435.3
0.000000847062
0.00000350663
0.000000277031
0.0000736130
0.790013
0.00000792675
-0.000618374
0.426184
-49272.3
123.594
0.00753949
0.00000137172
-0.00591544
0.000000024916
78352.3
0.0000666986
-2.44756
8.96848
-0.09686500
0.0990176
0.00201088
-0.0515036
3.15533
0.0000121792000
0.0000009827
467.162
0.000000134753
9.38274
3591.20
434.433
437.863
27006.5
0.000000748655000
-408.820
0.000000064638
-0.0000233249
48.7685
-310.143
2.41549000
0.00000789303
64.1448
0.00075339
5094.41
9294.06
0.762466
-0.00000072161200
893934.000
0.0556752
0.9251
0.0647122
0.000032438
0.0000448567
901.472
0.00241251
0.000660837
-0.00006531300
0.000000107582
0.0000002535050
6808.25
-0.0000324254
360.569
54136.3
1.05527
0.452810
8.77946
0.000000221267
0.000083498200
0.000000536965
0.00000383598
27.8115
-0.0016912100
0.596890
-3.6252
-4069.97
78794.2
95.6196
-82.46530
907.923
0.000536519
31408.5
0.0000109271
62822.1
-0.000000811105
492574
-0.0297435
-381.87
9.62522
-0.000890729
7.64106
22068.4
0.000016138
25.6664
839912
0.00000256168000
0.000841329
0.00000012580
0.0000114762
-96049.2
4273.69
-0.76644
45121.9
-2.57678
-0.9312630
0.000000722026
-0.00000326315
0.000000597487
837592
-0.000805087
782.954
0.000338127
0.000305677
-0.00607996
0.0001880920
6612.35
-0.000707743
-0.0407077
-0.767015
0.857712
46935.300
-0.0826102
1933.95
-0.0000562529
25299.00
0.612894
-396.894
0.0047068900
42927.8
0.0000479748
-0.00000284043
7776.56
-5.16494
46.170600
0.00257230
0.0000448345
21542.6
25.3233
-3725.71
453908
0.0000246109
0.313454
-0.217077000
0.00000017213
0.0000587175
0.000000516978
6.54789
0.000636061
0.00092399
55137.9
0.0000358443
-0.0000359338
8320.81
0.000000343586
0.000370632
-3.02684
-0.3520180
69380.0
0.0000322699
0.00000343266
25.1622
0.000000931656
75681.4
6.54420
0.0404678
0.00327874
0.000017804
0.000875804
79053.3000
930785
-0.0000001455
-0.000000606697
0.0000865006
0.000000291110
-0.0735191
-1.707660
-797.769
-2730.20
0.00364089
0.0000125417
0.00017664
-0.00279546
-0.898050
80122.1
91874.80
0.0000087655
25.9242
0.0631297
78.59
-749.409
53130.00
-386704
6.46113
-0.00259239
-0.000000971048000
0.0050907
883.092
0.260937
0.000506145
0.000929181
0.0385186
0.0000987265
647605
30.5869
0.0000253000
121036
-9869.220
0.997234
0.000000790986
-0.0749869
813637
0.00045241
0.211250
85018.2
-0.00860786
0.000000779959
-876.843
-4.53918
-0.00789540
0.000000280286
97595.9
90.6266
1625.50
-0.00245914
0.0450384
0.583405
0.00000173393
0.000000300447
0.0000190665
8.43530
7.19443
-629212
-0.000000868940
0.00000496557
975.016
56.1117
-0.000000332150
-0.00296936
0.00000679938
0.000000480077
991851
8151.9
678.927
-0.0000430259000
-7.03225
0.193949
41864.4
5059.96
-0.0000225870
0.000000500989
762980
0.522237
0.00000007869
0.0000294863
0.413183
0.621503
266.738000
0.0321902
274784
131.474
0.00763563
-606945
-0.00155302
-0.773380
-31870.2
0.0000928022
0.000731518
-0.000478660000
63.0277
0.0478222
27.4957
0.00127626
-907252
0.040057
0.000309362
159.444000
0.000753100
0.00000850708
6616.59
0.00956900
0.0000470456
69452.0
77617.9
-0.00000463600
-0.00670120
0.000000211554
0.00000058261
753.416
-496121
-0.0000025364
0.0000001870830
-0.0816105
-8.82464
0.51370000
735.788
-7212.0700
0.0501476
-0.00957256
0.000000106885
-0.0510350
-49005.9
-0.000000491765
0.707061
0.146652
0.00654753
-0.0000518824
-929.488
37040.5000
68.8573
0.00000728468
3892.94
0.000843608
15954.2
0.000000895214
0.786463
-0.454791
0.000000343422
4750.75
0.0000683476
43.2986000
792506
0.860373
0.0000771853
85.9891
0.065630
0.0000181466000
0.00403089
7559.35
217.728
0.000903824
0.000392139
4366.53
-0.00000088020900
0.00000960599
-767813
500.793
-626.003
0.0506039
0.000000710037
5.88875
0.000000432491
5.56323
0.245439
0.00124083
6004.48000
-599998
0.0000834587
0.733979
43.8851
6.48641
0.000000531062
0.0381779
-0.000423677
0.00000043096
-0.000715829
-923701
-9157.18
0.00000691366
0.000016653700
0.0976715
0.000412087
0.460551
25716.6
0.692806
0.0000095291700
88727.7
-0.0034602
4.71711
-0.0724432
5529.23000
22522.1
0.0792538
722184
3.65978
7239.48
0.000000668055
0.00000602825
0.0221799
7775.87000
6611.13
0.0657480
0.4623760
0.0594490
3.17888
-0.000330479
0.000000493817
908.257
0.340127
0.492871
18.7726
-17807.2
0.000000472346
0.000000462471
-0.000000199531
-345051.0
0.00262480
0.00000665662
708.05700
0.0062491
-0.00000679440
-0.00443656000
0.000000833313
1.67413
0.622297
0.0178121
582633
-0.00000852225
-0.0000217490
0.000262647
0.0000028566300
-9920.43
8.79065
0.000003502960
-0.0339091
0.0847762
0.000000734732
0.000000655217
0.0107737
9.48745
-0.0000032856000
5.58538
-0.000000273936
-9.46464
0.0103309
-951390
95943.0
0.000000043304
-72.9231
0.0000113366
731672
0.000000277413
3248.5
0.00000435176
0.00958126
0.000000356041
2175.71
7605.4
760.006
296781
0.000393611
-0.00000258435
7.54986
253407.000
3.14271
0.000824250
-0.000007739310
0.0000364258
-3087.53
73040.9
-9627.00
0.00000077160
0.00000389457
-0.000211032
8822.31
943.811
2.672620
50017.8
-435984.000
0.968773
0.960774
9.2090
446818
43296.7
95.6642000
0.0036490
-9.91005
-91.2364
1580.15
0.0591244
305.860
9324.0
4.70401
0.0056015
2702.00
8.25660
-5.55745
0.00722860
-0.00707804
0.000000587131
711.013
0.273323
-0.000000043893
799.154
167.729
-895.026
0.0354395
677.051
0.0001987840
0.00000126528
-681.334
394.939
1548.59
-0.000000602721000
0.0000163832
-7737.36
0.0000721110
-849.363
0.0000700690
0.000917128
4080.34
0.0398762
0.00000946454
0.00000425324
0.000000575376
0.000491799
-8743.08
0.000325775
-792104.0
-37.991300
0.000266064
2176.54
0.004069050
487432
-566.010
-0.00000270691
-154.238
686.507
-2784.50
-914088
93.1429
-7242
0.00378245
0.498507
-4249.84
31.3493
-0.000000316389000
-0.000592595
0.00157507
0.000639732
9.47778
-0.826128
0.0000109304
-0.000216816
510800
-0.0411405
0.00000502551
2402.53
0.00084721
95.0766
-0.783817
6.62603
0.00000525865
0.0024639
0.00008626900
0.000516147
-0.971649
0.00000098304
0.0000128335
0.000000496860
866005
0.000000639808
0.00000116082000
-0.000870108
0.582504
-0.088741
379.592
-0.252636
0.00000967400
-334.642
-0.0614703
-4998.52
0.002507850
0.000170597
-745098
0.0000872002
0.0112167
0.535747
3.4801
45153.8
3.6703
296.75
0.00000046159000
0.0808344
0.0134719
63482.4
-0.0000050566500
7747.40
0.0065464
682255
49.1095
0.000000105936
0.00103097
-7.0152
-0.0919403
3724.490
0.0002908390
2086.05
-751695
109.803
2.21798
94.8478
-0.784372
5.17725
0.0304890
0.498210
-934978
0.0034947000
-93530.7
-0.00000753591
-0.000000586546
0.0000769419
0.0960407
7580.71
-0.0000548954
721.1
0.000925466
75292.7
0.137926
0.0000008120950
-976.001
-0.000000059102
0.00000851809
0.00000676976
30067.9
0.000840211
0.000681716
158.0760
-0.000000707486
0.00282235
-0.00000351867
-88.614
0.00000940752
0.000540677
-3364.100
-7.76824
22.022
-17.5321
0.000000301904
-0.00000871812
0.0000815943
0.00000873000
0.000169049
-0.00039651
2145.7
0.000081261
-60800.0
0.000000939002
0.00520341
0.0000771774
0.0979626
-0.616867
0.00692209
481.874
18.6747
0.0098167800
901.112
-6323.49
178.300
-46294.0
0.0519265
58394.5
399.562
352.698
8.39265
0.00000728672
6.64939
0.778835
-20992.8
9.62459
0.418836
-0.061936
0.0000063162
27209.2
619710
-732192
-0.900955
-132557
-0.00601962
618.935
6.6113
0.000105135
0.00146302
0.0000301810
0.000000212634
-6.6056
0.00000938235
-0.202395
0.41671
0.605417
0.00000551572
85431.0
-0.00000730046
0.00553754
13.3324
324.952
-0.0000858457
-0.00265198
0.252462000
-744766
0.0000349818
-9234.42
0.278518
530.792
0.219784
0.00000050424200
0.000000209658
802303
0.916348
743556
59.9498
0.245343
0.00078212
57.8546
640760
-0.000423260
-0.00101785
-90.3669
-0.0272680
8.45761
0.000867848
-9.00180
0.000135100
0.00000716196
6225.02
2784.43
-399602
0.0458309
0.0464107
0.0000634241000
-995.672
97.7085
-0.000501862
-0.00288814
-74.4453
-0.530468
0.744753
89.4116
0.0282960
-0.0000802089
-908.917
-0.00816572
2.99294
32560.6
0.0021101
0.09838
78.4892
-88036.9
0.00443395
-0.339095
0.00016416
0.958525
0.96539
387480
-0.0000234636
0.00067060300
9333.63
-836925
74.4501
-0.00000828242000
0.000000398439
0.000000811192
-645889
-0.000000765761
0.00000117151
906133
-0.0440444
1133.57
0.0107243
0.08266100
-0.0000630253
-0.116825
-177894
951860.0
0.00643085
47.0472
0.00840247
431.403
-36.7003
-0.00000118266
0.0491056
0.634860
98352.8
0.528944
20.7935
0.0000156348
0.7205570
-539537
0.0000423284
-0.0000062484300
4.41322
0.00000585270
0.0000607250
25.7455
89413.4
-90700.3
0.000470382
-304.682
68.3690
448939
0.0112985
0.00820777
4779.570
-109421
7866.89
0.000000702316000
-0.00000622399
-6821.15
180.049
0.0000562458
8282.33
7756.21
-79976.8
0.000000709127
0.000646473
-26.7431
0.00000176232
142.869
0.0712681
0.000039240300
2190.05
0.000000428779
0.000000460940
-87.1835
-0.00000512071
0.0000864611
0.00000369775
0.0297566
0.000000483741
-0.00100913
0.0803711
94011.1
45.7103
46.7058
41.7922
0.000000487536
12862.8
264118
0.0021179
0.00000703039
67.6204
32.1003
0.00440043
820410
0.466786
0.00000049544
0.0595640
-0.0771595
602.472
0.00305972
-0.000000563476
-0.000998154
0.000000020371
-1.11616
31.3959
74444.1
-46323.6
64526.5
6185.14
23778.6
0.00450561
-0.0000565878
56145.8
-0.00000817689
9.10837
-0.341268
-0.000892560
0.00000980093
821.464
99740.0
47.5379
-0.00000908379
0.000578971
0.003765
0.000303905
0.0161715
-9982.6
0.00291195
-0.00000730158
0.0000676554
0.000000535239
0.0000874953000
0.000100143
-0.001154530
0.728389
0.000000238082
0.00000020119
1.29996
0.000000705551
0.00000751612
-42.1035
97960
0.00000294507
2.73433
0.184512
1.65986
0.000905520
5.81786
6602.38
-912.32
87.8064
0.0000639385
995.126
163061
0.0000807207
816.893
-536.725
9692.36
379648
277.110
1995.93
528267
-0.00000703650
5.263
0.0090563
-8342.61
0.00202673
834354.00
17795.7
0.000595331
0.00286775
0.00000095399
-0.6019860
0.000154060
505.792
-64.6385
-0.000005465300
0.00000096343
0.000263752
-0.00000900897
471.774
25288.80
0.000000730097
0.662497
0.0000240672
0.412789
11.4896
0.0000285443
0.952730
10.1122
0.00436055
-41.2108
0.00190127
7.97276
-0.000000060611
0.0035918
-0.000000718519
-93008.4
0.0000821093
0.00904829
0.06594400
-0.000000466687
525558
0.000557285
-0.000000831369
-0.386693
111.375
-0.000000499234
0.000044273
421.835
0.000000098957
0.000000082819
0.000000846718
-449030
0.0724122
47000
0.00043004
47.5637
59.4020
577.668
0.00984960
0.000000084505
1.02689
-1.49287
7.05115
-0.00576789
41830.9
0.000000275426
3720.53
0.0000406969
2798.800
0.000700703
-0.0000677081
-75301.4
4.18892
0.0000205357
0.00274340
-0.000000769199
0.000000666465
-3824.2
94.6754
949408
0.000182482
21.0308
0.0000159734
0.269527
93.3505
0.467011
0.0414266
88.2032
0.23913
0.00000053402
6.61159
0.000000201117
-0.0000070314200
122.797
-0.000193407
0.00000728917
2.58372
0.354397
0.00245366
0.0000948887
69.817
73957.5
-0.000386736
0.00000869519
0.0000005265270
15424.7
0.852063
6.1991800
56.7019
-6750.85
1.25377
0.000761861
7350.33
0.000000573610
0.000000610167
-0.000331024
-0.00831024
-0.00000353069000
422.367
310
-0.0333225
0.0000882479000
0.0000684728
34.2439
0.0387754
32.536800
-66715.5
0.517209
0.00405974
-0.000000553337
3595.75
0.453387
2.05293000
-1750.31
-0.00000774517
0.0000236495
635802
897.333
0.000798833
-0.0491790
0.000000508061
0.00112438
-0.0000495654
788480.000
0.000082126600
293487
338511
-0.00000910968
759250
49.2322
-0.000086157
0.0251643
0.0006108650
79.229
-0.000791048
0.000565055
-0.00085639
66.3401
0.00000005922
1675.07
74895
-0.000816453000
988.517
-0.000650918
0.0264470
3737.17
-479491
594674.00
0.0000692426
-0.00000673933
13307.6
-404.063
89226.5
7.62897
99350.5
0.00333487
9882.46
180283
-0.00000461200
-5818.60
0.0517765
110.608
721500
0.010195200
-0.00420627
-0.687477
364.757
84.9181
6779.24000
0.06095
341669
8716.22
0.220423
0.0022198
-417.300
69120.6
941.070
43208.1
82.7454
0.0000814810
0.13398
0.00880257
0.00000494569
3.62335
0.0000206775
12.1586
0.000742296
22.790
467.528
203.185
0.499957
-10310.4
82.0228
0.000000196879
2.47458
-0.0306873
397664
26134.9
0.0000834874
0.000000338806
906.148
0.0000901105
62.5688
0.000000997440
-1.35514
0.014923000
0.000000967941
-0.006078380
0.0492304
46.1988
70.507
0.282231
0.00000384283
518672
62.2157
0.000000804747
752.947
90.8115
0.585070
77.5610
2.19025
0.000000135609
0.0000339
-0.00854915
0.0000044197
0.0000366076
-830022.000
0.0000862922
0.00000670444
0.0000110715000
99873.4
0.00000929691
28.217
0.000543900
75729.8
0.000130827
0.00000193744
0.0000016460
0.00000109637
-0.00000189620
-6736.03
0.479706
1235.60
8560.19
0.0614988
8.65226
-0.000076138
0.0000508922
170508
33.0188000
312.905
-14750
56.6265
0.00000026642
0.0000022842000
-0.0264742
0.000862577
92.8803
-0.00461753
316.519
3.81378
188.751
0.0000862850
0.175116
40.9186
-48.2621
8429.53
-0.0000099374
-0.000000040523
6473.40
0.00243354
0.00000750755
0.0000681947
572.086
1.58248
0.0190799
0.252215
0.784142
-511.820
2495.15
-89891
0.0008102890
-0.00481483
4.28826
-0.000000912163
-0.963868
0.348239
-0.0000383645
0.000000179256
8024.43
-0.000036029700
0.435942
0.000000630454
51.3312
0.00000032428
9.13456
-0.0000007938900
-0.000000563054
0.000693370
-0.0000787620
0.000300911
0.600489
0.00321064
-1892.95
0.000000852464
0.000342330
0.116410
-404160
0.00145082
0.000000281093
3661.74
0.000334886
0.0517518
0.000933652
358.466
0.0000478154
76.094100
0.000357524
14209.6
548999
-44954
-0.5539
161.0170
51430.1
1.338100
0.00768232
-75682.4
474.418
722.351
5.41782
0.0410233
88.3773
3078.4
5.4355000
0.10406300
88.0679
184.722
0.000000864778
629926
-9836.99
0.00000976340
-0.52027
0.00000431699
0.000000453944
18066.8
-32096.2
-0.00570106
0.00000143111
316998
0.00539637
0.00009567
-0.000000317148
4010.60
-110226
0.0000124866
49382.5
-0.000000295531
148.480
0.000000688318
332723
0.000000294864
-0.00000700872
0.0000753292
0.000000610486
-5111.72
469.720
0.000000447938
35.1429
-60494.1
0.00196528
81044.7
-0.93451200
0.15312
-0.000888863000
57.4005
3346.89
0.0000476377
604.972
0.815688
7436.70
-0.00009124
0.364149
69.4151
-0.000000504390
-8.26744
-4489.13
-0.00436434
-424853
0.000390447
-0.000620439
0.897858
33.3306
0.00989255
0.0000164499
0.224778
76240
-957.651
-656739
694125
0.00000283111
6.6962300
-6532.83
-20.64
249.2
0.0000422626
0.00000568365
3.28749
1.21207
-0.000000320705
0.000942290
0.00738951
35292.4
0.00000567166
-5.88231
0.0528309
-746940
-0.0888413
63562.1
0.000717519
108.217
44.1248
0.000000305179
-5.90784
2683.24
0.000278802
0.000000521749
3.59477
0.0000499055
0.00000187308
-0.000000766303
588960
7475.7
-0.0000700888
0.00000389579
0.00538867
4.83673
-0.63516200
-8.43557
20741.4
7.69446
561471
521.969
0.00613572
-4893.51
0.112362
25.5947
15.5607
13.3159
0.000000184072
-5905.97
0.000000026939
0.00000281689
8.40552
2.60916
-0.00638866
0.766287
76.2110
0.0000031430600
-5.33145
0.00009880650
0.000644844
0.0000321110
60149.0
0.0003914
0.056137
896269
-0.39802
541.776
5351.29
-0.00674685
25298.4
-0.00387815
389698
461753
-0.0000072097
0.00481521
-210601
7783.68
0.00268166
-8136.52
0.000886890
0.0648290
0.00198676
316225
0.351201
0.000000676044
-0.000361623
141.623
0.000657862
0.0289704
-0.0810882
0.00561922
0.00663903
0.052994200
0.00623444
-671.77
0.000000999699
0.000000326901
907.360
0.000000628078
0.0666978
-75.6915
-0.0261701
0.126335
614.85
0.000538481
0.0725878
0.00363745
0.000530467
0.00000322998
0.00000471128
0.000000207302
-71358.2
-0.0243673
-8.70045
0.000000112386
0.00000748835
0.000675697
0.00300555
-28987.5
-0.0000358823
0.0000858890
222146
-421.6
-584590
2858.1
0.0887308
-571259
0.00494984
1.181
0.541949
0.0739657
0.000000213073
225.671
0.000747907
-0.000035341
0.00000629143
0.45243
0.00670845
0.000000887470
0.000000074214
7147.32
872.658
-0.00054148800
3910.55
-0.0024570100
872536
-0.00950001
0.00549030
-0.007973730
-0.00000378585
52038.6
0.00025871
0.000802439
4721.53
0.2318300
0.788316
0.000000912493
0.000377428
-0.318855
0.000891284
277119
815.505000
0.000000986232
0.00037120
0.0649326
430784
0.0327644
0.90894
0.925519
-209.158
0.000287712
0.0634203
0.000513686
0.0000112366
0.0846634
435.236
0.00000321169
4.77569
0.0044273500
-91071.1
33.5333
0.000000658061
0.000000620535
-2306.11
30462.1000
1.93376
427038
0.505799
82.250
0.664583
-0.0842213
0.0855570
-4262.03
821.046
7.5068
-0.0873124
-4581.03
0.0000775705
14299.8
1905.66
0.817079
33.294400
0.000000988850
762.474
3469.99
0.497474
5.62512
0.91906500
4684.55
0.000000894659
0.0030830
0.00000343110
-6562.25
0.000051014
2237.26
8967.12
-0.00267281
-0.00382750
-0.0056090900
70484.4
0.00956618
-175252
0.000000001339
0.0000799867
0.00345541
7.78769
-0.00000922963
5549.47
-0.88903
0.0000374018
9.755880
-0.00764070
18.2349
18297.4
0.0000067366600
0.00000943478
-96004
-107970
0.000896714
1.171000
-179203
-5.39477
84.2854
838.162
0.0000209041
49909.0
62988.8
0.715982
0.0000065054
0.00455295
21.0866
0.000000565886
12.4032
-0.0289050
0.00000234176
5.59687
-934590
86487.2
-0.000252738
546490
-0.000000856434
-0.00037257
0.000000889190
1.87175
0.0772376
0.00149640
5412.33
0.00898476
6624.69
191.718
-0.0367817
0.0000089356300
-878.674
94.6951
-93.0513000
619.132
0.000000862302
-32715.1
0.0827890
0.000000283120
5.72838
0.000000010341
0.000000617037
0.0639471
37882
0.00918882
0.800891
0.000000365756
94385.4
0.000000360486
0.00000972229
61210.6
-10.476
0.000647800
179.739
0.0000845506
-0.0000632794
-269.864
46345.9
-84761.2
0.00000880918
-0.00284089
0.000000897854
580551
0.000109545
-328194
-0.0000693133
-89002.3
0.0787840
-0.000060929
0.00000040729
0.00902301
160955
0.0761966
-112541
0.00000589689
903015
-0.00319544
7.919720
0.00000697745
0.00000217809
9.843090
7.13713
0.0578958
0.00794367
0.190304
708993
5.03573
0.000000697745
0.77248600
32789.2
668939
-0.00465731
38182.2
-0.522952
31954
0.00860111
29.5804
5882.81
12340.6
0.000000193087
75.3865
0.00000542177
5.58014
812900
0.305058
0.000317294
-2.10151
3.47071
762.500
113.600
4739.24
0.00000075316000
0.0000214585
0.0104269
0.0000221307
54.3899
-3694.91
46.2478
0.00000759532
681637
-53.3321
0.0000377054
-840.85
0.00444759
0.000666798
3.96335000
0.1208300
0.00000694412
215.2
0.196683
78961.1
32.710
-0.00861447
708.842
0.00681006000
0.0000259862
701352
8.14880
34.679
88546.3
-0.000000110462
-0.898705
9891.28
-0.00372174
0.000000449720
-0.000000692636
-632.408
0.0765646
-0.065645
4.795
0.00349166
186519
-4.6990
0.00047791900
11.1635
33.2009
0.0000032477
62266.9
-5.20890
0.000000091011
-0.789268
429414
3210.94
5955.65
8124.60
757.72000
0.000614358
0.000000676083
-0.525717
0.00462338
-0.000000319194
0.0000004465400
0.00821967
0.0000929805
7.95425
108340
0.0519009
-3.35974
-23623.30
2.06479
94.7478000
71907.4
809.141
0.000008581450
0.861359
-0.000000594656
117.831
-0.000000783548
-0.00478082000
65.5117
0.0318234
0.637838
38.0708
0.0001937
0.081397500
0.829466
3059.1300
0.00202056
-0.0195032
0.0000532620
-60666.9
-0.00000262249
0.999841
9392.19
751.073
0.00946036
0.00000227837
505261
-0.0678023
974.0800
0.00946418
-0.439524
0.0291843
-59.325300
0.000404521
378.75
-0.000958070
0.00931865
0.0000138300
0.0000082297
-0.0526713
7.01902
0.246031
7.6281
41.6269
0.0000834424
159.910
60.5505
86952.6
3769.38
-0.000460755
0.0000399167
0.000000289036
-0.0000165251
0.00000462231
5278.1
-0.000000921072
-0.00000716146
92538.4
-376555
981.674
599413
0.00000186531
92.349600
-373.204
0.00054644
83.1180
51.7115
-7.16766
0.0000848575
-0.0426760000
0.00609814
26.4808
8497.03
870046
32.0208
0.000000458549
-0.00177000
757.144
-0.0000756074
-491.356
-9161.30
60.6063
0.000644926
-80487.5
-17.7140
-0.00000171405
54.8401
294677
0.00000112940
-0.00000326211
6325.99
-94226.6
20149.3
3.17956
0.00042649100
762.086
6837.63
-266060
0.0745501
9.53346
0.00777218
8.5378
-0.00000459761
985837
82358.3
0.000393833
87154.9
0.00617151
0.292521
8724.07
589255
654768
-8741.25
0.986770
883.165
807420
6.00521
0.000486501
0.0281312
0.000000956926
0.00318896
0.266095
2388.89
0.00016847
675.511
2.50291
744906.000
25.431
97061
0.22451
0.000778952
-8.37122
0.000000311681
-854.336
0.0000093959
0.146911
0.000000071593
98187.9
104100
1.5026000
-796401
57292.8
23222.4
0.00264833
0.0000529928
0.00979502
-0.919862
1.20144
0.301681
-0.083407
0.0000044191
2125.08
0.000000998565
72650.3
0.0837046
-466909
0.575159
-0.000076479
-9007.13
-9.12524
922999
0.0000397770
38435.5
3999.70
-4.68888
1.67423
-6951.10
-0.0314480
4312.42
-62.0380
-0.0000937741
0.000598848
0.00000107865
0.000000069405
2232.97
9.93989
-43.6382
-98753.5
6.2832
-1230.21
-0.0453663
0.0000466121
-7.08193
-0.000499774
313168.000
85169.9
-725196
-55.6267
0.690499
0.0450237
0.00000232064
-0.0000143494
-0.0000551435
0.00000067262
29435.0
-0.000040987
559.57600
0.0322880
405321
0.0000618368
284410
0.0000596291
70845.3
-0.000000703058
928737
0.370054
34.8298
-0.000661485
68435.5
425063
-0.00000619137
409216
0.00000764669
20361.3
394001
123.479
-0.0543651
0.00000502615
-10.3250
0.000000622998
0.000322920
-836.245
-3891.28
-0.00000234038
0.0000936197
0.000685208
-166.183
0.000000927107
68.2248
40.9396
-31.9092
0.0000001820120
0.000000419496
71238.2000
-0.0000516613
-240318
0.0972237
-0.000000877655
-0.000000491716
-212592
-0.00813341
0.000095351
6.48777
84.7482
38.190500
0.0000087215700
0.0000329250
746098
2162.34
44.3474000
-42.1259
777.297
104093
-0.0285372
6.408
-538843
0.000114061
-0.0887438
0.0000298447
2.809090
0.000146402
503547
468283
-8.91420
82.5606
0.000000798414
660.97300
-3.26665
0.00000919868
-0.000380769
0.00694329
0.00000069019
-2061.37
0.93122
77.2637
-0.578348
0.0098576
84.2602
-98.7589
0.0508411
474265
271.641
0.0000168429
-0.0989660
96238.5
-0.0000342876
-0.000623254
0.00000343123
0.0006774500
8.51570
0.00775594
-9603.20
0.00951951
7.32769
0.00895810
0.000000002872
0.00878221
0.0000285307
0.281398
0.0873158
-0.00970743000
-2127.79
-0.260088
0.00000403812
-0.000000394925
0.0094208
87.7602
0.00000450385
-0.000055799
78.2429
2385.05
0.0504798
-5.37758
0.0000470026
0.000785665
-0.000000941404
-0.00075002
0.000000354314
41189.8
0.0000877302
0.609988
45.4449
0.000000930853
-377656
-0.0000743260
874.272
0.00000492125
67706.7
620.891
388.490
0.0000319545
0.0000785877
0.000000089521
0.378519
2342.04000
8200.610
0.0000114561
6.75025
261.173
0.000000937361
-0.000039145000
61878.8
0.00000196161
-0.000000931108
75.5772
236.069
53581.8
0.000000625006
0.557826
0.000632516
0.000000106921
-20.397300
-285.824
0.525119
0.26926
0.00335120
8.01073
-0.000509737
0.0715073
139230
0.00000838742
4723.50
150.040
0.000000609200
7351
0.046142800
-495.161
0.00650462
0.03115
0.000000139538
177.774
59312.3
-0.000000194110
-6916.76
-0.0291277
75445.5
-0.00000526878000
62.8902
0.00000349943
176590
-975811
9.26955
632098
-4.91988
98.46000
0.0000026297300
1899.09
0.00000796004
0.00252350
6398.62
-0.00000460008
-454980
0.000550856
0.000000508324
44.2796
595.962
0.00948432
260.135
0.000239406
0.000309243
348570
0.00000854596
0.888722
-6.59044
0.00596440
63.1784
0.00197800
0.779847
0.0734586
3.95754
0.05504840
372599
0.700884
0.00000291755
81560.4
-44663.4
0.00000499370
8.95037
0.00000753693
428250
2485.88
0.00489372
-0.0697809
0.00487785000
9354.430
7.500080
-4148.45
23547.6
0.0781560
7564.66
0.0000724784
0.0000214448
559260
-0.000750524
-502.804
0.0912693
0.00958380
0.000000034252
909.162
0.0000018727
-0.0000066971
0.000893518
0.459696
1.37473
6356.30
-0.00000457458
651258
2130.92
375719
431.464
-0.000132797
0.0000806298
0.00466691
853.196
0.00000596267
0.0924415
0.00000543766
0.000357455
0.000000543001
-0.03965780
0.000673073
0.000483787
0.000566888000
619.489000
0.00813897
1503.77
311.156
0.000000916872
-8421.09
0.00000941833
1.61750
0.0000203203
383.378
24.9943
17116.7
9.38972
-0.000646016
96.5014
0.0526026
0.000000785712
199150
0.000851579
37212.600
0.00405390
0.640006
0.845020
0.0000031396
52.809
0.00485039
0.00005761270
0.00079403
0.00753963
9.13320
930650
6.94098
0.00000539349
0.20532
-949023.0
0.450946
0.00206816
-0.00833154
-0.0964039
0.000803053
-0.000651277
-0.119706
3.64933
0.0486912
20571.2
0.0243445
6.8952
0.00746592
0.000000816233
-0.000001633
-421469
0.000000346368
0.890155
208.357
-0.00578796
39.5087
3895.15
-0.02736500
298310
9601.49
0.00502063
0.000000977495
-0.00765179
0.000197536
309.98000
-0.000842464
5505.78
-0.0187884
2.74549
-5437.81
0.00000556584
66.6988
0.0263068
-0.0919110
918929
9421.1
9335.80
582.154
-5769.57
75.3819
370747
-631748
-0.0000004230660
77372.300
14.4403
0.00000566414000
0.0689466
616.4800
-0.000122196
5737.83
-0.420362
417.833
-0.00000911100
-0.0000878014
18264.7000
-0.000000254319
1.02246
-0.00041839700
98.6649
-0.00000548748
13.0278
9364.22
0.0485744
-790369
31.4278
0.0000198411
-613363
628.166
-5680
6104.22
0.000000093258
-15013.90
83.7637
-0.00000418200
644793
0.489265
-0.0691582
0.0011267
87042.3
0.0529609
0.000000656276
3.10999
-0.0000060274
0.0000267248
0.000002055
-0.00003682490
3585.16
0.000920708
423.289000
329802.000
0.0521769
6062.12
-9.72904
0.00000119882
4660.50
-5.5864
0.836765
-1713.300
2.06086000
88.8901
6.43750
-13088.1
4.92012
92672.3
2.07170
92238.8
0.251022
0.64655300
0.000000300468
0.0718791
77.7842
0.0646756
0.899859
32453.6
-0.00760678
-0.000045630
790165
0.00000727648
16.1895
809.847
0.000000948581
464739
0.0734294
6.84740
0.00270582
98.5108
2445.7
0.00414421
0.0313603
-2941.54
-0.145627
0.00511019
20154.000
2570.09
0.00000692170
-2.73219
693.584
-424943
0.000613735
6.94419
0.00000040626
-6187.95
-0.362155
1.80781
0.00000902625
-0.00000916854
234376
9246.39
0.0906187
0.403809
53.0257
-0.00000500524
998.677
-2.08891
0.00770640
-0.0000830973
0.451342
-19366.0
0.0260872
0.004081070
-0.00000104618
0.807898000
789.590
0.267523
758440
0.599370
0.0535201
16595.2
0.000008794470
0.0000250302
0.0000581606
-0.000000686517
0.642851
0.00000074271
-960440
-235.22
0.0353159
0.0000955388
0.00000620853
-51408.9
92.2699
-0.0000708200
-38.8100
0.000000782441
-0.985502
51683.9
0.000973610
0.856603
751.408
-3543.75
2.77001
920.017
91.4726
0.000911502
0.000678231
856.329
-5633.02
-0.380646
11.6148
0.00156884
0.0714545
-2275.13
0.0300278
0.00000189100
0.0000124741
-0.00186411
0.0000005086
0.805347
-0.00420578
-432.088
0.0852561
-0.417524
1.57641
6.94667
0.933421
0.288479
-16.8931
0.00000985214
0.184889
661313
0.0000386034
29.0576
908.491
-548.114
-0.00000054155900
-4.23866
82.23640
62.8721
-0.00977855
0.000447438
-0.0000808158
25.6485
-4.85223
718.141000
-0.000661697
0.412311
58.93030
73.9078
37.2194
25.5608
0.2391
79.7536
0.000587251
0.000000639175
4740.12
412493
0.331652
-0.0000361950
0.0000699381
429210
-57.7326
7.09094
265.38400
0.00005628210
0.0000941975
0.0000781290
-643.840
970.124
-0.00000651257
0.00000348007
0.00000090800
-1915.15
0.692138
-0.00000288563
0.0756271
253.97800
0.0000760072
0.176014
0.000886555
0.00000997071
-0.055300
504.193
1.83562
1508.70
0.0000398327
8.77309
402250
641069
0.00459396
0.000513582
23.3512
0.0857232
0.000038374
693624
502.379
-0.000595736
29.1256
-0.0867855
-0.00000400903
9.34679
-0.610007
-5.96014
9.66401
8512.25
0.00559634
0.000598409
0.206270
802.967
0.0000062574900
6626.92
2928.5
0.000000526952
0.0000047326
0.00560516
64.0209
0.0000252176
-0.000141346
-73.3568
0.0000169673
986.097
647573
0.0000959126
0.0000061740
-0.000337492
-0.0000729021
6.9283
0.00000144376000
-0.00000512842
0.000712651
-49693.3
0.0000239298
0.733683
0.000000625717
8712.9800
2.22191
-0.252791
-0.00000844351
443.825
-0.613012
0.000019410
0.000502778
-0.026421
4.99274
0.522539
-0.000019986
9229.20
0.00176941
0.0607850
49.4972
0.129629
0.00854036
29023.3
42480.7
-0.000000564420
0.00833196
-4.3334
642121.00
9894.93
0.000000109112
125.142
0.021987500
-461.715
895.027
49192.0
0.0946679
-0.000613021
0.321727
0.000000279433
0.0003127300
22830.3
-918.667
0.24077
869122
20966.00
749839
0.028265000
-0.080959
-0.004192150
226929.000
-0.0041788
-0.0678955000
53843.2
0.0875110
0.00779370000
87.713
0.00925821
224.577000
7.71729
0.000000231946
0.000490610
0.219917
0.0711514
-0.000825034
237803
54.9085
161.27
24196.9
0.0000920255
0.0000069703
0.00318895
0.0000451985
48.1809
-0.0000122678
-8.77143
646096.00
0.000000921704
-0.0936526
868360
0.0000141424
0.00595488
-0.00000068584
5871.09
6.20660
0.0328049
-0.587004
0.00000797323
0.00000763462
3003.96
0.747755
0.000188810
592.724
841149
0.0592882
41314.7
306989
-564482
-93955.2
0.0000582929
87.5585
382.821
0.00000774689
735677
7218.84
0.00000746443
752.419000
61.6630
-0.00083367
57117.7
-1952.7500
0.000270114
85.1684
0.00000277273
321.60
45090.8
-0.0000457200
361.399
10351.100
0.000000516433
493.558
0.00481100
0.00000416978
1919.53
835.288
460898
0.902656
-4.85939
119989
0.0000605658
-0.00000518362
0.00642869
-0.000580950
36226.5
458.748
0.000000458196
0.00000094927600
613.4770
0.00000181922
-1580.12
-0.00818307
819430
-0.0789814
98.0632
80999.0
0.0000127346
-0.5666830
0.00000030777
0.0000766950
-6.29606
29.9380
0.000000157746
70718
0.00005105450
4.93491
85007.1
0.00839388
1.70885
-0.00698299
0.00045584
90535.5
-0.714295
0.611852
-32603.400
0.00000774377
-8.3241
-16144.5
-77001.9
0.0929042
160.061
2.56727
87028.3
0.000290479000
7100.35
0.0802836
7477.44
-720352
0.00000598220
0.00000484835
0.964118
-0.0000868628
0.00628660
0.000000172352
0.00000378419
775.241
-0.00084811
0.0295310
-671402
9.756800
-215808
0.00220455
-9291.26
0.00000256821
-0.0000516983
0.00332175
0.00000563975
-0.0000726070
0.000513962
-0.0758103
0.645649
0.00000586393
-0.0000492610
-83.2768
-616.221
0.00000341466
-0.000000353082
-0.000000570393
-573.919
-0.00000116915000
0.00026390
12.9663
0.741089
0.000000656363
-0.0000798910
2.40375
0.870573
-36.9123
0.0870220
0.0006186500
607940
1.83970
-490587
0.000283658
0.016545
161269
79723.5
0.0430881
330.234
-0.000000391601
-0.00037258
75867.9
0.59950
5953.53
-31.2188
0.00955701
5.03877
35303.4
-0.000000044877
-4.51191
0.00403073
2.03998
6.67797
0.0000008804710
0.0000485021
-0.616674
-3.54354
0.736263
0.0000595890
0.00000067217
7.43370
-3563.13
5.49027
0.000000475879
-491728
22712.7
-0.00835770
98815.1
-5805.69
64022.1
0.00832972
0.0880577
-783.848
0.000236090
170.610
5310.14
0.0000079753500
0.00000076449000
-489.97
0.000000402992
-0.35846
9.46000
0.00343810
-0.000706405
-0.00000984019
-0.00000003351
0.0000393079
0.0000523215
-1216.64
0.00177371
-1.70926
132.607
6.45696
24120.9
406566.0
75711.9
0.0000794202
0.00055334400
561.700
440606
-6336.1
0.000403468
0.0000435958
-697.722
64.6936
0.0568642
0.00000628734
21.5280
0.00450461
-0.00000735636
8186.96
0.000370728
9292.1
1273.11
9.14879
-0.0890161
0.0243584
0.00000519065
0.008910
0.255567
0.000000252584
68.865600
0.00000516479
0.0879564
863.5
0.00016605900
0.00746822
0.335908
-8.65983
0.0713533
0.0000777690
0.312167
0.00000639693
-0.0000700524
0.224644
6.0466
-0.000000871520
-0.182292
-24.6946
0.00000937146
0.57840000
0.0000607055
-6.85270
0.00000409380
0.0000875498
245747
0.72824300
-54477.2
-59778
-0.000612283
0.00000018799
0.0095710
0.000000241580
7.626680
257.316
62.7807
0.000714929
1.36254
-0.0000301066
6363.58
36.6618000
0.00134369
0.00081332000
0.0941755
6752.2
0.00000679524
0.0563234
82.0811
0.00045546
0.000652589
0.00499165
0.00000238514
9072.92
-511.512
9782.60
-0.0708891
852.062
0.00586093
-0.0000812376
0.554230
456137
-0.00157304
-4687.98
0.232173
534.919
0.848864
-0.047353200
0.00000551171
0.000076641000
0.00536395
-425161
-6935.05
0.0000635699
93.8635
0.322217
-0.00000712642
-0.629299
65658.0
-507.917
5.2465
788736
0.029254
0.00000847760
0.650209
45943.0
0.000000170149
3373.58
-0.000107720
0.00124108
0.00437180
0.00000530995
870.32
0.000000286745
-0.0942108
0.00833694
0.00000356437
0.000000569656
-2.60082000
0.00000891876
856.354
0.0000240161
222251
0.000000351737
0.0003992560
7.189490
353314
-8023.89
0.00000360754
-29.7369
-4.71774
0.000380176
9.7475
-56938.1
22.9684
40485.0
4.0634500
0.000128620
652452
-291.432
56433.9
0.0887428
-1.30295
0.00079888300
-18940.1
0.00000866895
-0.0000568873
0.000000926613
0.00934033
0.0000750746
0.00000350975
11.3863
9537.75
49.15450
-0.0000678947
30.1049
-2710.23
-498051
0.0293714
0.000645587
-0.00000530254
406.11
0.000000938005
0.951480
0.000988006
67.7193
-0.495326
371206
29646.6
0.00758705
0.16680
1938.3
0.00847340
-64.3010
-41.5437
0.00000759208
414.94
0.00000502559
-0.315133
66.8045
0.0780997
0.00162491
334598
24102
666.1
1842.25
0.0000587415
0.00000533437
0.000714061
16.7203
-8.8290
5.782250
0.000000998042
4.48367
-44.8199
0.00807533
-0.0059483000
-72964.6
-0.000053449
-0.0000994015
0.00000864992
-0.732294
0.0000456419
779.900
990.148
0.000667771
-0.084668
-0.000000666970
66440.7
0.00000235370
7519.37
8.00562
-0.00275750
-611119
0.000243270
954.637
-0.000000913641
0.0083467
0.000000461719
0.467851
49.9250
-2.38959
0.0348351
0.838496
0.00000307112
0.056609
946.365
0.0975433
19.4111
163.641
35.719
-932127
0.00000611846
-69820.3
48342
0.00000956736
-700.337
0.000000976922
-450.892
0.0091959
0.0000083882
0.0416496
0.00000304515
805950
51366.4
-0.0735136
0.00000919519
73961.7
15.6050
48933.9
-0.00313664
-0.00891395
9503.97
0.00000849401
59829.8
55.5525
0.282768
254.809
0.000854919
0.840085
0.0000244346
-0.00282880
490265
2.4018
0.00000037699
0.0003944090
839.881
-13.4107
-0.00000166191
0.0000741715
4209.85
0.00000220905
86.9265
0.000000923650
97.8911
-0.0883458
0.0000266750
0.196304
-5.15859
-3797.52
-7157.34
-182310.000
82.7486
0.00000425481
-0.000350370
-0.0997376
3900.36
0.0000892791
-0.0988396
-3104.54
0.00000879724
-0.00361521
0.0575859
673.396
0.983149
0.00017949
52.9550
938.503
0.00000958891
0.242698
-677.186
887195
69548.0
73253.4
0.00000483666
0.995640
94371.2
814524
29.0200
5978.66
0.00999377
-1570.14
-6.31273
-66458.3
-0.0000923106
0.3027910
-6727.92
9.66511
71310.2
0.000000474199
3.56176
40138.4
-0.00000091481600
0.016594
93719.8
-8.06500
0.000322135
-0.000042125
0.000033602
0.000000618895
-97225.5
0.000245573
0.0660343
0.00000006657
0.000950563
0.00000804206
0.000000852813
0.000497757
2324.47
0.000682925
0.000000299210
-41217.5
0.00000821222
81320.2
-0.001956
344.480
7.76473000
477360
0.000000552774
0.488171
-0.000000361297
5.4370
3458.820
0.316803
0.0973938
1436.43
-0.000006497090
-0.12104
-0.000000324228
-0.000000620623
0.000017615
0.00635364
-0.00880378
481.245
0.0623086
344.057
956.18
0.000000040953
0.58734
-4.38053
6.14191
-0.000000920296
481240.00
0.0000559567000
-57781
0.0000016302
-0.93160
0.000000233518
0.000000119905
-0.00000887550
0.00960550
0.000857596
-0.000357436
-616497
-0.08890
837.245
8842.98
0.00316271
-0.0000978373
0.000000777184
2.79048
3897.730
69132.7
-1.14874
0.00000729568
136.188
0.000351249
0.0065160200
0.000000987846
5442.86
0.256206000
0.0104483
66103.2
0.250738
0.000000676315
0.0427362
590084
5451.43
0.400500
0.00000244006
985014
0.00189370
0.0990629
0.0633531
13667.2
645404
7.97876
80885.0
0.000000518927
0.0813821
0.00000736652
0.000995061
-76426.4
0.0245095
0.0923805000
934004
-414133.000
-3.74897
-2.76316
-0.000764434
0.00362873
95.783500
-960315
0.00267979
0.486452
0.0000545368
0.04197210
-0.584550
64488.8
-0.0000055351
0.000000659037
-6.95352
-0.00827726
-6.19867
-45612.4
23.2070
0.00000596003
0.000000148879000
-0.0152130
4264.34
0.58537
0.0000686993
0.000000862170
0.0260436
882.445
0.000000111022
0.0574350
5.95738
0.00000748156
0.000000562836
-40.6574
47991.30
0.000576348
-0.00000830908
0.671768
47209.5
0.00000758853
9194.68
656.493
0.000000734635
-0.00387463
46302.1
0.00147668
74606.9
-8063.82
-0.0014304200
91305.9
62.7203
0.000549855
0.000000211272
-8805.29
0.463353
0.000729613
2.1031
5.7001
6.91062
62.0385
-0.00402614
0.0000600637
-0.0000586100
0.00000251708
0.0500392000
0.00000288325
-0.00000883836
-679926
2430.55
-85856.2
0.878717000
35.812
0.000000366029
0.0040229
9478.85
332.444
-0.00649588
-9915.89
0.00000498307000
-0.00000240088
922.94
5.06506000
0.000325240
0.000340347
0.0000176776
16159.200
406518
0.465321
0.317126
8.50309
-0.00000596311
0.00000523469
8902.07
2209.83
0.000044469300
-199.334
0.00725928
8948.4
0.000000373043
0.0778812
0.00677069
0.000000384934
-0.0868424
-6.51903
31476.1
55.52260
-0.826191
-9182.800
0.00019728
435.852
0.0131763
0.0042337
-38.6838
3879.42
0.00000923573
0.0000727944
-0.00122209
-0.000712520
-19.42650
851878
71.3307000
136.556
-0.000018999
575999.00
952.144
6068.36000
-1.75329
1.53352
16902.3
0.0030013
0.039270200
4.91715
-0.0000978635
0.0000613071
7.18881
-20574.9
0.0000867784
-0.00887954
0.0000179356
-127.373
0.00231480
0.0648846
0.0000912304
23570.8
291921
0.592868
0.00000947299
200645
0.0000640093
0.00727796
-0.000438676
789831.0
52.4260
0.00000282678
-7.16438
0.444591
0.000000027059
-0.00275780
0.00008197380
932940
0.0000880318
0.00000796360
0.00686646
73.942300
0.000526957
8.49443
-15732.8
-91512.2
-0.39163100
0.0425582
0.00384165
97.9260
49545.7
-0.00000157630
9769.79
0.000000278448
0.000000240995
0.573314
5249.99
-781646
59.8806
0.000370337
392854
0.00250619
-0.000000651867
-2.68019
4374.8
0.08550540
-744.136
3662.16
-9.93602
34956.1
-0.572061
-0.000031421
0.000000048459
9.54924
0.000000811970
5463.63
0.000000324228
-1.22390
0.00086766
0.764824
-0.0000309704
0.00005673850
-0.000800289
-0.000000528749
661851
-858.302
0.0045965100
0.0672018
-0.938693
-221276
-0.00189523
-0.474876
14.152
64.950400
47239
-85283.6
0.0517940
3.77608000
21738.1
0.00817210
-0.000000828176
-0.00000112191
0.0542305000
48245.9
0.00426704
0.0000791952
-226053
0.00000049683400
203.844
667730.000
0.0000703698
0.0153799
-0.000000741566
-0.079306
6240.93
0.000509646
-0.0000221195
0.13194
0.000000558668
-0.000003327670
0.00404635
657962
0.0000007835300
0.000637292
-0.00682059
3990.1
0.000000708784
2933.53
4639.33
0.0210035000
0.00000175921
0.664764
-0.000902683
0.00000678777
96927.0
0.0000883757
0.0228043
0.000981
-0.0001419620
6614.1
8931.93
-3448.81
7.08652
-0.00000226862
0.000000102161
81.3507
0.00000137511
0.00635299
877762
-279563
330328.000
-0.00000002235
2.31530
747618
-0.00000739683
-89.634
5647.73000
3457.46
-0.0645070
1.24107
8.53444
816170
0.000000197188
-703413
-0.962115
-0.000520763
0.00000393653
0.000941664
-0.000961297
0.0000802107
0.00000110126
15.0161
-0.00759498
57879.5
0.00000364292
0.000000058115
0.000003202
0.00000009108
-516588
0.00000861579
53.559
4.22816
96176.8
5.03318
-0.000162651
404.445
29.2781
0.00739818
0.0985964
0.00001053
23354.0
-6.71828
-0.00000153850
14.48190
3233.78
66.9983
373.617
723872
1.79658
0.000485783
0.00051441
0.00000895337
35.2077
0.000731527
0.747946
-0.290602
2261.37
37.4478
0.00434231
0.788478
0.00000143422
95.907
7.288
-0.000000769818
359.416
0.00000111852
0.00107058
0.00000067775
-655277
0.000615373
0.0000953046
0.568576
42753
0.00000848684
0.0000026175700
-0.0000006828570
341.10900
0.931236
-0.00922517
0.0581403
0.000000254968
0.00834513
0.253879
-0.000652799
-0.000470741
808355
0.000033219
2776.00
0.0000232730
0.0027377
-0.0000446169
-818.444
-2662.12
-9931.62
0.00000335641
0.0139529
-0.000000620321
0.00785097
50.6675
0.858303
-418.321
-0.00000382164
2.61692
552405.00
0.412244
0.0000236611
0.00520646
0.594813
0.00000992523
0.000420540
0.0924389
0.913524
0.0720321
0.0000161794
0.0745219
1157.2400
0.000000279824
-0.214353
-0.00449105
0.64826
-27448
0.83923100
-99430.3
-24.6043
42264.0
4703.92
0.0000250203
0.336993
8692.29
-325605
0.000000037947
-0.000285435
-0.039694700
350.48
-73.9505
7.46379
4.3799800
-0.0000726516000
3.67266
9.20838
0.000326951
0.000955505
-0.0956425
798609
0.0000641519
-0.000643697
-3341.35
87574
40895.0
-44989.2
-86187.4
423.291
0.000641277
0.000000742731
426.96
71.1705
84952.5
8037.98
-693.519
0.00000092230
0.0888508
-0.000157689
0.00000765309
0.0000097612
0.00000055946
0.00531371
627538
70.4401
0.568252
0.00933646
0.0741239
-9985.67
-0.00047996
0.0687703
0.0000588849
-0.00036137
0.00000515048
-0.00668804
0.0000297874
0.0827041000
0.00662108
71172.6
-0.000000285613
17615.0
0.00000858859
6969.17
-0.599803
-121.390
0.0000390930
796490
0.764196
-0.000000639298
-0.00174507
98001.4
0.865024
322.330
0.0000721879
7.74961
0.182234
0.0000058640
-337.910000
8291.5
0.000000514480
788208
-0.00189271
0.00162090
-0.159722
-8194.83
0.0894609
0.000000089026
38475.6
5.01886
281591
7.23773000
-5461.91
0.7870530
-0.000000775063
0.00728758
-820.776
75.1627
0.0000804079
-4306.15
0.000800579
-730247
0.0159209
0.000000048067
0.000352316
57946
0.0000562019
0.000796500
0.0007301670
-0.00000191378
-0.0006567090
99.87360
0.0000068790
-0.0175556
0.953151
414986
0.0423262
0.0898529
142356
0.00933315
896931
79757.0
0.000000738305
19.1423
-74964.4
0.000000398575
-0.0093790
0.000098440
-708.760
-1.23483
75.2482
52.49
-905119
7.28778
0.00000573044
-7108.09
0.000914294
-0.627437
56077.4
0.976379
898.485
343.200
0.00000675112
0.000005588550
-165941
0.577086
-8.35123
0.0000890779
21112.9
-0.0000322413
-0.0000214188
-0.0747006
97588.7000
-0.000458124
-36272.1
0.0007293590
-2.0668
0.410396
635789
0.00635004
0.864659
-38212.2
0.000000104645
32.1458
8517.82
0.000392636
-0.000000437133
-0.00710136
9417.29
0.0119338
22.71630
0.0854554
79637.9
537597
0.00248630
49278.4
-6.08257
7617.88
9.2777
0.651747
0.0145175
57125.5000
0.00123429
434.770
-6277.54
0.0419616
5.6747
0.00572654
0.95941
2268.09
0.00000758603
0.000000617234
-1.67220
947.858
0.00000579894
-0.00000270251
687.047
-5.66967
0.000058030
0.201098
5.04498
-0.0655572
0.000000819551
0.000681701
0.000858065
1.00742
-6283.85
0.0456118
0.00000760746
0.000000169130
812.027
4758.52
6774.46
-0.00000480464
815.184
-61758.0
0.787664
0.719524
0.000429372
-0.0488465
48.3133
0.0000619548
0.0100282000
4941.91
0.00000033897400
-9.75089
-0.00000379276
3.00027
-666940
808.155
31947.3
97098.7
5.71535
272.464
3335.43
0.0348094
0.0000086639
0.000013619000
0.000199799
-9873.8
27.0494
66.1259
709885
8.65143
0.0517876
32.1328
68.9416
715403
-0.00000750363
0.0989026
409943
673738
0.789999000
760068
0.000000695288
0.00449299
-8877.97
0.00488586
25295.7
0.256158
0.00000158546
0.000103323
26.680
0.00000561147
0.401015
0.000000679686
-87.6245
611255
9.7768
8636.36
0.000000560639000
8.83738
-0.000169781
-0.00088589400
0.0000646845
0.0000101902
0.0000486858
440.524
0.0031751
0.000562308
76596.3
508.075
15.5073
0.00000551261000
0.288689
69.2214
0.089127
6093.38
-0.00000678847
0.00551553
0.775159
0.000481597
0.0408982
-0.00808986
570.44
0.00000304152
12631.7
249.914
0.999260
75422.6
0.000531999
0.0519726
690260
-7604.97
18834
0.0000349722
-89732.4
491.680
-38.5029
8.69354
95357.7
0.00000638660
-93.7458
-0.00959759
0.000767645
-3402.83
217.356
0.00000626875
9.42971
0.000000624847
137.460
5.27531
494404
-0.011341
52929.0
0.0402120
-0.0692864
0.0000219814
-0.00548724
59113.90
-1944
0.000471712
-0.00000728454
-0.0000057729
-0.0000201690
-0.000712648
0.00992862
-0.733194
14.0561
0.00000068207
560.828
14.0964
62071.2
-8.12659
0.0000268825
56936.4
908.23
-0.000215813
0.000000772801
13.2503
-64.658
0.000000904724
-4.77474
0.00511393
0.0000878356
216988
70350.8
0.0000896901
0.137000
71.4439
-0.000389814
-0.000273636
9.43261
0.0000901903
0.000000902547
13081.1
0.000000187346
0.0000005737610
0.000000757826
-0.000523544
-0.000000782492
0.00000926355
-709.154
13143.8
0.00000446867
483.372
3.14351
842.786
7132.78
762.184
0.692042
0.000000506577
0.000353824
0.000565808
0.00000560184
-0.00000621511
0.00054487
-0.000145763
4.061580
620.362
-5071.59
-105066
-3067.40
-0.0995652
557261
-26.5156
0.0225422
337.326
0.000159368
-131044
254176
-53.5905
-77.2181
27486
-0.0000224422
-0.00000605208
5.20670
71.4051
-369971
86.54
-0.0920661
1.0710
-0.000491576
0.983078
-0.000000811010
-0.0000669060000
0.000000124627
0.000095344
6.53323
0.00534894
732.622
-0.000000728255
-16567
-0.000000096447
-599.470
0.0925544000
592542.00
-451567
89419.8
94504.6000
435.754
-0.769991
0.000000931068
265.3000
0.000401774
0.007567
4.01201
0.00000799319
813408
-663686
-0.000917320
0.0611321
90093.5
87034.0
-0.0709311
0.00000809866
5.17228
40.8700
43.5487
0.000000992269
-0.00041414800
74510.60
-387.15
0.000696742
602.309
-0.000000307546
0.000207990
0.0000945705
0.00000760464000
78.3996
0.00607406
79.2561
434560.00
9201.04
0.00545927
-0.000000014781
0.000000272066
9316.91
3.19979
-0.0000300725
0.00126487
0.00123051000
6.66776
0.00000055043
0.485219
65.3070
676.269
0.211233
0.000570222
0.00000815943
255672
26.2708
367036
71.8902
3.74739
0.00000469645
0.0000264892
93843.7
911.212
80488.6
0.624790
0.00249671
920.063
2.47866
1445.30
0.0000737523
0.0720306
5846.68
0.00146832
0.00000714005
0.00000786767
-0.0000714538
0.0000509858
-5.51490
0.00811105
-0.000000120604
0.0563801
-0.0360205
94.602
98.4910
996050
275.550000
-0.919520
-0.00817949
899.840
61.5098
-9971.20
-0.00085901500
0.000000209606
0.0587594
-0.423948
63.7341
7538.61
0.000000945303
5268.66
0.592968
343801
0.0138243
0.000000901376
22568.4
1486.41
71813.9
8244.32
-0.000000535169
3501.99
180.07
0.0000862949
425.060
0.00646584
0.449202
0.0000680955
0.000006499260
0.0000585507
629.425
-0.450203
0.0000952744
97696.000
-0.0456090
-0.633997
84.4696
-17690.2
0.0000673600
3.1422
2082.8
79977.5
0.000000982419
147738
58832.6
186.31200
-0.00000996666
0.00782376
0.044109600
0.0076866
0.0000728619
0.00227271
-0.0810990
-769.581
0.000439894
36852.1
6.7987100
-0.0195839
4.08535
-257.5160
0.752449
0.605635
64907.2
0.000320439
0.260541
7.1631
9081.66
0.0277496
-0.0955090
-0.00000053510
0.00000181466
-6.97751
-0.000000147633
-7168.84
0.0698978
198.970
0.0000722146
7.61384
-338.666
0.0000554009
-4.34004000
-0.000215784
0.094199
433.877
78.6120
5641.75
0.000250239
171656
0.0039281
-849.283
42.9873
-0.0000789088
0.629392
503.020
0.0000282506
-714.785
0.368415
0.00951280
2.88953
3930.53
0.00912627
0.00799476
-0.0799863
-20.3380
0.0650812
0.00095429300
-0.000000781880
916992
-0.000327651
807599
-0.000000907642
0.832154
28657.6
0.087860
0.00000955896
0.000000088602
0.0000028093
668658
0.025201000
-0.000000816712
0.00000765049
763227
0.0000447711
0.000000573643
9.01226
54.4387
0.849670
8218.59
-785050
-0.109940
0.115844
-29601.8
0.0000551168
0.0000380179
0.0000054127
3.62259
69236.0
0.00000178857
0.00000892993
1.01633
88678.8
0.00000875736
-0.00000610522
0.000000773295
0.0535207
0.09492670
31867.4
83394
-0.000473718
-8.83811
6.68950
-0.0000422850
-67465.3
0.00000087968
502937
-3.7801
-0.0307808
-0.000122564
0.707922
-0.00000221122
0.0522239
0.00000997268
-0.0025965
62.9806
-391252
-0.00351932
0.14788
-0.00000863775
0.20026
-0.00993306
0.166353
0.00000942418
96324.3
84468.2
0.000000510281
0.726459
53958.7000
449158
0.230294
2232.18
0.000000128532
-9922.24
-4.73814
0.000768468
944039
0.00000310225
298882
501058.000
117130
35.1689000
0.0786165
0.00340666
0.000708686
0.000561168
40802.2
521.445
71.9262
-20165.0
0.000222884
2.63457
951124
0.00829837
0.362709
0.00651208
679017.0
0.411708
-0.280799
0.308652
0.000943044
0.462935
0.109026
0.000000622756
0.000453053
0.00000702391
-40310.1
0.0000804318
-0.0000108887
0.000755751
75525.9
-0.0897226000
0.00589106
36548.3
0.0481359
-0.000000755879
849.242
0.000875772
22.2141
2655.00
0.00000141381
0.0000990313
-0.000232866
0.000054399
5.14126
45993.6
0.000000224193
7441.9
0.0000618683
-0.822512
613712
675999
-7292.54
6420.8
99320.5
-0.0000871132
0.000111207
14.7611
-0.00000554847
20821.2
-5760.85
0.0000586592
-0.00902643
7296.030
985700
684.06
0.00286345
0.00696191
-71582.1
0.00398650
0.000000546300
0.0000706599
91.5485
568150
0.149696
7438.33
50476.5
0.00000498897
9574.15
-7211.0600
0.00094855
4.96615
631974
2.2361
0.0000392180
5494.25
45.1226
0.00004679
6110.1
-43709.4
0.00000991031
55.1480
0.00052366900
7717.88
-0.000000697375
393024
0.000000023734000
0.736178
4.64553
0.0000487421
0.0000878884
8.87688
0.0936271
0.00254564
-158.432
5.878650
-116516
4147.79
-0.000423214
76.8469
-21.7757
0.0000809776
0.00000714932
0.00000489659
7.247660
0.0165554
36125.5
840.494
0.0431045
78.4255
0.00000304022
-0.00000514703
616.096
-0.000000401991
-0.062280
1196.34
0.0000505342
-0.00850982
261.80
0.0066535500
26718.3
90839.5
0.000738625
4111.42
0.00179856
0.0281121
0.0000678176
16.29570
94.4608
97.4835
399202
0.00295051
0.041554100
0.0422362
0.00000126618
0.000550719
-1942.38
8.0846
0.000505280
0.000510767
5.19811
2133.8
0.000021559900
54.6130
0.301331
820.340
0.0648617
-7.76699
-913.997
49980.5
0.0133605
-0.000902173
0.00508647
0.448608
0.00273185
-665820
0.00000697700
8.23469
0.0000620437
-865.144
9.48322
0.000730826
0.0000773302
0.00000557031
0.826942
-0.00000742555
0.00000134526
32677.2
0.00000295298
0.26020
4.57956
62.2135
0.00000543740
0.00357401
-0.0000036663
-0.000476686
0.000699036
7076.00
322.142
35771
-0.367196
0.003309450
504467.000
0.000989549
0.00121465
-4253.42
5720.48
-0.264060
-35695.2
457522
-725.422
395154
0.0821760
0.242779
-356.364
37873.8
0.00000061483
1.10747
-0.000672937
-0.00747952
866.404
0.0115633
2364.76
0.00385426
0.00115762
4.28202
1.14843
6669.95
-556.310
73898.6
0.0000657546
-0.0000667250
0.000000126281
0.000000321497
-881.119
124420
0.00007274590
-3081.37
-19.2855
0.00000046945
0.0744120
6.9486500
981.913
0.0000008203
65904
0.446263
6.36673
0.0870539
4303.87
0.00913865
1.7581
36790.8
233019.000
-0.0000577471
-531.10000
0.000000105362
7688.320
1200.43
5.17164
69.288
0.000358131
-913.00
-0.0666335
389139
-0.0000732230
0.94105
0.166226
69.151
0.000510178
7841.3400
8389.2300
0.00000053362
0.0000361495
-0.0647714
-200.086
0.00000921284
431352
0.00000237090
0.000000257933
-28648.0
0.240663
27.1247000
736461
0.432248
954.709
46800.0
0.00816873
-0.000099600400
965.498
82191.9
1701.64
-0.0000797297
-4.60989
40.1838
79.462
4901.01
0.0836958
4.81850
0.000430429
0.00000096752800
0.000000293480
0.0581097
0.000000107808
0.562651
54.6436
0.00526940
0.0704481
0.0000053954
0.00508321
0.0000797563
0.000101623
0.0000527554000
-5.87247
0.000806770
834465
-723.06500
-396400
0.411677
0.0590243
0.000000826719000
0.0000695146
0.00000446865
0.556904000
50.9406
0.00000436019
-5157.73
309.836
0.69162400
0.903900
25852.6
-0.000534136
0.000000695519
0.000000846209
77421.4
0.026220
-720818.0
566.021
-0.000492838
-618.049
0.0564970
37083.8
0.00225116
0.0000088069
-0.000654224
-0.00829478
7240.3
474784
0.233544
4220.80
54.4013
2466.19
0.33929
0.000987695
0.436286
447.75
0.00108893
-67.524
0.0784927
0.0000330151
0.000000356865
0.00000478444
0.000966596
622.62000
86.200
-0.0000832868
-0.00000621071
0.00000619669
-0.868696
-615.842
0.00159517
2.37781
7.97967
0.00841391
5867.1
-76303.3
0.489619
0.0000058828
0.00887958
7.87270
5578.80
607.478
0.00428599
0.00670268
0.000000758617
0.00515572
6649.66
-0.00000276809
-8.029480
896.801
0.598455
-0.000088340
-59809.4
10.4464
0.0989565
0.973727
0.0000209085
1736.08
541180
-0.0918094
0.000007495160
0.793461
38.0929
0.00155193
-1.39390
0.00419730
387.673
0.00000497953
12309.1
-0.00000195208
422640
0.954421
42560
-69743.8
8528.51
790260
0.000000473528
911623
-60.7615
0.0000248683
4661.78
0.000000655945
986.700
0.00211206
5559
-0.000000924505
0.000000275141
-6.2518
0.00000178973
553.898
0.0042265200
2938.3
0.00278114
8278.60
0.000000218861
0.0000163535000
0.000750968
234.27000
0.0020792
-0.000000371625
79629.40
0.131503
0.00753701
-0.000776218
0.000000436960
-186.289
57174.5
-0.0000037240
-7972.71
-0.064523
-0.00000743996
92638.2
0.000572729
5.45681
-0.00000149686
6.85511
0.00000964845
-883.744
0.00000912090
-61275
543718
8858.99
0.000769452
0.000000792454
1681.66
-69771.0
7803.64
-0.00000332137
0.000775936
-2225.42
413502
0.000239986
608.440
-0.000007074390
13603.7
12826.7
97.8528
0.0000570276
0.701744
28776.6
0.00000751359
-0.0000414767
-0.1411
0.0000541710
-0.000000355619
998.471
0.0000854711
0.00231504
0.000000147679
8705.36
-36571.6
0.0602871
0.040153
0.000000748927
0.00000279704
0.000000825430
-765.084
0.122667
0.0000773759
-4.02163
0.00000040060800
-514803
6.66359
-877310
572740
0.932053000
34835.1
305636
0.248393
0.276252
425414
0.0000361629
0.000073851
495399
531.086
-0.0846015
0.0251603
0.00025856
1.65446
20.7010
0.228512
27.8506
511.202
48641.1
0.00000184011
63.1111
1.26980
0.00728447
0.00108810
-738230.0
-0.000000429043
51027.6
0.0000018032
-0.00000066390
0.0000230056
-114.883
7117.74
-0.0000657626
-1.29714
0.000827267
-0.000000230600
420609
0.000000557042
-55938.7
0.00000566342
0.00000037913
-0.000012788
0.000000282354
0.0000992943000
-2332.41
0.0571153
0.000000852185000
0.00000574624000
0.000141792
-73735.3
0.0039839
215560
643.845
0.0962178
0.0000794882
0.00000759597
72837.2
398441
0.000000841227000
0.0857609
0.000185110
0.0000051421
5.86957
2084.02
0.00000362625000
0.348132
-7284.57
67255
0.00000653150
-6.97062
-5626.50
0.000000317029
0.000901655
0.8269
901292
9.23056000
74394.0
2525.13
-0.000770841
55.9756
811676
4.14330
0.0000342713
-4.076160
99.347
0.000000792779
-0.0559018
1528.06
0.000025244
0.000000092233
377.640
-0.000563487
0.0913064
-0.000514071
0.00000019396
0.0308291
0.000157424
-0.00367156
-0.000397258
0.000000978320
18819.4
0.000000465281
8944.21
-0.0000709813
-0.000000746461
811.535
605436
39.7865
0.5227000
4.65391
0.737175
96164.7
0.00000944521
9.66593
0.00000967899
0.0000007979850
27998.6
0.00000009823000
786.629
0.000000392747
-49.8350
-82858.7
0.00000937470
9.94202
0.000497845
71.4485
0.0486913
0.0489631
37656.0
0.0000487310
-0.0000543182
-0.0000226682
0.0072717
0.468404
-0.0370108
-68745.5
0.0000790164
800.506
963.321
-0.0000001651
-0.0782166
-0.097895000
0.000662371
0.053530000
0.00183225
0.000762228
-0.0000143231
0.00434410
441815
0.00508561
0.0000378629
0.000000609642
-409154
-0.0000386028000
0.532075
83.7447
97.8180
9714.33
-0.000742796
-45118.0
8193.09
5.963
0.000941578
810847
0.0239893
0.0000766198
6609.98
9550.47
0.00711062
0.0000539597
-0.000365387
-0.00519130
79072.300
-0.75253
-989275
0.00000430982
-878355.000
-4621.50
-421518
513.734
359127
-234744
665173
511042
0.361500
519.78900
95818.5
-0.000000613272
0.00004530
0.00000926154
0.00962661000
0.000997333
80.9090
-336.60700
47.9231
5183.18
-35483.5
5662.98
81.8779
594830
0.000972984
0.000000220763
2.57143
0.000692214
0.000299498000
-3.24755
0.0000035961
101.617
0.00000662419
0.0246101
47.904
-0.000000593565
-0.000001205560
69596.2
26960.7
117.229
-9809.89
92.3073
1251.27
0.0000558259
3840.77
0.00000160680
-0.0077551
-0.000000819372
0.00264491
525361
9.54402
0.00000661057
0.00000825145
0.000007626620
-785466
6162.71
0.000000625009000
0.00175043
-79.7141
0.0688680
0.0000856698
3.3512100
0.000549085
664.104
269307
42330.5
911.908
-81420.6
-0.000000354879
0.00844479
0.0797512
551131
0.00000034344
0.000127372
-0.000000660587
0.931585
-0.000963888
88576
8803.1
0.969782
0.0006419840
169.063
820.362
0.0000410607
0.000000889609
8067.92
-0.30880
-0.0000492061
530669
0.076251
472.483
0.952160
0.871524
0.879756
960753
0.00313932
0.000642495
0.323832
-0.000981815
0.0000213997
35.9407
-0.0045969900
167.504
5.75626
8502.9
550714
-0.000000585336
0.0000966967
-60.9054
0.0000910252
0.000000128227
-0.0000492390
-0.000000888112
-97.2568
-0.0000567861
0.00000979107
-3.6659
-909135
504.021
0.000171189
-67.4723
0.000633585
-6881.78
62.4181
0.000233275
-0.0000113980
72911.0
2001.40
-0.1567610
42002.3
9.33606
-0.714228
-0.0000000796
0.045535
-20965.6
0.3226850
5927.16
-0.395110
0.0492464
-226.651
-7341.14
931196
14.9018
3067.52
0.0894029
-270380
0.000000167730
4370.00
0.00000932259
0.00000064489
0.000000641048
7698.86
12619.1
0.000000991040
0.000450086
4.21861
848421
0.00000582253
-6705.06
-0.236774
-7089.22
0.00318610
7175.56
0.00000833534
-0.0000479276
-0.3666380
-0.8886860
54583.4
0.00000355158
0.00177778
0.383711
0.000000693965
36.8670
0.0000009817120
-821186.00
-99.59190
-0.000000102639
0.000000580076
0.000550051
9.42138
72536.3
89625.2
86.1219
-4408.94000
0.000000953020
0.139095
9.49847
0.214671
10527.8
-0.0213996
59.2603
0.00000144379
0.000000034977
1115.21
755.823
30745.8
0.0000225401
0.000945859
9611.17
0.000717510
5.8372200
0.530809
103.312
-0.0000083979
0.00000741165
0.00000021158000
-6464.56
-188.764
667667
0.0000704695
0.000517291
1.285580
0.000000954394
0.00457247
0.000000394582
905.334
0.0605536
0.027104
-0.000000920908
0.000199548
0.000103768
-0.000000769524
0.659354
0.000000235901
-0.00568946
0.000048662
0.0000009489
0.0000082569
-0.0000973752
514.606
0.000665879
787688
0.000704953
-0.0000080381000
0.00372659
0.000000566023
46.0495
0.00798406
0.534838
1.25936
61744.9
0.000132797
820.936000
0.00884468
0.00947840
0.0000035773
0.000866905
693.865
278854
0.000159916
0.0000709814
0.000000820234
0.0979348
93.546
55648.6000
-0.000000491570
584510
0.00000528714
0.00364774
0.000343159
-8197.96
-721812
0.459173
0.0099583100
7312.74
0.380722
71.4954
770173
-0.000000713984
0.000872273
0.00744627
0.372176
276.997
735.655
0.418509
-0.0000900912
-61.9770
131.105
4.08598
2191.42
473478
692310
-0.0000232052
0.0000333117
25.4888
691045
0.00000860442
10651.4
0.000000241876
34.076
4.53352
0.000000689697
-543264
981.286
470.893
174.821
-27662.9000
0.00050363
49796.6
0.113289
0.00000089950
-0.3505960
350.010
0.523415
165.748
0.00000913143
0.000634970
-6.82755
0.0000686446
-0.000077031800
551.208
-0.05405750
0.248774
6504.6
7884.780
0.203458
548501
89957.100
1849.60
-0.0491974
0.112582
405453
6.65888
0.858317
0.000504491
92.9906
-199.805
0.0773957
0.000325456
67336.2
0.00958207
-9.31137
0.0001782
0.000683839
0.00434696
-0.0000955983
546.214
0.00000342952
8432.73
-0.00498979
0.000000029893
57319.7
0.11280
718463
0.0000556649
0.000000914406
0.000000947262
-998106
0.0815287
-0.00868813
0.0000007824630
-2235.16
-811363
0.00000858535
0.240421
-7745.09
9785.41
851.442
77612.1
2840.10
-0.00764417
0.00353913
29157.9
6768.23
0.000847268
49625.6
7.60705
91969.5
86.6700
0.00000260284
85605.5
0.000525668
-443440
0.000000034035
1534.4
0.0000198890
0.0000890058
0.166733
681.364
0.00943503000
0.00025479
19407.5
-0.000618680
2246.42
-0.00000396782
-1.12918000
0.000391301
66.7047
9.81781
92221.30
-0.00000002970
0.000965705
81105.2
3843.05
29.932
0.626544
83.4847
-0.000000368904
0.000053885
73.9453
0.000000389600
55773.8
0.892099
0.0000679957
-0.00000961849
640525
0.000726449
6.60918
3.83873
-872.437
0.00000487081
0.000941468
631.695
9949.70
-0.000649620
0.000936748
0.0000931962
0.0000005057810
-0.000815273
0.0280646
8.87081
-77.8503
-126178
-0.10814
0.000000529473
348.293
55.1389
-34.5131
5569.69
0.0212308
0.000053996600
0.0000160000
-0.0593406
0.00000409102
98252.1
0.00000992133
0.00863885
-44.8116
-656.703
3474.18
85.223
5.49272
-0.000311400
-0.00872394
0.725081
0.000000378117
9.90715
19.8240
0.000000437047
64123.5
0.410980
71.7403
0.648224
5117.44
-3068.87
0.000293407
-0.00000078824400
5.16485000
-0.000067497
0.00757745
111.932
-0.00000431767
3886.90
0.000095965
-0.404059
84.2893
0.000759156
0.00114472
-358140
369810
50.4281
129.20
48.1977
344.03
0.36774
8.08524
77500.8
0.000596247
-1550.6
27612.5
-0.00000221448
0.000000143220
8373.7
0.000000998645
-0.0000079695100
0.000205265
0.0964998
0.00000745942
1900.4000
-0.00885911
0.000306710
0.000005818070
32435
0.000000898573
0.00000692716
51.033
-41.3251
-0.00409484
411332
7307.97
0.00000193926
3588.47
-0.000926516
0.00000031538
-4.843
-857.795
0.00418452
-3980.49
0.000774910
0.0000593564
0.00000934440
-37191
0.0078185900
-2.42842
-9.91139
-0.920206
6348.01
0.000039985
-14264.7
0.828586
1.18578
0.000066050900
-0.00040213
0.00034860
86.5382
0.0783767
2906.38
735.833
10.55
1000.17
643.150
0.125181
37.4796
-0.00000713499
0.002410440
0.0991529
0.0000224739
0.0000702001
0.413186
31.0110
79701.8
-80.649
84970.30
-0.00000874041
0.0089971
0.321596
3.88361
0.000327588
104.909
-57.8719
838.229
0.190999
0.0107299
336339
871.774
0.00707133
-44826
73502.900
48.8943
-484290
0.0504890
0.000092179
773041
0.0576808
0.000988470
0.0968429
17.3677
-35801.2
-0.010930
834707
-0.000171358
0.214770
5.51523
0.86428
0.0100393
0.000000972426
-209.212
0.00858160
6.41667
85.4420
0.0170449
-0.000357203
0.00057506000
1565.64
0.000841110
-0.0069060
0.0000024002
0.0000027522
224108
913.525
-3.60222
0.0000497175
514.997
209.670
0.067515
62.9657
0.0182435
0.00000896946
-0.00000829507
64139.0
-0.129744
0.0000840033
0.00000871080
0.000000599820
277963
0.0303423
50966.900
0.000000916311
-2521.64
0.0701102
30.2684
8.71282
-0.000744522
-0.000000681697
-0.00000249965
0.00000721886
330342
0.000731382
0.929331
-7.37925
0.00322651
22.3362
83729.5
821.422
0.0597224
-0.0000853692
73512.8
252295
-0.0799974
4247.2
-0.00310587
-6.99249
-0.0000864166
0.000000450225
70998.5
0.0000226476
66.4399
3.10463
3.76838
-0.00000432273
-0.00000217597
0.00005351180
0.00000526129
0.00245105
0.173241
282.628
0.00000019981700
37020.6
7.54450
-0.0000456398
-6372.60
7.26938
-0.0000283058
0.810534
0.00213704
0.00000840468
-0.0518304
-68723.1
411080.0
4.53893
38687.8
405.586
795994
0.000289394
-0.00390592
5.37637
229175
0.00098538700
770217
0.747793
0.000781017
528736
0.0591537
0.000661993
6.20472
0.611514
3635.92
0.0000584852
0.00692898
-289918
0.00000802238
-596471.000
609.261
563798
-0.0000754801
294160
0.00000037580300
0.0000972168
58999.5
7450.43
5509.65
0.00891793
0.00232461
-945317
-6437.7600
80857.9
3.67314
0.00183273000
151072
0.0542049
0.00814571
7569.53
2056.12
0.000022439
8.17700000
-0.0000291068
0.000419908
0.0412014
70.9591
0.0954377
0.00000987682
0.00625156
-0.203771
-0.360300
0.0000363171
0.0493159
0.000000280564
0.0000960330
-0.000000821923
0.000000009164
66539.9
59912.3
-6.66336
-0.0000409659
0.0000344147
3357.87
9.29512
11.34000
-81051
0.00000298821
56236.3
0.000585262
0.629429
28478.7
0.00000387915
78.5529
51.7958
-0.000308079
0.0000069317900
2808.88
-306714
-1.19784
0.000169221
6701.88
0.0380613
7391.32000
0.000000045609
0.00000097758
-0.86676
0.0000434718
8.04681
-0.000000180147
0.00918010
0.0891753
4428.42
0.679238
260.123
-85552.5
0.000000094705
189007
954573
-0.000927212
3285.45
-47924.3
-97.3158
-996070
-0.0000611070
0.0000221196
-0.00343050
392.798
-0.000000884746
0.000000472469
-0.000197026
81.3325
334530
44.3778000
5550.5
0.000002817100
-7949.57
8108.1
0.00000436936
0.000435832
0.0000590189
9.37063
0.00786706
0.0193088
-0.00000048812
0.00000245799
0.0000683124
-0.0000868920
0.0000667009
0.000178301
0.0000881095
0.00773126
-0.632852
0.0086599
16.6957000
647.9890
1561.01
-0.000000820644
895.052
59152.0
-4722.21
5.31659
396.90
0.000286627
0.000996150
-8175.84000
9011.07
0.605774
-357706
591.495
0.0552193
0.00557333
0.000000705194
0.0000862421
0.00000058961
0.000000152542
935317.00
0.00674714
0.0228647
3737.30
-0.000000548221
0.00000169676
436214
0.0866989
86393.6
5863.03
-0.000000327918
0.000463973
5.127840
0.0156294
956.362
0.000002024900
0.790479
0.00000781511
465.693
-0.1011850
-9401.67
0.371883
60.5738
-0.000027982400
-0.0293105
0.00438158
72.1965
-671.582
-0.000000965545
67.172
-0.0000028431
0.89797
-0.0000818532
0.0000000472
506998
0.239491
64.4815
146.483
0.00000464966
8.26780
38952.7
0.0000054873
-0.0787017
0.0315626
-4764.79
0.00687990
5617.67
-518.239
26238.3
0.000454775
0.00000875883
-0.00000618365
-31.5509
236596
0.00423716
0.0000163370
166802
3.79074
-0.00000828465
4391.23
-0.00000375099
0.436388
259831
89.9051
0.000064420
-0.000422811
23.05110
0.0327464
0.0000785851
0.00656837
0.000753417
765793
3.35695
-0.0785926
20.1668
0.0000511158
0.000816238
-951.868
337574
61420
-0.000000280618
1.51586
-0.000000827318
7.80477
0.000000784087
-7.73371
5377.09
-0.00000412098
0.00000361558
-0.000000786719
0.000710811
3.28977
0.000000428914
-0.051032200
-0.0000000742320
5.1176
0.968185
20.9478
0.00000391995
-0.0000782319
0.000000430189
-0.00952430
17.088
8879.75
-3624.75
-0.000649709
-92.272
1.37210
670.73
634775
7041.27
0.00000421558
9420.83
1196.73
0.000149784
0.000000174987
-0.0000815866
0.000077531
0.000000722716
443814
-0.0000822690
55699.6
0.0000508393
0.466169
0.0164379
-0.0000625073
364552
-0.228150
0.955473
903977
0.0000326903
0.00006389
142.022
0.00000142340
5256.27
0.811029
3.65710
-0.259800
0.00000703725
929.803
-525.42
-459135
0.05957190
0.000000555331
-140286.000
-5438.49
460.134
0.000679285
8.55038
-9.94240
0.000098359900
1267.72
0.000000890895
-0.0943364
6.9705
0.782092
0.00771067
7.07595
-0.188859
0.000000272590
-0.0143347
0.000018450
750.132
990037
-20129.8
0.000000253914
0.000000258290
0.931068
360104
0.0952052
0.0388991
0.000000526114
0.0002583210
0.000450719
57678.000
-0.00000235079000
0.0100692
0.000014255700
32331.9
-0.981484
-0.000306576
0.0000595340
89.9992000
65.1768
551163
4.53496
0.00000601412
-0.000340170
504.545
-0.00000281916
76410.8
1674.40
-31151.4
0.00720714
0.534203
-0.000972893
0.000932947
93.6490
-46278.3
280.204
-80834.4000
87506
972.322
-0.00000062111
889.791
-0.000288860
56152.5
376.094
0.0329127
0.0918316
-0.0677936
0.349523
-77497.9
-0.00008714190
0.00000959923
-819793
0.00000731250
718338
1.92599
0.00642408
-0.0000033987
0.00018479700
0.0652840
97667.90
0.000691252
-0.00935898
0.009314250
77.29200
0.05154200
64383.8
0.000000354231
-8094.62
5904.63
0.000000764269
767208.00
80.8647
6171.02
8295.89
1936.80
0.208502
-1849.61
-0.00372881
9.52537
-0.00000165534
-0.0647466
-31061.8
274871
9.000
0.00918243
0.000000476668
9.85207
-0.0000583357
8132.71000
-80.3206
0.000000772919
-0.000000388488
-1385.77
-788097
8527.71
-3412.30
840.117
0.00000929131
-0.337858
0.000379055
0.0852532
2.17787
106660
84.5650
0.302366
-0.00000481067
-0.571694
0.0000209686
-3781.99
1767.06
-0.0425486
-871.162
86553.0
65266.3
3.14033
0.000027763
-0.613521
23.9805
3326.91
-7.59985
50341.8
-0.00807239
0.253523
-0.0000156296
0.00000883621
641086
41.85
4626.66
58392.6
-15315.5
0.0000329635
499640
-0.0932529
61763.9
597070
-0.0680215
94.2182
12.2859
0.00000384566
0.172905
6.46032
446.483
4.97578
0.533178
75.5465
-0.0000990653
614.654
0.000537267
-0.00000020532
89.1713
0.0000450649
9704.36
-48045.2
34.152
303.082
9714.44
-0.588174
0.00682422
382998
-176971
0.000024780
0.769349
762567
8894.03
30382.000
0.623111000
-0.000000492950
-3.95730
41.9266
0.000000560565
0.00870052
-0.000823155
-942215
7119
0.0000559545
3217.11
0.0690161
0.000000172141
0.186791
0.285064
0.0000440621
0.00000140672
-177460
8581.10
17.3924
7.79324
60436.0
-0.05033850
674.455
-0.000402986
0.00502880
66.3945
-1701.40
713613.00
8.55026
18992.80
0.00560802
-0.00984911
905702
7.0422
-4.37963
-0.00391705
95823.2
323827
8.78566
829.14
-9.17764
0.0260343
1061.8
23861.80
26.7880
0.00000830348
-75443.2
74093.9
-0.00142236
-69113.3
98009.2
42.1437
0.0000525003
2.2145
-311563
0.0000502167
0.0000041328600
0.0000065601
0.000558658
0.000721592
0.00000750816
-864450
0.0000136504
0.0000065316900
0.000000595741
-985577
0.0000807329
-0.0876247
-8.44476
0.0000260546
0.00000279126
0.000565923
0.394173
-0.00311783
82.399
0.039810
-74.1671
0.32096
0.000671969
0.888443
95951.1
0.000278891
0.0698631
8207.39
0.000000792871
99.4358
0.00942704
0.00000848663
-0.0000054936
-9176.950
6.7153
0.000763176
647085
-6.68204
0.00000632805
0.00122957
-6518.92
93.824
-0.000000165097
0.00056137800
-0.620420
-0.0034908
0.00000434003
0.000000726168
0.00985994
54214.8
0.00000408559
7.30974
0.079107
-8575.50
91.646
393780
26784.1
-0.571605
-0.035146600
-0.00000965908
515245
517371
11223.2
8362.54
419.855
89.8003
0.00515600
-0.00080068
0.624091
2325.65
0.00000390276
50.1028
74.2882
9.14238
795.960
-0.00107812
21.0301
0.000000213276
0.347300
0.611668
0.000950329
-0.0000424446
-0.00000365917
0.0412278
0.000000187317
0.158771
59910.7
-52395.8000
0.000913343
103.46
0.00039288000
0.00997852
0.0416818
5.86592
5.74808
0.00482887000
804708
-0.182158
0.0000768729
0.00000314587
0.000040782
-50.1311
8341.03
8.10437
0.000976747
0.0000512156
-8.42994
0.000109409
0.0338304
0.0000269839
-0.00437084
-0.279453000
0.310739
0.000000841226
6688.63
-0.555246
90098.0
1027.29
818.283
0.000258499
-0.000000369923
61.8761
223.31
3143.62000
629683
506.469000
182.008
4.43863
-950.149
0.000994899
0.0802637
1455.97
2.74708
0.0000323084
-0.0000146622
0.000000349040
-0.510095
-299959
0.0390143
-0.0164896
-782.68
6.14661
-0.0000727114
-0.000915505
9.30369
0.0000577028
0.0790691
0.013259
0.0000821767
-0.000005735400
0.000246725000
-213486
-3.81907
0.00000028504300
72416.4
0.000000168158
0.000000866056
0.00000090969100
77880.800
185174
281129
3239.00
98786.5
0.000000227221
501.178
0.0000428341
0.0000551028
379561
-396.188
777.424
119.727
-0.00000709219
0.0000905413
3154.56
-0.546235
17766.8
0.0000810354
43390.3
3.53217
0.000000998325
14760.6
0.000000276351
-0.000000736409
0.00000778182
0.00000373704
37.422
6.45277
0.132040
-25.8857
-1.35533
-0.00297066
0.00000414982
0.552511
308528
0.00799685
0.773916
0.00427678
-0.65993
-0.153629
-0.0089286
0.00262254
0.00159003
4967.650
0.0000896378
-0.000000329256
76.1234
-0.004380940
-0.000182469
3401.0
0.760254
27.003800
-160088
0.000000292890
0.000551778
0.891859
105.481000
0.267173
8.38601
801.225
68.7453
831454
480720
5263.65
0.000920056
-0.467435
0.000000367294
-178559
7118.35
603394
-0.90677
0.0807390
561.703000
0.0502110
0.0000914079
0.00277621
-0.0008139
9106.05
-129.934
-0.0441458
-7659.97
0.000000903518
0.000596919
193678
593.21100
-0.000475039
-907961
57.6168
47.8337
0.0619365
0.0000154768
1357.31000
-0.0000030974
0.00670301
0.000038372
-0.0000325766
94680.5
334158.0
8.9526
27.8415
0.669735
0.0452680
-922.999
2709.7400
0.000739744
5.13789
156.50
-0.000000690854
0.575505
-0.000652059
0.00000768376
4408.75
99880.9
-0.000586526
0.0000802923
0.000897154
-8.73439
0.000000099254
-0.00015510
0.00198692
8.87741
78511.9
-3.82266
0.000000761530
6.30999
62967.2
77844.9
0.00000330865
0.000252880
0.000207543
0.0000527777
-0.467137000
0.000000830265
-440.552
3.82649
0.236324000
0.0000434180
55.2317
0.0000694217
0.00127844
0.000000306001
5.22871
278.793
0.034815500
0.0000190467
8525.10
0.00341076
44.2505000
806.00
-0.00000972468
0.00529186
594674
-0.00120002
-66610.6
186.296
0.0037320
-0.893936
990.335
0.00000337487
6684.92
30.0289
-3689.35
0.0088261500
579610
0.000000809506
231970.00
2746.20
0.00854355
22706.0
-0.00000383735
0.0972637
0.0288884
40.9911
-9.49640
282332
35.1812
0.0927425
62400.8
60519.5
-3901.35
-33.8469
-0.00832699
-0.00000595307
431.784
-0.00496537
0.000083776
-0.02621010
0.000000255947
0.0000215061
0.0000017527
8.18737
0.0432327
50249.4
-5886.85
0.00411374
79.7258
0.000219608
-0.000057243900
25684.5
390.459
-5.48998
-809928
18971.600
-0.000172022
0.000019231
98479.3
-0.000000447079
0.000681003
0.000553203
7427.12
0.612809
2618.08
8.89235
-7.2818
-217.229
61928.400
-0.0951904
6070.65
3.72007000
8485.83
-0.748840
0.0496932
0.0482140
7.07688
80.5960
0.0493753000
9578
81.2734
0.00000646703
0.0000813061
384.694000
0.0000864363
0.00000587981000
-83926.7
0.00839308
0.0000746014
0.000000876518
35.6041
0.000000959885
0.916891
7542.6
32507.2
73.2166
44917.9
0.234893
-0.983266
525.91
-0.00655683
477719.000
7.90715000
-0.0000053503
0.000000316273
-0.0000057962300
-369.281
-5.2655
0.258169
62.6618
413.665
-0.00079644
-858.585
-9000.34
0.00000275149
0.000000141763
0.0945987
0.00019959
0.00992468
47.706
0.0000958901
0.000000597970
-75479
91604.0
0.00789659
-947.824
-23.3199
-813.359
0.000493093
0.000000799461
5740.15
9.01500
7521.97
2.3214100
84.548
0.0195117
0.000000867790
0.000000141762
58976.6
26890.2000
0.0000539252
0.0000008045
0.650127
0.000000775756
0.00140504
9.50930
0.000000677373
-5955.3100
-81.92600
0.00000039286300
0.000000809877
-0.00000795611
0.0000054486
0.942524
0.0288662
3004.97
0.548373
0.00879400
4685.06
45872.9
9.52966
0.000038947
425769
0.000953296
0.075669400
-0.00040042
0.00000254781
0.00000505988
-0.0000309318
6096.35
36.823700
0.00779557
5.82486
0.00000555755
4350.02
0.000915709
0.00829063
4202.22
-3.76284
959.174
-0.00000811596
0.00000955691
0.0000519590
0.0035700
-38179.7
-0.000861583
-710.392
80513.2
-7.72262
-0.000589989
0.00232632
5508.3400
979825
0.0803538
36203.6
0.00807149
96404.6
-0.0574040
-0.00000438175
-0.000000826246
0.00781434
0.0694801
65046.0
419.755
-796.52
0.00742697
0.00000562002
8.94386
5690.26
-99.6233
0.000023743
-0.00698927
0.000000686321
-1822.4
0.00090955
697.035
0.0000148749
0.0000433632
-0.578080
531.066
1007.47
0.0000764702
138.242
0.0435960
10.3898
0.00001034
0.007827
-322920.0
-0.0000334196
0.00000234741
-249.037
0.0753064
0.0092427
-0.174605
956490
-5401.40
0.00000205895
0.0000566575
0.349690
-0.000000735935
0.0000010099
510.480
0.00000428110
97.2962
-0.0000560421
0.0550803
0.0000792551
0.00704964
4007.28
-6431.46
99170.4
53035.7
0.0000473336
-7199.67
994327
164743
0.00000510497
-7401.63
0.000000407768
0.0000146992
-49.91760
-21542.6
3.10884000
0.000615268
519068
67838.6
154956.0
7171.34
-340352.00
0.00033101
484600
9340.91
-0.00727604
-28.6934
-22.0085
817105.00
0.0000635625
-0.0204686
0.0846176
9.86309
4.23526
0.009488000
4.32472
465.357
-550680
888.29800
-0.00529205
-0.911409000
0.0000150694
0.04048
0.00000536409
0.00000011512
0.0095658
-0.000000866476
686.712
0.919
0.000007258
0.000647975
0.00000065494900
-0.370734
9.65769
94.9411
0.00000333918
4.29638
0.906934
0.000636340
-0.000000389649
-680319
-1.55656
636678
-4.40974
0.000000922081
0.0162339
27145.0
0.743439
-81.6269
0.00620223
-86.8209
411.782
-7.57414
754.871
-7.8655000
3.77907
0.473364
-0.0480003
-604.805000
-0.0000910600
1.37592
308.841
-0.562766
195653
0.0275152
59.5398
0.000000080412
0.0754656
0.0000939978
-924.612
478.10
-0.000160586000
0.00370385
43390
0.00000401163
-3.12467
4.45143
0.0050111
0.142762
527803
0.000000534752
-43165.3
-6025.61
0.00951489
-211.203
0.000000467081
-0.000000960513
0.0000486937
-0.000755665
-8.84429
693726
-0.0525773
0.00863330
5988.06
0.00027531
0.0000039918
0.0000552031
0.0000968992
0.000597808
0.000474564
0.0000714791
4721.35
0.0597600
75.6684
0.0007252
-0.000048039
0.000000085511
0.0000736949
0.00883127
-0.00000360292
4815.05
0.000692490
-2911.42
0.00418446
-78.054
0.000000212257
74.4733000
198.49
-0.000040119
0.00184080
-0.0000512671
75132.2
-8.59748
0.000000373362
0.0000835980
0.00529648
743069
4.17643
188.06
571017
0.0123154
0.0152355
0.593052
0.00000142576
0.200623
-1.4432
0.0565937
-55.748200
95.0562
6592.87
0.758895
0.0234092
838651
47.2268
0.000000561188
-302.1000
0.00328135
0.0489904
0.702491
-0.00000209110
675.695
0.00986936
-9955.02
337.214
0.00976603
0.588498
665126.00
0.000000588528
147.776
-75.5506
506156
0.000968859000
0.0798601
-0.000117847
0.00000593388
0.120444
0.000000380573
0.000000081427
72379.5
0.00789717
0.0000434312
-0.000027968
0.000000598619
1574.44000
0.0966403
0.006799990
9650.90
0.0954322
0.0709227
903260
863.782
-0.00025939
0.000544517
-892935
0.000358734
-0.0803664
9.01357
5938.11
0.0764218
-49.4263
42491.2
0.0000788443
-8022.26
0.000000366855
12.92
0.37597
888.670000
5221.93
0.0604871
0.000000364493
0.00000161661
-6.4117
645754
0.00000815149
-0.0000197011
-0.000000897481
0.125401
-0.00653723
3164.13
0.000000958228
-0.00688379
0.00362763
0.080430
0.5740510
0.0000026864
0.00345187
0.000000430696
626075
-0.0850694
0.0000989082
0.00000012699
-0.00000866650
951396
22.0892
-0.00621645
4.25470
192487
600542
0.0412429
0.0000609143
65.3187
-91228.8
9530.14
0.108404
0.000000074165
-16.9651
0.000651842
-0.60095
0.000693980
-573985
-72483.3
58.2141000
3.24406
8.55002
-3.92491
-69.2330
-0.000885130
-821760
0.0613870
-78.3933
-2008.28
111927
-553.652
23761.0
-53.2720
852479
-0.00000722212
0.00000013613000
8316.9
0.00566135
0.0000670836
0.05376060
5.85906
-0.692541
0.00000298190
-0.000288514
0.000000873799
0.000000880476
5.7016
30417.7
-56.2629
-0.00500782
0.0001150930
0.000197105
0.00436429
974016
0.0456986
0.000000256535
0.00000101202
0.000000823041
0.0000759064
72.5171
0.679635
0.0000261040
0.000279419
0.0000575921
-0.019839
0.0935967
-0.0034594
-19964.4
-0.000508626
-57912.9
-0.00000540518
0.000000395258
-0.604593
36174
0.00000074440
0.0000576060
-38967.1
66.2486
0.000000244522000
366998
260.121
91062.3
0.000000832393
-851467
0.00000784227
1007.63
63298.9
51.7614
0.000143633
0.0188274
7909.52
796.583
-0.00000326264
-0.00000941722
-822717
0.00000258320
-0.0806075
0.00000499824
0.000000271823
0.066297
27.4509
646752
0.795177
52.95510
2036.64
0.00000265577
0.00000531627
0.00000128083
0.000005276000
0.00000138234
-0.000000916294
-389920
0.000000236932
0.0000774820
0.0736584
7.91839
-0.000000503364
0.226368
490191
6.43328
0.53643
40.241
0.000000538554
495.905
0.000000190707
0.00776868
0.048429
41.9848
0.000850690
-0.000000288780
6545.35
682.292
188620
0.00000076490
3.76996
0.000565207
0.00000821018
0.000954549
65.9851000
455362
9.04082
-0.000486253
-0.000000561487
87.3655
6656.36
4.02460
-0.00220777
0.000000214654
198634
-0.0412878
0.000088618
0.00000894435
7884.54
-7.04465
-616.265
0.0000123969
-0.00902264
0.0000181012
-0.000000020809
0.00206155
-0.0000214258
0.000008372
0.000263678
0.000000493003
-70170.3
713897
27.3880
0.000047743
-641368
-0.000000655359
0.000826606
31391.0
-0.399736
3019.42
0.00616312
0.0757671
-0.000548525
0.000339247
0.0000237911000
0.000000850087
0.0967307
0.0210174
0.00000094815
0.0000381756
0.0349514
0.0010084
668.246
4475.57
2.20246
-0.00225447
509.687
-0.378330
743.012
0.0225732
0.665677
-88.0172
-72759.1
308.267
0.00099917800
92.7564
31455.40
0.0499988
0.000493210
8.84052
0.00000902392
896692
-7.1156500
130641
0.00000609720
0.259126
22250.000
158978
0.0000009170260
-0.000000828978
6087.69
-6193.57
504970
0.20093200
-577.501
-0.000471416
0.00072316
94801
-1.31937
-4.21083
8.459120
-0.00391154
66.1857
0.259030
0.000000531818
0.0001432720
310.210
0.000000828323
2.48577
813413
-50018.8
0.00000223149
921.158
0.000000532920
6576.10
0.000050706900
5151
-21139.8
989.92
-0.000486051
0.080038
0.0000671520
0.00000086852
2.56732
-373.178
-0.000086637
29888.2
0.00087401
4.86014
6.61469000
0.00000620760
-587.264
0.0000288809
645764
-87893.0
0.0425920
0.000290950
8635.09
0.713775
-472.316
-0.0000053335
0.231256
7.48872
0.85466000
0.000000250839
-40983
-881857
0.00453568000
0.000670199
0.0000056209
0.0000106688
-6921.49
8.50240
0.000815536
54160
-0.00008785790
0.00000097994
0.5251850
0.00000344457
17.0897
-0.000205412
118.106
0.734868
0.000178250
18.441
-0.924077
-65541.1
0.0000387243
-22.9713
0.759904
0.0716928
0.0592973
84.5221
-42777.50
2.48363
0.000596171
5.32178
0.243240
0.000000761613
9.93020
1834.85
-553.685
83261.3
754027
5258.53
0.280183
46337.7
-9759.170
0.00000113119
-0.0358223
5.09923000
-0.0000041631
4.15308
0.0000455275
2.5416
6.61327
8.49093
613.854
-0.000000493235
0.000000671309
0.000572477
-0.0635459
91.4443000
-0.00000133501
-1249.7900
0.00737078
0.66652
9.0893
-1697.82
0.000000728195
0.0497597
-73.9484
0.00000847672
-6714.30
-811024
71.1238
600.762
32660.6000
821.238
393.411000
238880.00
0.0000002802360
7.37190
0.000000743426
198095
-8126.08
443983
0.000000322260
65433.1
14335.8
0.01822310
661.991
-96383.9
-0.0000528691
-7.43374
-0.000595242
859914
1.61858
0.0000018160
0.308041
15394.2
0.00000186414
95.1272
-454.806
-0.000000083059
-0.116670
0.000000341101
0.00373270
0.000924296
104792
7896.40
0.0000437497
-0.039346000
0.0000065120400
0.00644893
0.00168007
0.231945
0.0000607168
5018.03
-0.296761
-0.000068873
0.000031056
0.00000987556
0.00000508747
10791.9
0.0000678698
0.00000973873
-226280
8671.82
6319.13
47.955
0.000000961066000
-0.139212
2360.77
0.0000008217470
-1.6993100
-0.00000304672000
-0.000828893
0.0472709
0.000678852
0.681382
166.952
474067
0.477420
78.4499000
1933
-0.0681876
0.000000393395
-0.006871390
650.461
889980
0.000538264
3.46786
0.0565637
561710
718.159
-2.24551
0.00000139736
0.000000723359
-0.00000327410
-50.2473
0.0000471415
0.000000297290
771.086
0.00000021369
126.265000
0.000906277
0.254999
7685.67
0.000892025
-0.727344
0.00345562
9.72393
8619.0
0.000080069
7.11654
0.0740174
584669
0.00335322
0.000118596
256653
-0.0960330
0.03200070
-0.000315939
-1.88502
0.000372932
-4940.98
-2.37298
560.3700
0.00588500
-3540.95
62.4759
-38.1962
0.0000008818
12067.6
0.000000731189000
76.5327
492843
-0.0000213701
0.00000715666
-0.00634014
0.0484689
-1727.76
944.28
-0.0000879022
499.220
-40.8996
0.601343
-27160.9
336010
6.04117
-0.0124194
0.307435
0.00000484615
-0.000000669795
0.0000371226
-775457
-915.770
-0.317308
0.0070374
40987
-0.00478046
-0.0000174975
217.108
0.00000810399
4571.0
-44555.0
-87069.9
376154
0.00416213
3749.88
0.00293702
807.576
-69485.7
-8.90441
0.205162
-0.000801824
0.00000058118
0.00000781281
8.51067
30.5164
0.00812882
0.2344200
0.0000863290
0.0000245834
-3121.59
-0.000000757662
0.000000750449
0.000000818326
0.682108
21397
-0.0000815601
0.000001473860
2828.34
892861
0.000278260
0.0676220
0.0776251
0.000306584
-0.000462840
-0.38702
5.35313
693210
0.000000849359
0.000459436
41549.9
0.00000750977
922945
8.04955
25379.8
125316
0.0000875076
0.000981873000
0.0228459
-0.000000114582
-27.2637
0.0837863
39.9205
-72.8421
0.589843
-2.23683
0.0848071
0.000977742
-1167.36
-0.0000361087
0.000000948975
0.963322
12363.3
0.00922337
0.944470
6091.19
0.000000128887
0.139260
-0.369442
-631.28400
-0.000000979449
24569.1
4.23327
0.00000606536
-0.000491742
6.56088
0.0471400
3204.77
97578
9.75038
797.956
407536
-508708.00
-0.00000513429
4.60688
156024
0.00006804640
-0.0000689691
-281.196
261.7
433.427
347.438
-0.000000572601
0.0000887169
67.4942000
16264.5
2.35950
3383.19
-359140.00
-1980.61
0.00000048965000
265.776
4.30737
2292.0800
1623.95
-153134
-0.286688
0.888213
2548.94
-0.000534350
82.2652
-297350
0.0159131
-0.881019
327.402
-0.0000007478020
0.0086409
-0.0000767874
-365298
49.665
0.124780
-58.7201
0.0936543
0.000000067819
705967
0.00000880676
40.5086
-8355.05
0.794867
69692
0.271450
0.0000521933
447.15
9.89924
6373.3
331990
6677.49
0.0510472
0.057703
71.906
0.00486706
-0.0998929
-0.00509368
15.14
0.0640301
3858.47
7970.70
2.74368
0.000255275
-76.1124
55737
19362.2
-0.0000761830
-19481.8
440070
0.0501531
0.0222552
-8564.75
0.00000178006
0.0576924
781.397
-2.36947
712069
527.042
0.0486707
0.909547
-984.871
96.0347
300501
0.0521074000
-0.851419
23.6400
620.038
0.672323
0.000000232350
0.00000656499
-187592
0.0248046
0.5537380
9.53725
68.6183
0.000468656
0.000399204000
500988
7292.410
-32.3103
0.00183998
0.00810670
0.00708152
98.4276
0.00849719
0.251138
0.95851
0.326164
0.482228
-0.536133
0.00710907
-0.0023414
0.0546766
-0.000000598217
0.433009
0.0000048754400
0.0000557111
0.780951
0.00790390
0.0733715000
-31.2637
-0.0000704672
-0.499485
104.24400
85.5799
0.00000501357
6.47622
-56500
-1.17063
-0.0000317334
-0.000475495
0.078075
0.0000020000600
0.00471550
110017
-0.000000178834
0.00000997467
0.00192938
92.2920
0.000000491498
34097.6
-0.00000732021000
-0.00292701
0.0868923
97688.2
0.00111726
0.704308
-0.00000525043
0.000698889
-0.00000515545
63016.2
0.843464
0.713741
642.495
0.000358322
0.000000808725
0.0890540
394.102
0.000673331
5603.39
38.6636
0.000000464145
0.00759270
0.00121100
0.000000758041
9.70981
809052
0.000000076903
0.00000151208
5887.98
0.319132
0.000469380
0.00000940078
-0.0002124550
-69044.3
26649.9
0.00000124871
-79.5024
441.799
-0.548501
0.00320762
0.000069113
0.000319101
0.00000795129000
0.000262541
0.00301701
0.0000707526
0.00000188565
-59364.600
41.7637
0.00000382509
5.5305
-7473.18000
0.0640273
0.0000951543
6975.72
0.000000222626
0.0525228
64648.6
20180.3
123055
0.0110222
0.00462471
802797
738822.00
0.00088017
0.195026
-79.7189
-0.0000251748
164.139
-70791.3
-6.41070
0.00000284363
962.293000
2.137800
1752.12
3865.04
47516.5
68.4809
66105.5
0.000482860
-0.000000747649
4.01038
0.00000116573
0.583680
2.09534
626211
0.000556647
0.00975187
0.175887
56.5870
-737110
3082.11
221.9
-0.0000612264
693.114
-256221
7.42715
956.715
10.1611
1.05580
0.261408
551084
-373.960
-0.0000716963
401.809
0.000383323
0.000000167361
-5493.44
0.00160712
0.000000826948
3782.81
0.0721608
-77593
45325.7
39.1291000
1929.27
220542
-904.410
440.358
0.00000782689
-0.00280959
57057.0
2361.21
0.000035077000
0.000899175
-0.0549744
0.788326
-1075.84
0.000000795225
0.374380
4.62194
-6236.57
15.8799
0.000000589603
5.24731
0.831985
7.5137000
863.682
820.927
-4.77964
0.00000435746
0.000000853875
2.23716
160.916
0.000994204
0.000841976
-940.237
0.0422268
0.0344320
0.0000770926
0.000356560000
-0.00000687278
0.148463
566.7
-0.000075847
13.4912
362.515
0.186565
0.0000379368
-938581
0.00627490
0.00000559169
44.7587
0.000000799616
-0.501022
-0.00032558000
0.0000036757
5199.52
0.000290318
-0.00009384880
85.0135
0.221719
0.000000761811
0.00000300137
-347.090
5.05844
81829.700
0.0839883
-55426.3
27.6431
0.000000710479
0.0000316228
0.00000739302
-1285.94
0.000002016
4008.6
366.132
0.00000019354
-0.00369173
-0.0000660814
66.1028
65.8671
-1785.8
174415.0
10526.0
0.00104218
0.00297567
37311.7
-96.3940
0.0000847491
0.0000612667
58.7161
0.0722492
-105.351
0.00615850
-0.0000534248
-97115.2
-828622
-7708.79
0.0000474486
0.00044918
12649.10
2.48951
0.0000829804
-71.1642
3972.04
9.54655
552.192
0.00000345952
3.65837
84.4471
-65.474900
206157.0
8.13794
3995.740
0.00000397759
42.3321
-2.06683
0.00004429200
0.0000206386
0.00419483
0.000919452
0.000683814
0.0000307331
-0.000636178
0.000442618
0.483558
0.912044
0.000003598150
85.8786
-485.909
0.0499716
0.000231389
-0.0002357740
-78782.2
111.808
4.07590
4591.33
-25.52250
2.46825
37636.9
0.00000380782
-0.00146730
1.52255
7908.45
78.02
-0.0229978
-0.00000122995
911.101
0.0000178504
445289
59036.1
0.000268749
0.00757613
98577.8
-0.00000442684
4.1190
0.00000041461
9086.65
659.195
0.0763462
3.91962
-384.283
9506.68
0.0976242
3147.88
0.0419523
0.000000224792
4.74738
0.000044214
-0.0711012
-90032.1
-8.87005
-0.000000059246
82329.9
0.080803
97948.7
0.00000496493
40.0145
0.0564741
-923.296
7.5822
0.000057391
0.000400540
3314.1100
0.000033237
164867.000
-0.0000385559
0.000000725576
2223.53
-525.27
0.0000141579
0.0457011
0.307960
80049.90
0.311979
-82.9610
774.742
0.000728992
-64.2318
0.000000852915
0.00419225
-0.0175102
519.368
0.000641928
0.0127743
7933.26
0.00252951
0.0212569
47.1879
-31564.6
0.000000389182
3.27612
0.000000868222
0.000515157
-873.825
5258.97
0.0489499
0.0000528389
-0.0000359356000
0.130707
0.6379060
2421.9600
0.752979
0.0234327
4518.52
0.00352161
4346.85
-0.0000652976
0.00000683770
0.000000518028
0.000000304548
0.64023
4.63647
-442.104
6.71102
-0.838351
-0.00000009722100
0.0000605155
0.000467263
0.00000804547000
0.0000828415
-1113.74
-92.075
175240
7.05897
168.3080
0.233438
0.00000676322
58296.0
0.00000635827
31.5467
909539
-0.00676410
0.000418288
0.861343
-697064
71333.2
0.00721883
0.000152110
3.95603
-9123.32
14454.2
66.1752
-0.0273376
8.19608
875.257
-0.00699936
801.913
0.00000331502
9518.76
0.000000012668
0.00000453722
722.414
-0.00000903516
0.000383794
0.0380765
6738.85
27003.1
239.200
131654.00
-3163.98
0.000247445
1425.36
-0.0382856
54652.4
0.782477
18.8699
-0.00664737000
8.79587
22.9166
0.0075888
0.00000042353
4671.01000
0.000000877339
8.46675
7.62866
0.0088716
-0.00000093173
4.92986
-67.0409
165.16
-0.966291
0.247101
49.7050
-571.920
0.00000338236
0.0040376
-0.00000745504
0.4375000
45934.1
993330
0.00000621760
434610
-0.000154827
0.000000406780
-23.0293
0.0000645372
3.081710
0.621814
-0.00454959
0.00000664666
0.00891971
0.0263475
-0.00956105
653.427
8.42678
636440
-71617.7
0.000000696580000
0.000000984692
0.0000652858
44371.5000
-0.00000041505
0.0375245000
0.0000906454
4977.5
0.000000232521
5998.29
0.00665558
0.00889655
0.009953300
31.3262
436058
-0.00000867440
5078.56
-0.0000464207
-0.00341089
0.000087423600
0.000000035250
-559.622
0.00000372928000
91696.9
958120
-15313.7
0.000491651
-19413.1
0.0000958638
0.0000721532
0.755207
6.45863
-0.001104120
0.00000031465
0.0427392000
7.80996
44.4834
0.0330747
397.460
0.0000404690
0.00000385243
0.00280500
0.000000593302
-25547.0
0.00000409862
0.0408742
-0.00000892475
1657.03000
0.441320
4598.1
62.0791
0.00000252867
0.000000174911
77579.9
76132.2
-758.104
-258403
0.000208138
96.3022
724653
0.000649262
0.00000440724
0.00000689794
0.000000460574
4.818470
0.0016153000
76248
171549
622226
0.0000854051
0.0543879000
0.000952659
10940.1
0.000000595747
3.3380000
-843835
0.000000383119
0.0000354118
908.541
0.545274
0.0332662
0.0000957360
-0.936183
0.501903
1.30944
0.0564912
0.00000662669
0.000000162941
-865970
-51.6989
1.22701
0.95416
25.5917
6.41942
0.0887681
50.5870
-8.4950
-141977
0.000000783149
0.0326906
0.0000658071
0.00000230774
8.01479
0.0000652297
264475
0.000000432257
-980.16000
-0.000037324
-0.0000502596
-0.574517
0.00000403810
803.631
0.0118767
-0.00000942385
0.0000032488
92.9047
-0.00332001
765305
993.403
0.0573309
-5.3543
-0.420808
0.000000926935
5805.08
9.16815
355.920
66250.7
-0.000000042221
611.305
-0.252682
0.00460733
-68745.600
0.000000486747
-18.3467
3621.22
0.00000878141
0.00000399571
0.000599839
-53330
22220
-0.00020182
210.498
3.08163
0.0000316487
41.569300
0.0000665620
400.050
0.0000652917
7697.85
0.000000203543
0.00427
-0.00000001278
0.0000426115
0.000000046649
0.0908152
8.78975000
0.00557430
-6.96495
0.000810901000
2410.19
0.0000143523
0.00000661324
7.37744
0.0925723
0.806812
9.56322
-8.14229
-0.0000359662
-994572
0.0000339443
-0.00762577
0.000000372518
-0.00000282314
0.0000945698
0.679513
0.287130
5.83483
9.12093
0.0000523326
0.000835101
0.869217
0.000715406
-49827.2
450.057
941.5200
0.73635
208765
0.0854336
0.0780056
-283.129
0.00055696
0.00000525694
0.000648765
-0.96112
8.3168
73.3665
0.000000387960
0.000000556521
0.0851558
355.880
71340.4
-4.7351700
0.0000944985
0.0768259
-230465
0.000790498
0.000147287
4.1041
-0.000000405675
2.70558
-0.584682
31415.7
0.0509668
0.0412223
0.000431823
0.00000990303
2219.00
80134.9
172867.000
-0.000712666
1.33126
0.009363500
226.2900
-0.000008584540
-957.627000
0.00784787
-0.00000696253
-0.000000730480
0.000104938
-1872.240
0.00000168742
0.000000608671
0.00293471
0.0000835796
0.00498982
-10.8856
-811774
68.8170
4296.22
91803.6
-0.0266098
-0.0383732
0.022457
0.000733241
7.86144
-657353
956.380
-49333.5
16251.0
0.00000003856100
78.2181
70216.300
0.0831074
-0.000044602
-0.586453
0.0772457
4083.44000
953.270
47.1106
-0.0000580926
43402.6
872.05
68893.5
0.38021400
84691.200
9.59117
0.193482
0.00693585
0.00000466428
806.839
55.1906
866121
316.88
-831.783
954228
-0.0825311
0.0000120876
475276
0.000000782412
-0.00914078
-0.00000889295
6995.4
789.880
0.00000483640
9211.90
0.0427533
-0.672446
0.316381
0.0010008200
0.000000914845
0.000000998415
4.27498
0.000081370
-6.45132000
0.0595685
95611.5
-0.694398000
-0.0000374289000
0.00154237
-792289
-0.00000153005
29.8265
800235
-2.15254
2588.32
-37566.3
-53130.7
915600
-0.000136121
0.000937884
0.658800
0.0768018000
3807.56
-0.00701404
0.0720303
6000.38000
-0.000286550
31.137
-0.0000010023
0.0512934
0.0000915685
-15.7156
3486.22
63.564700
58.2167
0.845221
0.000020936
-2.23685
0.000293786
0.000000478105
594.88
554949
0.000000754135
0.000000632805
0.000000036405
1.69450
0.0949965
-97289.7
638560
-0.577655
0.000000094033
5.85520
0.00000982199
5003.85
-0.0149013000
678.814
-0.000508274
0.000000039600
0.13528
-320.80
-0.000000660522
0.0000732263
-0.041987
192.100
0.000000920069
0.00794386
-0.0066559
0.0500412
0.0902213
18335.5
0.125895
-0.0000995268
-0.290048
-28756.9
235.358
0.00000188969
90578
-5791.11
-0.00000626039
0.0024660
7451.95
780514
0.000000410464
4.74707
0.486854
61.7059000
81149.8
0.00599978
-0.00000880357
0.000000673221
709022
0.00038121
0.000000510489
0.756173
848.135
866.251
0.00182118
0.000000933002
0.0000021670
0.0888109000
0.00000605815000
-0.0000960303
0.00000606023
52163.50
38.9343
716.766
0.000996730
386790
39375.0
94786.0
8683.41
-78496.5
-817.394
0.000000676742
0.00000167972
-29.2849
179.746
0.000367607
6.92423
897983
0.000035344
-111.43200
0.142244
66874.700
0.00000685318
-41415.6
0.0000121923
-0.000000599727
318668
-0.000388941
-326416
0.000000461072
0.000000631069
-0.270636
0.00096163100
0.000000189558
0.000608991
74.0147
425.34600
6.57553
62.9854
796.263
273.849
6.15922000
33.8881
-0.951188
1.41768
-0.000000969233
70.0711
-11.9523
66299.3
0.00464796
0.000000737189
17887.9
5.56234
-0.0339747
0.00379312
77250.2
6538.1700
504.988
-5057.09
-0.45625800
0.00000083942300
0.443640
2295.19
86404.0
0.157390
0.000000822050
0.000000272099
-1.09940
96340.3
0.00664346
-0.0333007
-0.000000757867
9594.2700
84.7172
5.73948
-0.000000734935
0.00000309686
0.0427563
0.0362806
873.711
1.37578
0.755345
0.083659
307.123
18462.200
0.000185871
-0.574040
9473.81
-0.000752562
0.00000904799
-0.000001254660
-17251.3
-0.0415894
0.00424569
502.63600
-0.00667984
0.415780
250978
0.704382
492.230
32.6712
5519.26
0.000000910078
0.0000135496
0.00973449
-0.0797394
64317.7
0.0608445
-0.0000180667
-0.0000839446
-1.50948
0.00000237154
0.00716915
0.000486059
-0.754602
-101.735
9.11910
0.00000643927
-0.00000221847
7.7267
0.00000979268
0.0931310
-433.284
9.0133
674023
50392
194.201
0.0000187791
497.910
-0.000697114
8.5536
450.827
0.006304360
-0.47103200
6.94360
0.0000007097860
6.79661
0.000597852
0.0000973456
-0.067537300
-0.0299001
-0.000718871
3.443980
7.39876
660.597
0.952067
-0.000057498200
-771.015
0.775436
897001
0.000927417
0.0571969
0.000000719964
-453007
0.0111190
19.674
0.000963617
0.0025856100
-399.344
6.33876
0.00000084944
43356.5
0.00489068
618130
573.157
6.01224
0.0715074
-916.404
0.00915249
0.000000595972
26.9754
0.539587
17671.2
0.696039
0.000946613
0.00931910
0.0000125864
4.76922
-0.000053764
0.662291
614.669
408977
-7093.38
0.00000853065
0.0014636
995439
941.502
386.040
25.2669
0.000000414648
2.40282
6.56439
408280
1.817370
0.0771078
744.14
9.91101000
34.9763
0.00742520
0.000003657020
0.000139128
-812573.00
241.108
-0.545212
0.000000331471
-860081.0
0.00523339
0.079783
98608.6
0.0000000405350
-42015.0
958830
36.3671
7957.03
0.20237
-0.111212
0.0000424948
97.2823000
-30073
0.690799
0.00956961
0.068433
870168
59.6015
0.0565494
65886.7
-0.678986
0.000029176
926965
96209.8
0.00000565992
977.866
-37.5601
0.000416204
465.818
5.98199
-0.213238
-0.00294868
0.000000024513
-0.00908754
-922.215
-703575
-115571
-0.000000470908
-392521.0
733624
0.000112395
0.0000743556
-5961.24
0.0000569588
-8180.91
817478
-0.762460
0.00000102901000
0.000680352
-0.000000346596
4040.08
0.00000383732
0.00000042140
77.5266
3313.69
0.000000722832
-0.000000181326
-0.0727932
-359.098
55.0769
33.3765
-5007.7
0.000317919
-0.2559050
0.7414310
75.4053
0.51557
188251
-285932
-1.77980
296.8200
-80144.7
-0.0000757128
0.0286652
0.000879822
0.00000353300
0.61149
-0.000000708225
4.51470
0.00374
54095.2
-0.10021
0.00657011
551.553
0.0000584566
4964.85
0.0592671
0.000000466156
-0.0000356712
0.0261788
0.00000142864000
0.00000803056
7059.67
0.00712909
0.077310
0.000000350076
0.294728
0.00000456586
0.0000814833
0.0243742
833.697
0.0000356905
0.00359481
-0.000000841546
0.00019478
177.047000
0.000640838
0.00035866
0.0378522
-0.000000201760
-0.0068025
0.000609621
21.2284
-38976.7
66.1298
9.84021000
9.31733
99.424
22884.4
0.000000221327
84166.100
0.0003968700
0.0997343
0.00000525398
0.00000353656
0.00548233
0.00075810800
-0.0000793848
960005
-444628
-0.000889890
0.00476478
-0.000000708814
0.000000261842
-0.0872757
0.000258610000
0.0364235
0.00754671
0.000000773300
0.00273816
57266.4
0.00072623
-0.423917
0.00000158631
-0.0000567258
0.00000091172800
-0.00342201
5501.9500
-0.052738
932.617
7.43949
-0.0000943054
0.00000368174
-9.12646
-0.0000291228
0.000055981
894191
35.0998
159222
7.18604
0.000462057
0.000016592
0.000000342307
5318.86
-535353
-0.138522
0.000000475252
0.00103968
0.0850845
976.645
439.483
371.04100
0.000000031511
-0.0166708
15.5620
934712
0.760209
3095.01
-0.0000129558000
5685.68
0.0954491
0.00865238
0.300551
2.129890
5595.0800
46507.50
-8437.43
163.980
134535
-0.0928715
0.00412339
0.000148190
-252.257
8055
0.9211280
-0.00466099
7.07055
0.284738
0.000000187632
-8.74884
0.506220
0.000000844336
742750.0
8612.25
0.0000806737
76755.4000
425.665
0.000865479
0.006316
4298.72
687203
0.000993187
-0.000000341369
22405.8
0.00752618
591.341
0.000000891809
42084.5
0.000897198
59485.3
0.15707
0.0891649
1.91252
-9.65559
0.00044826
25404.0
-0.00906487
69085.2
775173
0.414708
0.057002
0.00425225
2333.55
18689.9
-4866.000
0.00000800850
-8835.14
0.0000791644
0.190780
0.000343710
0.00235611
0.0537070
0.871038
0.00817003
-0.000045990
51347.50
-8.0969
3.04972
-0.000938849
44.6774
0.000000385378
0.000000996845
0.000000101073
-9.49244
4.72765
0.000200919
0.000569747
191.319
-0.0000818773
-36956.2
-0.000614202
0.00000110451
0.00000703023
9313.88
0.0000246838
0.393020
0.0000392109
0.000000220941
7581.42
0.000834622
437.524
810.023
925246
0.00000446398
0.00102165
7.89403
0.000323466
74.6674
738727.00
-571.117
0.00000398331
444879
5648.49
86108.2
-0.000179693
37899.6
0.00000007190000
-0.098103300
0.00924378
0.100115
61.1209
-0.0452389
0.508419000
6870.97
-0.000926510
-78910.9
0.000190395
0.00733213
68.0006
-513.082
0.107195
0.00867527
687.126
0.0000066819
45724.5
0.297234
0.000000462046
0.00551661
-145133
0.00026258
-7.38434
56.2512
0.00411015
-2922.92
0.436019
0.0139847
567.868
687966
-99740.9
27.50100
59.5351
3.23770
-955.203
0.975801
0.000321478
0.00000644439
-61.3224
6418.71
-0.0906324
-0.0000234270
170124
803004.0
-0.000000354743
-0.0073393
-7.64170
0.0000042720900
0.267981
1486.74
0.0177026
0.00482401
4.23697
0.0000420223
35.4010
1.31408
0.00000673696
8.22589
66.2720
87.7256
278745
0.000000572483
0.0000837374
0.000000697741
0.000000109419
0.000268868
-0.000000840760
-0.0000558947
-0.0508283
0.686079
-0.00887252
0.0000319852
0.000450345
0.0000994060
0.000000226309
0.000000138627
0.00020750
0.000229981
0.000340341
0.595669
8.03164
593.85000
4601.17
0.00000272241
-0.000000440057
23436
0.00570464
0.008453040
26464.6
0.0486540
0.0000019509
0.0000110307
-0.000000781006
0.0000626892
0.657688
53514.8
34.0072
0.00000650450
9.75695
719925
7294.07
-0.000788823
0.636051
0.00220803
0.00102007
3.94915
129.73800
0.012070100
0.00156058
4.4560
0.00543462
0.000000347335
81.72840
0.00495164
31.7719
0.000783258
-0.0070458
27.8724
-17624
0.00000093103
-0.0000106099
569.762
-0.00000064036
6.67176
0.0000038924500
0.71421600
-976.10000
20.7899
0.380378
0.00000394260
722774
-0.0000293761
0.000000858036
798776
0.0000860111
347.644
0.792507000
-49.0809
0.000000932518
-1469.65
-0.000000549321
0.0000090484
0.302517
0.0000634281
-607.763
-94.9704
808889.00
-897417
304.643
0.66441900
5336.57
512.979
914712
-0.0000842092
19.0759
72867.0
53.3943
0.00773930
-3.29322
0.00000789699
-0.69178
75.7002
-0.675171
99634.7
0.00000550255
0.0000584479
0.0504308
0.000212038
81990.4
0.557812
-30073.2
0.00000907313
64340.0
4.19056
8.13721
988.956
0.0000219090
-0.00625244
-0.0000277774
154738.000
0.00112183
0.000000686782
42.2741
0.000000456269
781870
0.09706
0.00000056004
-6.33507
-0.00000706064
4054
4.45118
-0.000925738
7407.1900
-0.000555677
0.00775476
682.376
0.0425230
9.23341
826787
0.0000438741
0.0000939240
-0.000281233
42.8387
-7393.28
47.3950
304656.000
0.000789347
0.354779
0.0735413
-0.000656454
0.0000403282
-85300.3
-0.0000643775
0.000000000423
785.105
732.54
0.000112475
0.0000598489
480.600
4863.70
7254.64
80.4322
6936.28
-0.00000566996
0.000487634
0.00189260
0.0000251389
-0.00035462
852790
0.0000665859
0.03085370
-0.000000511948
-122.563
0.0000018507600
0.000555958
-0.13852900
5848.63
-79.5573
-90499.4
-0.00175154
777.380
0.218407
968.915
-7631.34
-196278
0.484429
0.00487308
-27384.2
-0.000000038191
-0.105015
47055.1
0.000530692
1.76971
-411.725
0.0000922169000
0.000007922020
2.03568
-82050.00
0.00000428510
1530.47
8744.35
-17918.7
143.435
80959.8
0.140832
0.0094800
-0.00626385
8450.83000
0.356538
4811.12
0.000584871
-0.00622876
0.000000934123
9035.08
460.086
0.0518592
464294
1450.400
-987132
64.3351000
-0.041214300
-0.0000600923
-4.40210000
0.000993398
268354
45.7065
0.000215489
0.000267575
221840
-0.0000332977
3.74693
0.000000211428
0.000000668120
0.000000011580
0.0000967607
4.57714
5.11684
-0.000019067200
0.000000865780
-1.77344
-3595.9
93484.2000
7785.50
0.0000192995
9645.59
228512.000
307.342
8940.1
5812.14
-971.717
21.6024
-884527
255717
3.1955
0.0000459849
0.000000439739
48.4002
-1698.44
-10038.0
1.82104
52.0314
0.423936
56966.7
78699.5
896.565
7517.3800
0.631704
220420
0.000000066867
8956.03
87.4441
9.73701
-8921.05
0.0000125786
-0.52310
2621.41000
3039.95
13.5986
0.000905596
78.4968
-96140.1
-0.0000843261
0.000000576755
-0.000000457135
0.00429768
91584.8
89.375500
17567.5
1862.34
80219.5
866703
492.457
54.105
0.09710
1.11032000
648.973
0.000411143
7235.04
-0.000000476733
-0.34970
0.0000443292
0.14416
0.000087706
0.271609
0.0099102
3.349070
0.0000969706
0.00000768134
-0.0000146982
-0.000376303
-85400.3
0.00006031260
0.000000342255
-0.690373
643436
0.0537028
0.0118310
0.00846232
0.000937389
0.00324212
60524.1000
372.933
48.0650
0.643608
0.0000493927
99247
-952.269
0.000327027
233.11
0.000847538
0.0775989
0.000822621
-0.0000116012
-0.00000749736
0.00514728
337612.000
0.0953021
0.202975
4639.13
0.00000244125
0.00000545680
0.0000221498
0.0000336460
863071
-4833.34
964.473
0.000571290
675856
0.00000426066
0.000000870033
6.96557
0.000141798
0.00162788
0.477856
0.000203210
0.00045205200
5928.44
-0.168767
86.7359
9.75006
0.00184847000
-0.000000435678
-2.3064
369.819
454435
0.00991306
0.00000692839
-667643
0.0000133368
8605.92
0.0000211668
31197.9
96.1580
0.00000820911
4.43796
-12.746
0.00743690
4008.19
0.0000471569000
290572
28479
9606.19
0.00175778
0.723881
0.0127320
16.7491
313830
78.7222
0.000719255
0.00867381
0.0268239
62707.1
0.000755433
0.000000776988
0.00000906332
-501690
60.2352
7393.50
8724.17
176.649000
0.0000050977
-590.470
-93.5602
0.0354579
0.0000794761
0.000000972497
-43.0840
0.000000040457
-0.0000102117
-0.000490968
0.000745758
-0.0102985
0.0658766
-7.95293
-267.389
4.00310
33357.3
0.0979253
-0.128796
-0.000471429
-342.302
89.2106
-0.000218068
-67558.4
0.00000538633
0.00000347802
-63.1097
6899.1100
121761
8503.57
0.0000235072
-0.00416651
0.000000142084
0.000000681612
0.00000572866
92.7080
5.34508
4.16449
-0.0000115767
0.00179905
-0.342221
8.65333
0.00144615
0.0625476
0.82723
34.0633
-0.00472269
0.00030663
-7.32394
0.000152900
3833.66
0.00000821178
81.9211
0.00000835310
926740
85352.9
0.000585812
0.823302
-14362
0.000000407567
-0.0000568342
0.000000814765
0.0000687705
-671070.0
0.000000794949
188834
8.75985
-21.6247
3.86953
835.905
-0.000846407
-0.000000667332
0.0000562305
4.01626
8983.08
91.1814000
0.00004532900
-77972.6
0.00000604930
-0.0337541000
-0.0763899
0.000905584
932.415
36.8090
0.00002250220
0.00618059
317.325
-0.000000190836
721210
6862.16
0.00985186
9.78081
-2536.28
-0.0000558314
0.0000753976
-0.4080190
0.879156
0.0000886688
2.68200
0.0484437000
-8985.23
37.4633
5981.0800
0.000000908221
1971.45
113.863
0.000000928705
-0.000000253506
-0.000000034525
0.000722216
7.58226
-878263
0.000000553006
0.000859500
421617
-54124.5
0.0462875
2.76857000
0.0720823
-0.285418
0.0000615380000
-0.711230
9853.8
96.4629
0.00491217
0.0540367
0.00000628204
-2.94794
-70280.3
0.076998
0.0000860039
-0.000000309446
349120
1.26235
872.786
-5139.22
-0.0961772
42838.6
239546
1903.41
-7049.56
80.5024
0.000000714206
-0.0069741
0.0000896291
1182.80
15582.1
0.00331054
0.0769088
154875
0.00345120
-676042
0.071382
0.0908414
97.4112000
0.000000074080
-0.000779052
-0.0000379013
4.2628
6803.94
0.0000340283
10163.0
0.000000375479
0.0968723
-0.00904110
0.000005734020
0.000000153276
-506084
0.000000897444
0.442224
0.337943
946359
499577
45750.7
-0.0451847
0.979019
0.994304
-0.00130365
0.106164
0.00922530
0.0299065
666.991
0.000807028
-0.000000720392
0.0000077008
204480
3.16043
-0.000000186606
0.852601
-231468
0.000000621756
-0.0529198
0.00307225
419.884
14.6657
0.0000457058
0.000856100
5.448560
-507.524
0.116896
5.21643
90193.1
5830.1
25.6070
-3.03637
0.000523962
0.000000970356
63.931
-0.00000569937
86.6052
-956.541
-16937
0.000000253438
0.000000800657
9.20243
-0.0312880
0.621849
-0.0785514
66.674
726245
490.086
71666.6
7193.37
-0.000141847
-0.0363956
-5066.06
-281.798
0.576690
92.3703
566556
0.165421
37816.5
0.00000211375
57.6504
7085.10
0.0895231
-8.07014
55537.1
0.000559548
12287.0
-450.358
0.000136959
0.000000104300
0.007391
0.904260000
6734.47
0.000171452
-0.000000688803
2.93320
0.725174
0.0183598
0.000596353
-98151.0
7.21147000
-0.000002732020
-0.0000718923
0.000093600
0.000044624
7.54208
-0.396008
392.3720
-0.0150430
-49008.3
13.0459
-0.000000409896
0.00000458424
0.0116141
22.535
-1.71959
2260.16
-0.000176342
-0.0732237
0.00136611
-0.462554
-0.00000029513
0.00184101
-0.0988550000
11.7879
9383.17
0.0393868
895.963
48.6767
8783.02
0.867019
0.000702550000
71.848
0.159299
513371
0.00887836
0.00000287208
-0.0687712
-8132.23
26.3655
-0.000002011000
-48.002
0.00000317093
0.0247721
-0.000303708
0.0393175
0.005018150
0.0517585
820.78000
59.9990
0.000223079
0.0000358696000
0.0000931976
-8299.61
5409.33
-0.0519539
-368.97
-0.00836405
203122
-0.0568459
0.907965
0.000000963137
0.000000453360
0.00959894
-8542.94
95346.3
272.143
0.000009105300
388223
-9.59156
31060.0
0.00957651
0.094771
0.0000242804
-463171
0.000000492154
0.0000272427
0.0000774574
0.586021
0.008695
-0.0000153187
0.00000883682
3323.42
0.000982854
-0.00103336
-46.8513
0.00000380196
955.977
663.111
-0.000146306
34.7009
0.000000110479
0.7488540
0.00109227
0.0589153000
-907100.0
586.75300
0.00737416
0.00553879
0.0162660
0.00000755262
931684
-0.000868542
992.156
7721.89
0.547197
7.2419600
0.0000925176
-2243.77
0.0314346
0.00000093909800
0.0000404760
153.275000
-175453
73.9573
97757.4
-0.630293
-613.965
0.00000559048
0.0000960938
0.00371301
0.000000852749
0.000401110
0.0000005785470
0.05444
0.837102
-51744.1
0.00417074
0.00000469264
-0.000136031
88.09000
74.375
69.91450
-42.0548
97874.3
0.033753400
-1899.800
-0.000000822154
0.877260
-8.3429600
0.000000731720
0.000152412
0.00000806513
0.000000289298
0.842510
0.973047
9.12305
-0.0282557
845920
-753.95
0.00000148411
0.0785565
-0.0007352
0.00000594085
0.000000632256
0.000694723
9883.71
2.08754
0.0765056
85.379
0.00962365
0.000762173
-0.0000431618
144720
303.13
0.00017857
0.41769000
-0.959281
629.525
71846.0
0.000000951208
-2.60750
94838.9
88.5226
0.00722251
0.000000997809
0.00000029267
4596.12
0.000000782975
7462.04
0.000000383989
0.64839
0.00000199245
0.00128850
0.00008388330
0.953372
0.0494762
950.916
0.000737161
0.03756990
0.00058834000
0.0181886
63.6477
263.888
0.000975925
-0.000000742679
55775.8
1.81824
2311.27
-949343
0.000709386000
739916
0.000531601
-0.00000841212
0.371120
-0.00000600031
2.70722
43.7067
0.0000044127
0.00816357
0.0000060614
0.00057230200
22822.8
-0.00451904
0.00000483724000
-0.000734285
-0.00000821003
-0.148665
0.00000304803
71592.90
0.00090163200
0.00442106
0.6223390
0.0260185
0.00000577505
0.000000234919
-9264.93
345.100
27675.1
0.00000463343
-305.407
7711.33
70238.1
0.00000023642600
46875.3
2.130
46678.6
727.653
-173.09
0.0000005251940
8.43446
0.0508504
0.386166
-44834.2
0.0000807941
99085.8
0.717058
2432.53
0.0187942
839347
6.82158
0.0000396507
817.256
83.955
5084.37
0.00395631
-0.0000362179
-0.00000017286
0.000000356799
-0.130622
7980.37
60154.3
91.7973
6.0233
-0.0000341641
23.873200
-65244.0
0.000000847651
317409
0.000815055
121.17
-3.18314
52163.00
84.8829
0.0000870832
9989.08
-714.530
7821.0900
0.00000714568
8.28134
369941
0.000907009
96.9963
4902.85
0.0000091706
-0.331387
426.929
-0.000000353566
5923.14000
8824.01
822.149
-116.562
-5182.80
0.00644476
-0.0527038
5408.26
0.0719644
0.0000222581
-49.274300
0.0343343
571363
0.64003
717172
-2058.09
0.0588145
0.000000739507
9.07602
664569
8028.33
0.000000794186
-0.000592260
0.000000353630
0.0909883
-623.768
0.0000512243
0.398463
0.000423778
80350.4
6.70504
-6071.21
9.4217
-0.029112
669.122
-0.0266199
-0.000009481
0.357497
0.000087767000
94.90790
0.103309
0.92721
0.0000215380
0.00305139
456.016
0.000000970146
-0.000415009
0.646828
5189.70
0.00000270042
-76572.80
-0.00674008
0.00000523463
-0.000000897360
0.000000580331
752.85
972.988000
0.0000016923
0.0000695291
40.0964
0.000608275
-94.7164
0.00000723835
7.93001
-8354.89
0.0000648826
0.00000270167
0.00000739488
67.1239
-0.000000635365
414.909
94699.5
0.000453581
-0.0000946050
0.000157179
-0.0486077
6.6861
-0.0020049400
0.0048878
-0.0969887
-3831.3
0.00000461925
-25089.0
0.000000638565
0.0270224
0.00969425
-2.86622
-0.00000143295
0.000000053375
0.00655292
9396.59
0.00000909927
0.017063
0.370115
0.0000587207
0.0000716036
0.00784805
-0.617416
0.0502567
7722.26
4.25164
833186
-946.035
-91.9867
9032.96
728.599
10.49140
-9421.63
0.0000753807
541.942
5.622700
-0.0000563258
213.493
0.00333683
777832
2.54959
0.00000652577
0.00000863950
0.000000768192
0.00834913
62.3421
1262.20
-0.0783590
7.97176
-8.52754
81821.1
0.000000795914
-7.51197
0.000000870768
0.00000607340
3839.21
5.8015100
164.080
98.6045
0.00001604930
0.000000256713
-0.000000302024
78242.0
-0.00000098164200
0.0000654928
0.16219
0.00000575363
0.000000270788
0.0223456
0.013836
0.0000148605
1.43244
0.000394623
-0.00000790474
-0.000915009
-1103.3
0.0000124953
0.0002564130
-0.0000112136
-8.68374
-387.170
897516
0.0024155
0.000000579812
-11435.0
-0.0876288
0.000000421019
-93711.5
6.49555
0.198188
0.000000435518
0.000769030
-0.000948111
0.0006020080
33336.7
8367.61
23765.6
-0.727208
0.00264992
0.000000800294
554277
0.00660560
-0.000117472
0.000870171
574750
0.999243
0.939317
100.133
19.9919
-6451.82
735.938
0.0000020507700
1888.50
868.933
0.698917000
0.000572095
9.24083
-0.00311309
-51137.7
0.0067408900
68.8558
-0.004267540
0.00000357575
-0.000000260518
0.00000595157
-0.000201870
-53.025
0.00000004132
1.89531
-0.000000783607000
8.09004
0.083040
-628.798
-0.0000699045
-890.681
0.0299912
0.586268
0.00000079168
0.0000023866
-296.001
-1418.7
-1911.59
214190
0.0000779395
0.0000639759
0.00000432434
0.00011709
0.000000636299
0.00347755
0.0128467000
-26245.0
0.0000881066
-0.0000833231
9.60053
0.754476
5.02859
0.0443750
0.0000843839
-0.00000254142
347.304
-5.21114
37.0741
7.45862
0.7670410
0.127066
-60541.1
0.449155
-0.000000249105
-0.0609031
0.0678531
0.00000374414
855.670
0.00000588625000
6.42107
20956.9
-6369.67
19.9541
-5823.66
-960740
-0.0000976352
-719.283
-2714.49
0.000740913
-894.454
-0.000000918649
-778758
0.00202047
4932.0
0.000819768
14.4927
4906.73
0.00529269
0.0067214
953544
-43063.5
0.00148308000
0.0000007244940
0.0000188078
0.00005459550
0.00667749
-0.000000093869000
0.00914647
53.2125
0.0084601
19.1951
-3509.75
891.738
8.47607
0.0781729
0.0000496092
86095.7
82446.2
0.00790981
0.00521422
-539780
-480.160
0.0108256
3.98260
-60.0460
0.0437023
-0.00148725
-0.000647242
0.000000894116
-88.0820
2705.72
0.00183460
-0.00000089978900
2864.58000
0.00924896
0.00000859123
0.000032664
403992
-53244.600
1.08571
967.980
0.8114530
0.00000227055
-0.00000401045
0.0070187
0.0000293583
0.830437
-7.031070
-0.00461590
134.195
5782.80
0.0000524037
0.0000755325
-0.0000004840760
453.231
-0.0384559
0.000000362730
-53.2673
0.460363
0.000000585742
0.00378589
0.000058788800
0.0000312517
6.23986
0.000821285
0.00857229
5.49822
0.0866204
-85.8553
0.000000586563
0.254211
0.0000569592
0.0594470
-0.0108901
0.000000300994
-83.3068
0.008383080
979.059
0.00413667
6287.04
-99.047
0.0444884
2113.55
0.0303029
-6989.44
-608.534
6.26238
34784.6
-0.00054322800
78968.3
0.000000062858
0.000000246137
0.000549513
0.00497924
0.000000396120
4.69018
0.00000731125
0.00318506
8.94238
0.000383765
0.743386
-20.0521
-0.00779318
0.0212511
761.2210
-7858.67
0.000069936
1.35868
99464.3
-5346.21
-0.00079880
52.8617
0.000000853553
0.0000803549
8832.94
719.468
0.0998784
6918.24
0.401838
0.0848837
0.00000600463
0.00000060015
0.07760500
0.00008271960
-0.00000504463
0.000591401
392094
0.000000234019
0.00066485
0.386917
0.000000226785
0.000000205575
-712547
0.848081
130.650
0.000847317
2.02869
0.0000314332
-0.096734800
0.0454719
102.547
68023.6
3481.64
-0.0000076899400
0.000262776
622.748
-0.0000877833
943.944
0.000186453
0.000425641
0.000000352107
-3.51822
0.695924
0.0000477018
4.36604
31.3097
-907.069
0.221772
732.795
-648028.00
5547.33
-0.110712
0.000439431
0.00552352
-0.0000023629
0.00000274317
-47502.3
0.000709651
9.59794
-0.0000388478
-0.000000889476
0.000004516480
0.000968264
3.04292
0.00000602050
0.00000275125
0.00000463754
0.573273
0.0117403
-0.00421535
-0.000880894
0.00904229
-0.000000896669
-852921
-0.000365736
0.00036967600
160993
0.000000192350
6.75868
0.0000958754
0.000000863168
0.0029735000
99.5831
0.00000136930
0.0283040
-0.011646
720.4110
0.000000899614
71.4371
521205
75465.8
-0.001336450
5613.600
0.694497
34647.5
-0.000000513711
-0.0449247
97.4998
0.00000858514
4376.74
74.9760
-0.000744313
46931.3000
0.0004821260
93.8606
9.376300
0.000681334
0.0000207577
183.624
2162.95
364750
25.7946
0.0925334
63.7741000
899.110
405952
0.00886797
0.000627214
0.324130
577435.0
2.665150
-481.288
-0.000764187
0.0000144294
162.530
0.00449543
0.00541272
0.059177000
-0.0000684570
-0.000000863218
-0.000000954025
0.000448427
-0.0000001179
340470
999006
96758
73.8344
0.000000541930
-46.5584
1.42238
-0.0000538432
4.05414
0.00000273555
511050.0
2458.05
0.474887
0.00724264
0.000728296
45345.2
-7834.61
-0.0800845
98.245
-0.00000496054
68393
-0.0000479638
-0.0000744943
0.00029099500
2.59385
0.00000579674
0.0000182570
-72300.4
0.00000648169
0.0000433993
0.0000515285
52981.2
0.00000416139
894790
0.69084
18.1065
14645.5
0.0000197524
0.00547290
0.000000672671
0.00428168
0.00207264
0.00341901
-0.00000022307
-0.9753100
8863.06
-0.000000555213
0.00000514176
424362
0.0000278653
9020.500
0.00000063051
-6.83388000
0.0000537735
0.00000232807
0.00885102
0.000000916822
0.000988094
0.0561040
0.000000588642000
-0.00000912169
443087
1.81648
83391.6
0.000518291
0.0000710925
0.0000060388
0.0825535
79121.0
-745910
0.0482310
0.0440108
0.00000120419
0.0326083
139.378
71.8507
0.751215
-0.0787395
0.00000623531
0.884223
-582425
-0.587755
3.20257
-0.000974651
939826
562.950
14106.4
0.00658984
611855.00
8276.56
84.4684
53.8940
-0.0000128872
385143.00
-0.000083150
-0.00000829413
0.00749515
-23.3042
0.409327
0.000000219993
-592.831
0.00000036446
922426
-0.0000149199
-0.0111236000
-0.000000338791
0.000000285103
0.00000145771
0.0876818
0.0361975000
-2949.77
532.635
627350.000
0.0453709
6367.13
256670
0.0493574
0.00378222
571373
-582.806
-0.00000778988
4912.84000
-537610
2300.06
48006.0
0.000073778
0.000142615
0.0000004042990
77.4601
-751.349
68.8537000
0.0000740726
71874.9
0.00000819248
0.0448120
22.5925
58.3133
744.252
0.66252
46.3230
727467.0
0.00030657
0.00007219960
0.000666415
0.0000009683090
0.204542
0.0000039532
0.0866818
-7303.62
-55.6660
0.208101
-336.378
0.000000023560
0.00000664678
0.000000895560
0.673531
-4490.03
41.2180
57.2811
7.01343000
0.0465163
136083
0.00712428
0.000168551
0.0000952331
86.941
0.0580387
657.47
0.111816
4137.34
20.5628
165712
0.00116005
2.94909
0.785873
0.00576431
-5.64785
3.12653
0.992588
-0.0938956
6693.31
1.019190
5665.8
0.0000254492
46.0410
94966.6
0.0000355255
0.0000783301
-0.00000764961
30.2346
6.63090
0.000000268109
792.642
59.4973
703.118
1881.460
0.000000897714
0.00000054444
890.186
620586
2090.74
2.90203
0.0360335
0.00034168000
0.00000390284000
0.000000893775
0.0149847
-7.84845
-0.404653
575.398
0.786589
408617
817.361
0.0897033000
836.08
61516.6
0.0000004059
999822
-0.000000568345
-5976.27
0.000000014557
37.4582
0.0223124
-0.00153218
9505.56
30803.600
0.0000555707
-0.0000225442
0.000537270
-0.00837841
-0.792898000
30214.3
-0.00000565459
-0.00000627894
0.0041184
6320.23
233.354
4.84870
0.00000287583
57.9620
-0.00000642735
656484
-0.0156658
-0.000372213
0.0362373
-7.64022
72946.5
1405.36000
-6.193
0.8880530
-0.00385139
13.1670
337852
0.00661314
-0.000000236428
0.00050832
0.0647991
0.0672285
107.376
0.00307347000
211421
525720
0.644717
0.224378
8.54939
-203.253
0.000243083
-0.000000516268
87933.2
16.2766
-7028.37
-918.814
0.0000085251
101532.0
-0.269091
0.000000368501000
0.00885358
0.850146
0.000000227268
-8946.96
37.1427
-0.00967580
0.0000552469
0.0658688
-9.83680
96034.4
0.000545696
9.95747000
21707.9
13.224
-793183
0.015131
8801.47
0.000323327
83.2228
8.55754
0.000000971643
328445
993442
0.0527555
0.0000645119
0.00000974275
0.0000627377
0.00000104576
0.00000656893
-0.00000941216
0.000000874952
910.490
0.00000076390
0.00000156376
0.000000870978
-0.00248112
-0.0780659
0.00000756923
-0.0000635377
0.000000645654
-0.00905416
0.0146505
29273.6
-40.3304
0.00000400662
0.0000711708
6715.7
0.1614210
53.1895
0.0542059
367395
47.0237
-0.00000631982
-0.00796420
8990.20
0.03670430
0.0000272306
0.00000788736
8.14415
0.000000991919
-0.0689162
44418.8
-32102.8
0.00000010910
0.00618992
802669
87765.7
0.0718318
5011.29
4.201000
-0.000424683
0.000972569
-0.00828278
-0.000827494
0.00000792330
0.000905129
473632
339146
0.0000555082
502539
0.801155
-0.000000519422
0.0186803
268.977
0.745000
3836.25
-43773.4
0.000660280
-58946.3
-0.000000413138
-0.00000353449
-0.00000724216
-0.000000731136
0.000031153000
0.0000182953
2274.73
-0.00855304
0.0580545
-400518
0.00203856
0.0072393300
-9.61443
15.7151
74649.0
-0.3136
-299417
0.00818344
0.000083412
-816.954
-831.510
0.0000285603
413.909
0.469343
0.00000193106
0.000489540
-0.00130119
-0.0000872282
0.00000473951
-60266.0
0.00000130630
612498
0.115913
0.000000801251
0.00129282
610.213
173.398
-572404
0.000000012726000
-0.000003179400
2246.03
-325.889
746.60000
0.000529536
-0.000058313900
0.000809568
243.303000
0.0079583
0.0713985
82521.3
734647
1179.46000
0.0000947081
716.305
807.673
0.000000613742
-2.68474
-124188
-301.740
0.00000876268
0.000135297000
0.00000356689
30302.9
43.0080
-0.000228182
84316.4
0.0000521779
462145.00
41.6725
0.0940218
-0.000361294
0.000000134164
0.0000065053300
-363581
0.750253
0.00194185
-2240.79
28093.7
130.971
0.000495479
0.000123294
17.0038
63.4068
0.00000541934
-0.0148027
2382.58
0.0335366
0.000394570
-877920
-0.245471
647.238
50.6615
-0.000021068600
0.00042190600
36865.4
0.000000612434
-0.0000784265
0.000000844504
46.3283
-5.18662
317.310
-0.00000413306
0.000000373280
0.000233445
-35.4793
84199.5
-45419.5
0.0977779
0.00395000
6824.09
0.540444
6319.65000
-0.00204903
6992.34
0.261996
-8.17510
-227.348
7.01504
0.000507506
85.1852
0.00000137699
0.00000119237
8327.86
-0.0659991
0.00003418
0.000000001945
0.0000397363
714.729
-4.81109
-0.223619
0.000005683780
0.0680118
0.00830194
0.000000418843
0.00000365269
-0.000000376255
0.00000394313
0.0000886692
25423.5
0.000716864
8478.82
3.36836
137.605
45.3850
-698.283
0.000087552
900.116
0.0000988486
18.542500
-0.819092
96.0302
-0.00000861128
0.0000705023
448281.0
438818
453040
0.0866514
0.0042402
5.61201
9475.56
984.518
-90040.3
93926.6
0.000865547
-17.9781
588241.0
-1956.07
558.29000
-0.00000932530
0.00000294528
316.309
-310590
0.0402593
0.0000743007
-0.0000157717
621.04
0.612504
-0.0478276
997317
0.00695441
-0.85527
71179
42.98500
3928.8
0.00000872663
-0.000359977000
0.0178584
75.7336
0.193035
877.235
0.00000945030
339081
99.0318
-293.780
0.000320240
79400.1
0.0000781728
599.9350
21.4115
1636.96
0.000000428991
-0.0000209274
0.000000851492000
9.51663
2479.88
71.8283
-0.000000916492
0.0007408930
0.00767916
0.722228000
320.760
1591.12
2.8024
0.0000320487
10896.9
0.0000753163
0.000081733000
0.000000392481
0.00352429
457720
96485.4
26.3482
-50.0763
89583.5
-0.0435869
-0.00105431
0.785305
2.97099000
-631039
4871.49
-3.97733
-0.0000398639
-3255.58
0.016972400
67388.7
334832
0.000000966718
731.720
728945
0.000000242984
69908.5
-0.00000281813
71.5189
0.00000846262
-9.51440
0.0015370
-0.905942
0.0594241
0.00292018
0.000042303
31.2858
-0.000000389398
0.0201093
181.104
0.000000508164
-9673.67
15652
-248.890
305013
0.00436008
0.0000831359
579422.000
0.0000008811540
319.026
0.00000040717300
-8647.46
0.000000196885
-53.3578
3.19985
0.000000432129
65010
197.439
-0.0000062713
-0.0000567736
10239.1
3042.19
713221
10.3844
466.186
-0.00624201
58.1325
-4.75349
0.00980409
97247.7
5800.98
2975.88
5605.00
0.00000390875
0.00743960
0.02654810
0.00000517973
0.00000824719
-0.00758753
-0.000432429
-65.9866
1928.54
66008.1
-0.159668
0.0026270
432911
0.0000000187690
1.02625
420239
658.460
30576.5
2649.05
49.9750
849496
0.0000233219
0.0000704175
82178.8
-4.34215
76.2278
694.296
0.0237951
46.0260
0.00557508
0.0000505083
0.0219788
0.0000305064
0.000000229686
0.0000420212000
0.27448
-0.0000239669
0.00000309706
1119.89
0.287484
0.0277854
44.8316
-7.27656
0.000052145
3868.34
0.0000466227
7.32248
0.0000582879
0.000324252
-5.2890
0.341607
1309.5
-0.949266
-0.0000945911
0.0000064368
-37370.8
-816.900
0.0014001
0.000000768740
0.0000073084
0.000909607
609015
827.37
0.00982641
0.000736633
569.473
-0.00000060474000
375.55
-3.61329
0.0000629133
-0.0447956
0.00219459
-0.136776
75.2189
0.000000945759
-0.727459
0.0000611527
6007.080
6.36038
771.071
380837.000
0.44291300
140.010
0.00375981
6.42506
1.731430
95.5544
10.084
-62.246
-0.00195235
456816
-0.000279272
61.6133
-1.66880
-0.000270521
0.00000118883
945.477
0.48535
10.7528
0.000184755
0.000355403
-0.000000032202
-204405
110.199
2.2841
-0.0000546874
-0.00000440937
-781891
0.804846
0.000834173000
521.301
360819
0.00000051542800
-428.863
0.00851572
-0.419048
0.000000323299
0.0638512
1.22311
0.000809361
0.000194560
0.0518105
0.000000720265
0.347143
710.402
0.00011292
56837.1
-0.000570210
871876.0
6205.48
295.134
4.124270
-0.0000814575
0.0527374
-5424.04
-0.000000001361
674.651
0.0848318
-0.0458184
51867.1
-5.16458
-0.00047628
0.00000161675
0.084947900
-590.959
0.0000535393
0.00364609
0.0000632173
547153
0.000906868
-0.00000428697
0.000000801462
3.8001
61.0931
0.00117285
0.0539084
0.0676301
816152
0.000513374
4.89369
9526.28
0.0000688930
589.621
-0.0592052
0.000000073658
8220.36
685221
0.000000389018000
31.4763
0.0908758
3395.04
236775
0.00186643
6531.59
-404.202
3.82811
-0.000311043
98645.3
6.59565
0.579766
7027.76
0.000000779292
-453.594
-0.895047
280279
4900.45000
0.00000362568
-911.617
-0.0594665
20.8407
0.0000627441
0.000000422330
0.000000335013
-8.51178
0.483937
659012
17958.4
200.291
0.00241241
41924.1
0.000000482524
-0.00000231653000
69.8288
0.0523361
-7.59355
701136
495.345
0.209579
0.456279
0.00000964216
689427
-9367.58
4.37329
60541.4
0.000011967
216431.000
0.00000785700
-526175
0.000000781768
6463.690
-0.0000966794
0.831841
0.0000565144
-0.0000836724
0.0121603
0.000000824019
-0.00000116831000
-0.000098769
-0.00008021
271022.00
1.27409
-0.0847280
-4782.93
0.801858
721135
-5792.05
-0.00000993328
650.030
0.0566604
17.3260
0.000990068
0.00000020829
65.444900
0.000000563981
168.931
181.71
-0.0000283253
-2932.78
-0.0764437
-0.000368322
52598.7
-0.00632396
0.0000636851
778378
429.424000
0.0000167753
0.000000319399
-4.23525
0.000293161
-0.0889334
0.986489
-879700
32.812
0.431923
0.00000329867
862314
-411.82
0.00000937091
0.0000574620
215297
4.0858
0.000592828
37.1735
0.000000663309
0.00364622
79.2987
46.0614
-0.0287293
0.0377137
0.0000858950
0.000286960
0.00000274390
7050.80
-0.00157171
-0.000486440
0.00000083292
0.000835722
0.0334272
7424.97
-0.0000715812
0.0008764660
27.3071
78518.0
0.000000470247
-0.000000031415
96.278
-12.2797
0.011574
0.138238
-94632.8
0.000000021854
822747
0.000000531596
0.0000651114
164.623
1.81162
-588.579
0.0770990
7278.67
46.6855
-0.614722
-530187
0.663949
717.01
0.000000712985
0.000977648
0.000000664406
79.1531
0.000000102511
0.0000113776
0.927913
0.039427
0.122383
0.0830658
0.00000074487000
0.00000508528
377.596
6.69337
0.02841
-64.9653
351179
0.949975
0.0000905907
0.000367668
2.79996
0.000000681292
0.0000670422
5282.21
2.26008
-0.00000855287
0.096452
-22511.70
0.0000313703
29285.0
0.592035
0.188186
-4.63041
0.0000807083
-17754.0
0.00250190
985301
0.0000180765
295572
648.045
3.84169
-0.00000179104
0.0864878
0.0241986
0.00000313625
88.94110
-0.00894024
0.0427474
0.010028
38.06700
0.0510629
0.00000537866
0.000571578
-572.724
-83389.8
-42.4667
0.0958644
211379
9990.4
0.0000906239
0.0013222300
14.0748
0.000000952330
0.479224
-0.904810
74637.0
3114.5
-0.0555957
0.000472342000
0.000129377
210.011
-0.0658058
0.00408636
-0.0000024642400
0.00000974890
0.000035873100
0.00416008
565.002
65.5076
4794.7000
-879649
66225.3
0.806558
0.0000509789
-976.071
-0.065033
9.3631000
-931380
799522
-0.00000399607
-9919.31
4.3149
44.9890
0.0009211300
491.632
-4023.210
-0.000000447985
0.000000299758
-0.0977054
0.000000780154
0.000000385911
-0.0642427
-0.0000075948000
0.0208951
0.0609699
71.5031
5893.24
647583
-919.675
26.9446
0.00632335
0.0000913144
-0.9101080
0.000047583
1.27188
0.000000008221000
0.0000405848
-0.634252
0.0847434
409460
-9.4978200
7.7768
0.00977492
0.00000431704
834620
67520.000
-0.000011752
0.412441
0.00746112
706.433
-537020
0.00272113
0.000000566429
0.000681934
-742.327
-6.99290
921486
0.000653466
-714.758
9539.38
8064.16
-0.000259543
0.672425
-0.0000488059
0.0488560
-231553
0.000000749317
0.727965
9197.50
0.00977874000
0.00658571
0.0000377931
0.000000198045
0.024041
99828.4
9209.100
0.00253906
1128.83000
0.000924052
8.33502
-809868
-0.000263074
0.000000216954
0.0000892730
0.0000550821000
7773.56000
0.0002796950
-324.619
0.00000346782
0.00374127
40.7782
1.23402
9910.57
316.196
33946.80
66331.8
0.00178294
540692
-0.000053653
0.00000215579
0.0842621
75577.7
627.622
95.3090
5802.18
-4228.41
7.48709
-0.0178549
-2.05419
417.82
23731.7
-82.112
-0.0962068
-0.0704814
0.232782
0.0381591
0.00000720321
-6573.18000
97.0296
0.0000328848
-0.479589
707792
8.87230
0.00931394
0.0000687462
15.4595
487585
-608.906
0.00000756008
89.1622000
0.00093129
16652.0
805537
0.0444770
0.00000950792
14555.3
0.87297500
0.266784
0.347571
36.5469
452045
0.0000210626
0.0425936
82750.8
-0.492374
0.00000391865000
-2.82029
-50977.5
4.3645
8751.01000
0.398687
0.00089638
-0.0005027100
0.544753
0.000844968
0.000000255991
-0.00000534529
0.046026100
-0.0000591783
0.0000598660
3569.34
0.0546076
6.90530
-0.000763771
5.7091
7.60354
-8810.09
0.063714300
0.0000821847
0.0000687527
-56912.4
0.00086200
0.00978089
8.62833
0.00000512739
0.000218954
0.0258954
0.00000510981
-0.302542
0.747385
4818.16
7166.93
82555
653.611
-8833.5
0.0000890918
58615.8
164483
224.713
0.00000609882
5863.41
0.000541086
715.527
2174.96
-0.00000861101
37813.8
0.00000688828
3.25775
-0.00276165
999954
88.6923
0.000523866
479443
46214.0
-0.000000607180
39911
0.000856366
-0.00000144571
983.046
0.000253007
-0.873320
0.0409314
-362.456
336.655
0.0000004637
-62424
0.0000451880
0.00000393190
0.687482
0.000000686876
-0.000966256
0.00493241
0.00000801032
0.0000351033
918.847
-52.8888
0.0622635
0.550377
-0.0096080
4080.46
0.000083826
-5.80642
-2716.33
58885.4
9.08309
36.9589
0.314055
15649.1
-0.0000421296
999785
240589
4722.70
17343.4
2.43317
4788.26
-0.0000513444
-0.000008246630
-0.00000406004
726.145
0.0000761155
0.000358248
5453.06
0.20252400
84868.3
928.760
0.000000275136
0.00786393
0.0000626495
0.000581947
0.000000309533
0.000000882262000
4.19339
8467.26
-0.0813008
0.00000512537
-0.0796304
0.000547283000
-97722.6
28.0637
0.0000261166
-92101.5
6126.8
0.0000617369
-0.0000885102
-0.0000356665
0.000000719690
-0.0000060433
47.8144
0.00832286
6834.41
33.0956
634605
29.5696
0.0326335
0.000000026120
-381.571
0.000000283619
7034.600
0.00000669842
-0.710096
6422.9
-0.0041179
0.000194590
-4.55141
900780
0.740151
0.0000401619
0.00000809625
8460.68
0.903146
-0.0419480
77.2981
0.00973873
0.00126735
-5.91593
161988
-4.16994
6.46365
0.0000048990
8698.590
47.581
-18.1443
0.000037612300
0.00436174
54860.8
6.31733
0.00531606
0.0000437027
85.6049
-408184
0.00000424097
0.000000540269
7.81320
-0.0000589677
0.084525300
0.00000716731
5.70671000
0.763840
0.0012359
0.00000834966
0.300298
0.0014368
8.66395
-45.6717
608.890
0.000000778791
-0.00000749072
322650
9401.30
-1704.35
0.00000006428
24759.100
80.61430
146.126
13879.1
-79.949000
792.920
77.8524
9.80400
-40177.6
35838.7
0.0000345948
0.203048
7.15564
0.0310093
0.00051269
9744.71
0.00397050
-247349
1266.44
0.000000777273
0.00000876755
-4699.37
-27588.6
0.000000860993
0.00343119
0.00793950
-0.0000781482
0.0827160
0.0000269446
9471.06
-0.000000416138
-0.000000417687
0.0000730826
0.000000580290
0.00000376881
-0.000000378426
0.641275
0.000441607
0.00357700
0.00000094622
460245
-0.000618558
0.42319
354520
0.0266918
-99795.6
799227
0.00000730323
0.0000052723
0.00000519475
7481.34
-0.000043668
0.499087
503420
62517.8
0.00000686521
0.00011752400
712.537
1545.68
-0.0000721213
50027.9000
99278.3
0.317723
345115
387709
-694.241
98.043
-6.85435
0.0000306687
85.3867
29.9138
81.7825
-484.246
201.852
6.28361
-0.240721
0.00000835960
0.00000165911
0.0000909571
6.20005
-0.590449
-921463
7.11631
-0.0000127002
859.49
2914.07
9.64832
14.23210
-620314
-0.00406467
0.00864622
0.0785563
-68.2420
-699933
840561
-9.65050
0.3337230
-0.000594887
62.3112
0.000097488100
323.261
0.00000024648300
0.000000311574
-4683.60
0.0625865
231.843
9.00681
9828.81
0.386114
34665
-0.000553063
0.0000022310000
59.8231
-0.0000490329
-9401.89
-0.00000720603
0.000916613
-6737.69
76.57490
0.00467002
0.00000873322
70.8501
-36.3010
3366.92
0.000000888942
81966.3
0.00000921333
762602
4.463900
-0.00000222161
0.00000682336
0.0000276333
6.2495
0.910869
-0.0002674190
-34573.2
0.00374788
-0.00363897
0.00000873705
-0.0000957927
0.00885890
-29763.5
41.1532
270.401
0.00435033
0.00084717
28595.8
-906.754
360735
0.526089
438391
0.0109667
0.00235957
0.0000499710000
94274.2
-8041.58
63.4789
88904.0
0.0545898
3.32131
0.0501740
147768
59.8190
764.282
0.0000881012
-8182.39
8037.99
0.00000678368
0.00000526738
76710.2
651.713
7.79353
19284.4
0.00000447864
0.00000721071
0.0000113052
-0.0000464159
0.00000034984
0.00610128
483.566
479.0180
-0.356411
52.8543
2823.78
0.084401400
4.96386
0.00053015800
0.0681086
0.00244317
784090
0.00134371
0.0000009080340
-0.0856578
0.000000800971
5.33909
47796.5
-0.000077079400
0.199409
-0.0848189
0.000520366
0.00000013773
3.78899
-0.000000162640
243361
2816.30
0.005169780
68.862000
142.043
72805.00
483349
4.25093
0.0000383132
9.45845
6543.12
0.000795358
-0.0000843828
308948
-40.7679
62.2695
-11.4752
48565.0
64940.5
847.052
84603
-0.972832
0.00000747213
7126.25
-8408.01
0.000117708
114.812
-115.925
0.58870
0.00000014963
287140
0.26756
-0.000126671
9151.75
0.000000080148
0.48406
0.00047138000
961436
1.81224
-0.0871453
-0.000000607191
0.0000821706
-0.000192019
31.1467
0.00753545000
9609.82
51988.4
-75353.70
-41849.8
-0.0000588963
923.752
0.00948262
4.259
173183
613937
-0.0000322967
0.580967
-41.6891
1225.3800
-0.000000230029
-0.00000522957
0.009476430
0.0000660811
4.7682
0.000018741
-0.214469
0.0916144
540426
95.8887
-0.0000810859
0.1148260
1067.0
-0.0934436
220.437
0.0203799
9536.81
0.000000815350
0.0000322228
0.00000048306
3568.39
68.3207
0.000000700768
5.85340
-0.000000982434
709532
0.00552264
-9.67152000
-0.000000816661
-7.2504
-0.0000784257
0.0857197
0.000745171
0.773220
-0.000004938
687.355
0.0554641
-0.00669182
-7807.50
0.0050924
-4268.03
-0.000420970
0.0000098834600
-9376.610
3047.59
-4.0535
0.0000303997
7.82622
0.00000721450
0.000003690410
0.000050438000
0.000000149146
415.710
367339
-547.583
0.287738
89512.8000
743.654
6593.8100
0.164270
-0.0624223
4615.84
69504.200
0.0491598
-0.000000690109
563.862
55218.2
0.447946
0.135878
0.000804004
288.256
0.0522211
4.92975
-9459.10000
26.9557000
58181.7
0.00000032850
0.889122
-0.000018703
-0.200254
-0.000544280000
0.0541945
0.0303347
0.00601748
95225.9
0.0160564
21.4332
0.000835345
0.713448
937228
50692.8
-0.0169528
640050
892.789
-0.000000936835
0.000199138
912.784
151.240
222993
3.84285
0.268462
0.00208816
2427.33
-0.178244
0.0000979881
5.15366
0.0553787
449.185
0.000000092317
4449.58
0.0000577811
-0.48943200
73970.9
4.90535
49084.3
8.06955
0.0000619650
-0.442465
55024.4
0.0000478019
57.1169
9.68009
44988.6
2766.37
1.43012
0.116530
619693
6.37178
-255212
-9.81336
0.949038
84365.3000
83996.2
0.231911
0.0473277
81.676
34795.2
1287.21
-0.007738090
-0.000353260
-0.00969036
-0.00000748619
-0.000128175
577.374
-0.000000895657
-0.000124551
-16.3154
0.0123675
1647.5000
0.00000724567
2103.47
4.73417
0.000650628
9.73345
435.26
-0.6302180
3082.800
0.000125212
0.359363
5148.41
0.0655146
-0.560609
7802.70
0.0048138
379.481
0.00000412567
0.00000635027
-1017.86
0.348804
-0.903432
54.8730
827.962
418.058000
820.694
-0.000007457310
225.002
424097
63208
0.676329
0.527839
0.00775782
-68796.9
97109.9
0.00946990
0.000000166918
-0.000000371665
704850
0.776431
0.00176786
5510.11
879.769
921.164
0.0407361
0.000000719542
0.00743640
0.0809348
0.0273558
165.143
0.0000871506
0.000000267632
266241
3.73840
0.000183320
678758
841940
0.606674
0.710339
0.0000049003
-0.784920
0.0000592550
0.0566172
838.248
-26119.1
0.00756039
12.4499
-0.0000790214
0.00119123
893.774
0.000000708919
0.00350374
-0.0000289599
-66869.7
2.21867
4125.91
-0.00312445
0.000000219219
7396.14000
85.4340000
-59.9327000
1426.72
0.000000068496
16678.9
0.0044213
4721.68
1.79417
81.650800
640926
0.000000829377
0.00475932
-96106.7
-0.00378272
2799.04
0.000000714009
4.1906
9729.01
0.00189831
96783.7
-0.0002177390
722996
0.0000005860670
0.0026622
7.2748
0.00000373837
585130
0.0046335000
730730
34.1169
2.39376
0.00000738276
5.45776
0.0249534
-54735.7
-9392.5000
0.0000846257
999.667
-0.000523414
-163.007
4.81539
0.000781707
7.95031
0.0024010100
0.902363
0.69177
-0.419431
0.0000478098
0.0000661808
0.00453050
3.67664
-551268
0.0000494224
-0.000000577051
0.00000406062
-0.00299478
-0.0806282
0.00000135410
0.0000287969
-0.00394500
0.00000093524
-77.3
79.441
-0.684322
2.44187
0.00000297856
0.000625053
-0.0000862592
-657547
0.000722722
-0.878687
0.000876257
4476.71000
0.81483000
0.000000439475
6698.8
4605.97
-0.745227
0.00000887341
0.000000100742
50135.5
770457
54.2760
-73787.9
-951579
910.514
0.0023394
64212.5
463515
-305620
0.0481097
0.301979
0.000000496592
-0.000000572209
5022.320
968493
9732.44
7.6434
-0.00000352942
8.29964
-497071
0.0184162
7477.90
0.00849993
-0.000931971
0.0735921
0.000796044
-0.000000866322
0.000000158448
-0.00322835
0.000000032380
25601.6
0.000000259661
0.000667302
-189.764
-0.0000912607
3363.80
0.00000254642
0.0496141
-0.0727828
-0.0000415469
0.00000288368
0.000658693
1977.1
0.000000197373
659791
-0.0000276464
54768.3
-5212.57
6.06867
2634.23
-53487.1
408.824
-8.28298
0.00000381090
0.00760651
0.0360808
-78653.1
33.302
0.00503691
-0.000000440976
3.3971
-59.1929
0.000000413657
0.0000330795
0.0000403918
0.0000265826
0.000541921
654.485000
0.494845
136.616
5896.96
0.422387
34926.0
0.000197352
18988.2
0.0000744715
0.000000719750
-0.198042
0.0000297480
526542
-50.2635
97.3448
0.0000658319
0.000480487
0.0000522633
-3.06720
0.000000247677
0.000986324
195985
1939.33
0.000000410808
0.000094428
687.177
0.00000632593
799299
-4205.50000
0.000000091068
0.00000880076
229.988
0.00005924
14.0864
2.75437
-0.00552341
68911.8
0.00000888549
0.0671070
0.080757
24.6611
887.406
0.00000650556
0.00801843000
-7.34802
-0.000304618
-4568.41
-239976
759641
-27.7128
0.0360701
0.00360695
-0.0519374
-2079.5
0.000496867
974292
0.0701817
0.0000604044
0.31902300
-0.00000405626
-0.00000988109
0.000000780825
412.856
52.2121
0.0000252779000
6.98965000
5.21240
3868.84
826862
0.0000094536
759.913
859.432
0.0655091
-0.000373031
98565.0
-0.00024761000
1521.37
49730.0
0.00782027
-0.00810516000
0.00510351
-4.31650
37.8052
0.0866459
194691.0
96.29430
0.600920
0.00000859613
0.000114462
-2477.96
0.0000630612
0.00000095305
-3.6098
-6770.9
0.191144
916.572
46748.0
88.0622
971722
749.60
-0.0175536
-8.04471
377789
0.00511592
-0.00623777
35463.9
537191
0.0412640
0.00533582
375.585
0.0000285867
0.0000729764
0.163063
0.00071919
555439
-9440.25
-91.6296
-3.09180
-0.0705852
24431.3
-0.0000320816
-0.000306270
0.0000439109
0.00658302
-111007
68.0918
32290.4
67584.2
505.52
7.61631
-0.000000534391
293.341
1462.75
0.0000857546
0.00495167
0.0000195347
0.00000340543
552.233
-0.494253
72531.2
0.00000573840
-0.00247056
0.00486206
-0.00210099
4.86463
0.000000651812
0.20328
1541.0
0.337623
1.69315
-0.373347
0.00000711168
-0.000000532148
0.0583625
-903.370
-296608
0.000810315
0.00961622
2434.19
751262
0.0734871
-152.338
0.00431689
0.000000995832
0.0000270870
33586.3
5688.3
116720
-4057.38
0.000000727668
796720
0.000000887195
0.00000865083
5852.02
0.00387782
-0.00504618
-4.8847
-581462.00
0.637922
6.7407
933509.00
1.90896
9435.84
0.00280807
-6143.17
-674618
-4796.2
0.0981016
-7.043360
0.000000378946
716393
0.0062579300
0.00005326750
0.310796
0.000000833146
3266.94
-0.002072970
-53.5899
-0.00000616670
-16.2934
72.3450
2.92410
-546.693
-0.000070990
0.000533671
-0.0863370
0.000000716382
0.824914
-5.71822
0.00833600
0.00002553990
3049.00
-0.00000706165
-0.0000498148
8.92721
1036.63
0.726716
14.609
682100
0.0774425
5.062330
0.0000698505
-73.07510
0.0114511
0.00000806345
-0.000612249
0.000000657540
864.341
0.0000200935
11.8310
0.00965179
91740
0.00000167293
-0.3506830
0.0795222
0.00000467387
-7.09016
0.128993
808.367
45.0722
-0.00000659528
0.00090397
8.8312
0.791931
0.000822644
0.000118942
0.000344726
0.0000297121
2821.93
30.7513
0.0000546097
-968964
0.00201209
0.0000367653
0.000271297
12.4620
0.00641412
0.00000906523
0.00000968932
6.99368
0.0868542
5755.22
54726.3
0.420903
0.254531000
93.8741
-0.000743616
-199.901
0.0877188
0.000000765799
-93412.2
0.044549
0.00714463
-0.000788081
0.00000533802
-3.83925
9.534950
-502.251
0.0000074778400
-0.0000563520
-0.000195114
0.09794770
0.00308233
0.000000480354
0.0886102
-0.932784
-99.4613
4136.41
0.00000129677
-8550
0.657456
0.0000076869
0.000000548289
479319
93.5208
-0.0189880
-7.98671
0.0000342276
0.000673388
23269.4
545115.000
-0.905068000
953998
0.000859021
-92721.9
-0.000759726
9.51192
0.00548293
229.870
-0.00451675
-654.965
0.425180
-927122.000
33404.5
679630
78979.5
508.546
-0.00831813
9544.31
0.0000314496
51440.7
0.00000807282
85.1192
0.00107098
1.31919
-0.799294000
0.0000511924
89759.3
0.000000248404
2279.10
0.000686651
0.586699
9235.30
90196.4000
546.893
-835.584
0.00763815000
-477275
0.00000729120
0.0274838
0.00000713415
935109.00
87002.900
325486
0.0000546515
0.337653
722791
0.850442
0.000099873
-7.66598
950711
0.00000411926
0.0691865
0.00000894953
-0.00000935059
0.000000404966
331.811
-3.986
0.00000399110
0.00000335226000
0.000000559465
0.0000297343
0.000000541325
896265
-0.939137
-0.909568
55193.2
-8.67606
145.741
-357.798
3.08838
-0.00661118
0.422893
0.000119866
1423.76
377.994
0.00000364035
0.000000926662
0.00000410774
52493.9
0.0000742166
-144019
382.408
37.2615
0.122422
578474
2274.9
443.85
562904
-0.00624223
53.4430
941750
236471
75208.4
0.0000786310
0.0175634
0.000567970
-5171.81
0.743325
-231.531
1.409200
0.00073742
2739.57
-853.927
-0.557479
-0.0776488
3.94592
-0.0835093
-810.103
0.039342500
0.58439200
-0.725642
0.00000980229
0.00000067408
-0.0340803
0.000430595
1557
970424
5980.09
0.00629481
984943
0.28465
-2116.68
-8.78561
-0.29832000
369.16
736.145
0.03591370
2561.29
0.000000511004
0.000000520084
0.929483
-22552.5
47.4863
-82895.0000
946.118
59.8000
0.0000005847590
0.0448380
0.00000288116
0.953086
139.099
0.00000739864
35.7577
-0.0000783648
522470
0.0000978710
0.0000196175
0.000062363
-0.0710613
0.000000599447
0.00156796
1.17250
-0.00797243
60128.1
0.179949
-259.057
0.00000766923
2628.43
59.4920000
4522.18
33.1676
73.0816
0.000000526263
91916.6
0.7011600
-0.0600403
0.574447
0.268487
0.0000364442
0.000000812248
0.000518951000
1682.1000
-0.000000176424
563.562
0.0000587480
0.000000760682
1.68829
0.000000528345
0.00005184930
-342.926
0.000871480
-176.200
7420.41
0.472918
201.035
0.0000047082
0.0770896
0.00025583200
-0.00000640213
0.119853
0.000225427
0.00000798073
0.00228330
7.2185
-193.016
67.2624
58214.1
0.00000704358
0.00731339
-0.00722754
7.33092
0.00869128
0.00830331
-0.0250830
0.186424
81.2327
4.2116800
0.000000360360
0.00776766
0.00308058
48917.0
0.00268221
8.1563
-0.00000270440000
877427.000
0.00000138308
0.0705066
-0.00000457823
0.00666696
1721.68
0.0036923900
34.884000
0.00000835884
-8.43459
0.00586035
-76427
32316
5798.35
4.79715
0.00704929
0.0397070
-0.24566
1.78432
0.00000523414
9371.1000
5246.54
-2.71150
0.232160
-520.100
0.0000891
0.000756651
0.0795368
-6720.42
0.00476426
0.025220
-316.72
-94703.0
2.12873
0.0901408
8.18799
-4.40793
-0.076640
-970031
-6594.84
4.06581
208910
-403196
433879.00
0.000000418572
0.000000290595
81884.9
0.0000277742
0.212802
0.00000487645
0.0000561113
-0.0000157616
64.8163
0.00805584
0.0000004383
-11167.60
0.0000384621
0.0000096726000
0.0817958
-0.755468
25785.4
10.7973
-0.0885913
-5.045560
0.00602463
0.00125475
934.230
620.310
0.0456048
0.0000455643
0.590515
-0.469870
973253
-0.000000485621
-0.000207016
-0.0000457260
0.00607103
4.20755
882.74700
-7338.19
411033
0.345758
0.0000055784
0.00000600651
0.0000097454
0.000000225334
37.7514
-0.331235
-53.9322
0.893874
0.000000739128
0.0539333
0.0000340851
-49445.0
0.00868187
370.947
862664
56685.8
4368.26
0.0705237
255164
9.17895
2518.2
0.00328794
0.051316
-934422
0.651280
0.000741065
0.000996410
0.000317748
-1.47080
0.000000982312
57697.8
0.000817851
-8869.99
-0.416574
8050.5000
-52.8673
0.17307400
0.0000632236
591.310
0.000000952900
5605.09
93314.0
-0.0000855079
521.537
-0.00757285
51.2467
956.594
0.00363565
5.15405
1.06188
0.00000630337
45.8707
429.033
0.000000944932
0.0006279120
-250.838
-0.0684516
0.184556
38.8497
8.63032
4933.0
-453775
567150
51835.8
200058
-0.0000329663
-56034.1
0.0000573020
715.82800
-0.00000752072
0.00437390
-30477.5
0.00467600
-34391.9
0.000000704614
653680
404809
0.000002032260
2944.28
0.00000172228
0.000000919706000
0.899724
0.000793744
823048
0.000066514
0.0000818824
-144.732
454.60700
306.602
0.0000237675
-12.1486000
78.3667
0.0000025098
-360316
0.00000337648
0.0000085846700
0.0859582
-936.92
8979.71
-23.381
2252.94000
0.0844366
0.000844145
4390.8800
-0.0000058898
50.3460
638812
-0.0120154
3437.67
0.288551
-0.000000464601
-0.46813100
686303
-0.000097779
472918
-807585
0.000597191
0.00000188982
0.0496895000
-245.359
273296
0.74031
-203.409
1.79557
0.0000718153
-89.5233
-0.8529070
-0.000875902
0.0701810
0.000000447590
0.00372512
0.000619533
-0.00726521
92.2572
861170
0.00008499540
0.0550002
4464.54
-50250.4
981.444
0.00111084
166880
0.00000652133
30.0086
87.7035
0.0741323
-0.00004300900
0.000994195
-48035.5
0.0078942
0.00000508336
-0.000000090633
0.0000000488540
0.563247
4.09338
56.1441
0.00000717948
6565.53
-0.8491270
-0.00000239263
-9.1595
0.000000353641
0.00000092726000
-0.0605388
25122.9
-39.8924
1161.74000
0.00179556
-0.175309
561380
0.00000660174
0.0000521079
479923
0.133858
-0.000000064108
0.000000122555
-0.00000279738
0.000000470886
-49530
29055.0
0.00765405
0.000890279
-405.314
0.0046908
0.786890
-0.515147
-66176.5
50673.8
0.0740262
0.00000622097
-0.0681607000
305030
69821.0
3.58762
0.000000454660
649787
0.00000771454
0.666936
-285202
0.00000152325
40.5973
37.5034
83588.5
88.0959
5956.93
10933.5
55612.3
0.000768196
0.00065104000
0.00000441482
0.198855
0.000000764243
7.02751000
937.979
9309.5
-2.29164
0.763224
-0.10480400
-8.69742
0.00000525337
0.00000861073
-0.000016903
0.475891
-309453
0.666684
0.00000900966
11493.8
-8.96645
159.07
-793.649
4.93091
-95470.4
0.000068001
-8181.06
-0.00663167
-0.003693
52.613300
0.578155
0.0846360
2.7851
6072.64
0.00315970
7.20906
0.679312
-0.304739000
-0.00670390
7839.51
1365.01
545340
0.0507082
0.0943289
-0.000018021
0.00000230400
21.7100
0.0304184
0.319293
-4026.18
8022.28
0.000000368271
6212.91
0.00000540411
5.85735
647.520
19087.1
-188.635
15456.1
0.8041820
0.000219501
-701465
0.00300539
62463.8
-0.642464
-0.00000944757
0.00630167
935833
55198.3
35.0937
0.0000850361
74.904
-6631.60
68602.1
64615.5
0.000000497704
80.083
2363.15
0.0000831304
97.6860
112629
-92.3583
0.0000499814
8.81885
32541.6
0.476740
7.83983
-0.0000594309
791.537
-0.0183921
0.0876202000
6986.42
605.810
-625294
7979.15
-0.0528167
856070
-0.91630
869.602
279.391
-3531.28
0.00002863660
149.983
492.970
0.0000059905600
-0.00267060
0.0103276
315.425
0.00000328409
0.00000390090
469987
0.0000148207
525311
0.000226196
85.6402
0.00000601411
-5.67914
-0.000286428
-0.000000113980
0.000000161934
1124.25
-0.0420268
237960
0.000534005
352218
737535
4716.58
-3312.87
66.2829
-1.15569
70.678
5730.2
89.6175
-0.000000561204
883420.00
0.734388
86.987
0.0767803
0.352213
87.7654
77552.4
-0.00865127
0.000386892
0.000528786
9.09592
4308.16
0.00841489
0.00918892
48880.5
-0.00870135
233.430
0.00000549647
0.0754349
0.193378
1.9712
-4.34676
0.000138877
0.0000636465
0.0950815
-0.00000899053
0.0592830
1970.88
0.000000960538
514.192
279564
2732.88
0.00000742882
0.923591
399.215
305.478
0.0822011
87.5638
0.00854300
0.692104
-659.353
143629.00
0.0000854518
0.000000687451
-5.86470
-811400
166.604
-908.83300
28.79710
0.0000537044
441130
-0.000907219
0.259146
729914
3028.85
42.7725
-0.00000471979
-94.26000
0.00000629128
3.94305
-0.00565687
0.00465085
-0.00000558105
-0.00000594939
0.00813225
62961.7
-0.000401223
221.75
-0.000841400
0.000960444
0.000000373768
46.7867
-818199
6638.10
36.0234
0.000413868
-8648.19
57.9740
0.00363559
-18.2521
0.360122
-0.000000206407
0.00000119604
-0.022024
0.0000157405
3760.54
-90.7102
-0.751168
0.00183281
-0.000862540
906997
-0.0000098549
-915.404
0.507738
0.000000074872
-0.856292000
0.000694243
0.00000905872
0.00859878
-858.705
-4927.16
971.229
0.000000339440
26.6719
-0.000000361231
-0.00000928693
69689.4
244.281
7.67692
0.00325465
0.000000613720
1479.8
92.5975
-0.0000929963
0.923040
-0.00409005
0.000000751798
6197.35
1.26471
0.00000321505
-0.000815255
739.385
0.00000955501
-665.416
-0.000535504
747451
0.00033371200
2686.53
0.000910044
0.0000743419
3.29797
0.00354543
-64.7827
0.0000943448
224.549
0.0273088
-90.2984
0.000000719361
-0.0000888636
0.0000785334
-0.00621666
9376.03
0.00000088604800
0.026700
0.348959
0.00140231
-90288.0
-0.000411413
-3143.20
2.27110
23716.1
0.0000125524
-0.00000484150
6.33733
0.0142162
0.0000091808
97.723
0.000000517304
54882.90
3192.39
-622.253
64210.70
-0.000000822151
486.298
-0.00000616937
0.00000943855
-2.73029
0.000000427221
0.0000343161
0.0000224345
-0.000535422
75725.0
0.00503028
0.0000693981
-385.7970
0.00000898741
0.00000732620
0.00654505
0.00756619
-8152.4000
0.0000551086
0.0000518681
69122.0
0.000969847
-0.00194169
5514.66
-4756.4
-0.000689747
0.855260
0.02459700
-0.597811
72.3871
0.000694662
0.00657811
-95.1435
-0.00000367257
752128
-79.9943
3507.53
-147501
0.000000699666
0.0889924
-0.00026113
921837.000
-3.0322
0.47242
7.64442
-70.6234
1.9804
0.0002442
0.000358682
482.115
5.19569
5.01219
0.00770686
0.666258
-0.981584
5623.77
-752.720
0.000000771012
0.00000222813
76545.4
0.003118190
0.00434504
90934.9
-0.00495357
0.422187
53.1100
-0.000823248
0.0000002731540
930822
0.682995
0.00790330
-0.00244686
943637.00
-0.0157308
0.0000310642
11637.6
0.000000089226
0.370586
-0.0136572
0.000000913457
-0.00617754
0.000369587
-55.166
6.45774
-12264.20
82.0238
0.000183057
620.286
75.7419
0.0000854740
417.451
0.0336494
-0.0091542
-7121.96000
-0.00324264
-98.7806
0.000000685199
470.311
87.4778
-27738
-0.0000206410000
7.88580
0.440722
0.000277051
77968.9
-65.1719
0.0000527066
0.0000053192
0.493822
-478.011
-2.50030
6.26660
-572.766
6568.3
966574
0.000000611258
6591.70
0.00225488
0.00426255
0.0000589346
0.000000572588
40611.6
0.00000964497
0.0175802
0.0000216886
-0.00000697079
-0.000274423
-36.2898
-8.57283
458708.0
-0.00912849
-0.000978542
0.0866432
7180.46
-0.000971787
6578.47
853.958
0.0005733710
0.00543387
0.00207402
0.971676
-63.5732
-8.11544
-0.0000669057
-0.000875923
64361.3
0.58689
0.000000079306
-49871.5
0.0000098155
49527.4000
0.000864432
640035
58743
0.835297
-4.59942
0.00392477
0.00276635
0.777127
0.000187007
699835
0.399718
0.00245277
830880
-390.429
-0.000161998
0.000724838
61916.8
0.00000717759
-8.98436
67389.1
744080
0.00000825840
0.0000131690
-0.901489000
-0.000000864710
32.037
0.00000167897
0.00844978
5244.29
0.0275634
62073.60
-1.20890
0.000853199
0.00000318176
356.37700
-5108.87
51510.9
0.00000758053
386.169
9.93184
70.6489
0.0046258
-0.0836152
0.808408
14.9977
972323
0.00659882
0.0099212000
-0.00000941759
98697.6
-589460
-9897.28
0.969387
5172.600
0.430347
69.093
226236
-78.6914
92.1331
0.000976350
0.00806043
-823689
4.71592
0.00004098710
0.0121211
0.0390728
-0.000000145172
298744
0.0468291000
-69648.0
0.000000805857
-3731.82
245.469
0.0000004839630
-16.8954
99.98010
0.0000533526
0.00000230439
0.00213154
0.00745776
-0.999930
55.5329
0.000000260713
0.000000555443
0.164965
-1523.0
0.0511928000
1806.34
-0.000258561
-49.6738
0.00551884
0.00000372670
-0.000378625
5043.29
0.00000707395
0.000631376
0.00094246
-89941.7
566.49
2.84480
0.511306
0.000000500034
0.00316795
-434.393
903.206
-2.18926
0.754069
0.385701
-4564.23
0.00719232
0.00053321
2639.51
0.000407884
0.0852890
-0.051888
0.000309044
0.00231397
-68866.8
-462817
0.00506365
0.000410821
8.79114
0.000851533
0.000220538
685843.000
0.421078
0.0000041091
0.00000853795000
0.504592
-53.831600
884220
0.00805442
0.00000348373000
366137
0.00625481000
0.00382228
22.4529
-0.00427912
-0.00152700
5.80639
351.742
0.133242
0.0497190
14197.7
2443.9
74.4901
325154
19236.9
0.0462299
0.0185085
813.504
0.0895288000
-996674
31.5187
0.000000746839000
-0.00098980600
35680.7
-0.0967012
-0.0000014305
0.0093868900
598272
0.709565
0.0000831233
0.000000324636
0.0969745
-551835.000
-0.000000774042
-0.171886
4944.45
0.000617151
-584.651
68371.00
-388.577
0.00000226970
0.0000002098880
-0.578914
0.00000024456
-907.856
-7507.24
88698.0
2.7540200
-3493.58
-0.2827070
88.0100
9.03176
0.00000351950
6028.99
9.05950
14207.1
0.0000414569000
-0.0000843867
4142.81
3699.52
0.453026
0.310239
0.000000078432
-0.00000960510
-0.0296479
6.70791
0.000000343998
0.000000079283
0.28683500
2694.30
0.0000626551
-0.0000278988
0.0000507258
-34.1031
60854.0
9921.55
54.8436
1228.88
-30802.9
0.00275681
-0.0000378697
0.0106168
501.519
0.000193069
0.00000169764
-0.0129434
3.20032
-55.9784
739.467
0.000321288
0.0244141
0.000578107
0.0000423789
69.740
990890.00
78844.9
0.0752090
0.524281
72.5480
18711.6
7.77631
-0.000404292
0.07907140
0.00000096993
-713.756
-1.01075
0.00674298
0.0785339
0.00006733570
6111.0500
0.000000564004
0.00710640
-85.9378
-0.00000525433
0.00009338150
0.00000625279
-0.0803180
407.341
763.248
-0.00000037306800
-0.0000286432
-61713.3
-21.4361
0.0000349440
0.0721553
0.00000427003
3.257
0.197290
257.815
0.00721060
0.707794
620.655
15259.0
0.000573097
0.411378
611.066
0.00000081172
-55216.8
0.000751318
548.641
398.399
0.112340
-0.0944984
8.24183
0.00000913301000
15.3719
0.00397906
259056
0.0000640163
-0.00000033785
9.28428000
7.01331
724145
0.0000604229
0.00940910
0.00175538
35.3916
203632
179.969
-342127
355.705
0.000565708
5.43244
898.390
2827.330
-24.5391
0.0109477
587.05
-0.00714784
745197
357338
95945.00
-680106
2.7046
-50.5290
984211
77322.9
0.000000870480
-0.0000039068700
72.39130
8.40433
0.32960
928260
0.000350132
2978.12
8.23829
11481.9
0.0000770571
0.00443777
1.96381
-0.0787419
318.157
0.0000263680
0.000286881
0.580729
91.8968
17.9330
0.000619213
-8826.25
235.879
800104
-0.0837518
0.000433131
0.942451
566.375000
51.5005
-0.00000139068
441.352
0.223167000
0.000362335
-402.883
-0.18005
0.000868590
612.413
7.75966
0.0716374
0.00000650092
75855.2
0.000000094623
0.00095138000
4.44332
0.0257305
-0.000248935
0.00049043
0.0000109328
0.000525523
-0.239814
-0.0000311013
993.870
-0.00478318
-1.66398
0.000000845190
0.000000009470
19058.70
0.099987
-0.000685652
4023.1100
-0.0000001552540
0.0000277263
0.00633638
-0.000026779
-70292.1
186643
8.61407
61395.2
8.08471
0.0974173
0.0000161928
8867.80
-6942.12
-0.000751989
-4.68151
0.000000741590
0.000010749000
0.0849067
702536
1.10535
0.00176485000
-947638
78.8420
0.00000034499
752576
61.112
-0.0000024363
195.75900
9443.97
0.0251109
9.14540
7.45318
0.000347277
6.19977
0.00000738059
-0.421956
0.00000626433
549.692
13.1177
0.00108402
227.270
-0.000000618235
663.068
0.000000998808
1406.38
0.947438
69.7081
680.007
-6507.54
0.000906679
0.0530973
-0.00000924119
0.00442368
0.0000726019
0.000038899
-0.000000304332
0.000000110911
49495.8
-7.37106
0.0256166
0.029640900
64548.0
6.72716
166.785
-0.00613689
-87244.500
0.3913
0.0000258730
44.9800
0.00557695
0.00000791866000
68.6841
3642.19
0.0004627040
-0.000000707470
-0.000000476168
-1347.30
0.000942402
274634
0.000226838
332240
2.05767
0.0000447783
256845
-0.0000442399
4454.1
0.000653633
580652
44.633
0.00000484964
0.963280
13303.2
-0.000000558672
0.00000847024
84.317300
-395273
591.962
0.00609184
-0.000755674
0.00882247
41240.9
286.463
0.0680439
172.814
0.653354000
52735
0.0000331468
77776.8
-0.126758000
0.00000688219
0.000784512
7.98836
6709.81
0.0000665347
-58.2369
-954670
0.00000254614
15203.5
0.000257730
12849.1
-0.00000497178
-0.00000242575
-0.0000505241
0.000111852
-88.9027
-0.00592180
0.0509094
40.4749
0.000489439
0.000000897558
0.0506792
0.0003066
0.000000601441
0.00712354
93675.3
0.00000066326
0.0000001698300
3239.63
746104
-79.7092
-61277.1
-0.529785
0.0000299090
0.0847572
-24376.0
837.34500
765085
0.000019284
0.00150642
-0.000000477667
