1
1
121
121
4
4
1
1
1
10201
10201
10201
10201
10000
441
25
16
4
1
100000000000020000000000001
100000000000020000000000001
1
142788208157604
47303205049
1
38809
1
1
4
87646786704
1871237956624
3090564
38636343682596
144
141137702659321
1
17956
1
3023409499120521
361
16
4
256
1
65383001401
1
631652659555401
361
121
1
1
4
1
299189253279744
156008118683041
1
1
1
189723076
1
576
850690205560836
15625
256
1182077770756
1
144
28261644544
1
21609
1
224511078276
24649
2190223900829584
935089
390625
4
128278276
308951435556
49284
1
1
3506179369
196
1
1
38809
4
1
2797607486025
1
8040905251201
1
1
1167247225
490592686552929
1212201
225
25
569967876
332693514252544
167775416424225
1
1
1
2229049
44944
1
1149184
1
289
1444
1
36868992169
961
10609
674957011708290276
16
423207184
1
392645400739524
144
846926404
121
1
26836992400
1
361
2268036
4
419904
4
4
166134621619684
1
187091716681
1
225
259230667609
150724729
1
1
1
1444
1
4
1
131583841
1
13009683600
227798649
1
484
1
731025
1682209
61980601946176
1
1
16900
1
13969380539473956
1
1
4
5776
8755633656064
5986923218761
729
1662437529
9
1
121
1
1535049138841
1
18861451569
1855044
286660284792025
6150548800900
1
1
1
1
4707563374864
1
10499281156
1249924
1
1
1
1
1
1
1
34531673929
155176849
1
16150303337536
1
175134335871889
1
121
1
2886716533156
736471044
1
1
1
1
1
221953112161
1641317137321
1
1
1
1
1
9
1
16008074842966441
1
2062096
1
220510072225
1
1
17777955556
135482956335209025
241081
1
23501196601
1
1
641127467045025
123926455715076
17440107721
1
4835601
5476
1
29360137104
1
13678238116
1
1
16741632455716
784
1
1024
1
1
515524
1
1
4072324
806686839386289
4
1
290561965444
48400
1178819367255721
1
921560441841796
1
1
1
16
4
2450182873636
1
1
144
53824
1
19456921
1
441
529
90601
101713921550224
178205556736
7921
10404
5680180855969
4
441
1
9
144121153472209
19881
277688896
1
1
1
1444
58081
4483373764
1369
16
1444
16842816
289
9
529
34969
1
1
1
82369
36481
18381122929
171531409
66720956416
29241
82101733156
1
1
1
207516845648025
178021719180484
279841
124344801
1494240799578921
1
1
871371361
46225
11888704
1
1
36
230031801940318249
98379459025
1
401817799881
1
1
1
1
1
1
116054684945424
177795556
108176525604
51984
1
712356100
1401856
1
1
1
1
1
2097688755600
279841
1
4
31329
1
30014860730724
270207844
1
410393492265241
1
743329949190084
1
1
14406480729
1
1
1
143760100
157628025
6094889501089
73777967641
49792352164
17100772254864
1
1
2496734971236
1395873723841
14555939904
1
64
1
1
77510416
1
1
18234721296
3271117156129
1
1416016900
1
204186066418161
284002660561
1
1808430558841
5189617521
1545049
1
324914720702881
21413639556
1
1
1
53361
196868961
928962430843225
1
48400
1
1
1
1
121
2622566480356
1701824611600
1
146192281
93896100
3728761
484
625
1
1
2096704
34225
4
185439955757956
1
200196323355625
12166310601
1
144
196
100
361
4611674645361
1969208791225
1016606376361
12877937361
1
1
1
1
15928081
1
376244578850625
169
170459136
11948660140745329
4
1
22845938882910361
43056208728729
25953210000
1
169
34222500
112356358416
1605476521476
4
174847729
68915700324
208450270969249
4
187434445969
3140809806289
147460608036
51984
1
1
21242188009
1
1
1
3485689
289986841
983839820769
171504485161
229371025
1032256
121
1
31329
183710916
2682911908829889
223303051715584
1
2044900
21645392517607824
1
5385189001201
295936
1
1
1
1055879553600
4761
1022121
135866229131889
49
1
1
33435951025
25
1
1
2422165932405025
765352225
1131011779844621376
136118889
1350268516
1
544195584
1
196
64516
8616480625
1
4
169
11797652689
1024
1
4
15125556196
10000
1
262491842560000
16641
167833605625
9
22853648741401
6745025466634816
1
2134521
17424
1
1
4
1227664
576
1
1
17514467730841
221343933927424
123476544
3721
1
1
4
1
1
1
1
1
1
1
4861742764096
1
44517202081
770064054000784
1
121
4
4
5394034062151744
1
1
1
487824834777049
21904
25
1
1018081
1
87616
144769024
368162497128721
225
123432100
1377448996
1078033664656
1
1
1
4
1
122996084929600
1936
1
1449616
1
1
3560769
1
167210761
1
64
1
1
1
1
1
1
1966145209249
1
4377939556
78765625
101124
3136
126788027880361
510787436768449
4
1
12542208064
678633259264
38764490769
118490850625
1
655155216
289
256
16
1
1444
1
4
1
16573730121
1
59200729344
1
1
207025
759950295302416
149450625
1460131472881
1
67612480576
552956494810729
37573557921
3364
4
1
14455204
4
21474850849
95427241569
1
53422925956
1
1
14161
1
1
1
4553956
261261189107776
1
9
77312358601
1
3583449
256
400
174724
1
1
844774225
41914864240561
11999296
1399489
21510915556
710115904
112505754838129
121
1
1
1025003445705625
1
25294039681
4108729
1
1
900
81
1
194295721
840447064081
1
557277748506361
8464
1
1
111278405104164
3351466151401
211065253767225
1
15129
4
2218352067378225
37486768225
1
831744
11641744
57274624
1
1
9173093320455289
1
905889604
1
28147443984
2663424
75085316289
1
1
415466689
25
16
148996
225
1
114896961
1
1
13816827025
1
1521
1
453368512172304
9042049
1
14641
1
1
25
1354896
1
6604900
204578003809
1
2653641
1
11881
121
1
400
23409
1
1
1
1
1
4313929
210162342138529
1
1
1
1
12100
1
1
144
1656369
1
531877031401
2426917458172516
1
1
4
52173869056
197768447142289
4280761
6561
1
12100
1
3656650344169
16
1844164
4
1
241081
4524129
1
1292689411225
26396500900
1
8463323077535041
1155625
4
1
1
1
1
16
144
1
676
1
22040668521
1
4
9
1
1
1
1
1
1
174345616
1
12162556685776324
20463302500
13456
256
4169764
1
1
1085764
1
1
55840998249
676
1723969
244797316
1946133225
1
218109548484
354681889
4
2238016
107023804443361
256
1
1
1
206742383774521
1847714953353025
1
7939405823084155876
36808341025
1
1
1
100
572243616364996
1
337530384
102475129
529
1
1
1
98565184
1
4
1
1
4
132388036
11025
5459140996
1
1
1
21307456
1
1976714096824009
1
2181730681
17549890576
91480195862784
4813168129
50644351849
1
1
1974025
4
196
369677529
1
1
1
334816804
361
1
1
1
150285753473881
2183272208100
1
106790129912761
33235225
23278215184
1
4691872241329
513339649
197430601
51667919041600
2056356
123713165060164
1
1
1
4
1
29929
1600
1
4
422868924505729
118069956
1
10483916881
2160900
9
83521
601794982880100
1
109254708369
238517136
1
1
980529707089
1
88374209284
149401729
1
131769
1
396601051374025
1
12840969124
19295892358681
1
1156
57471561
1
2337285162034514176
2653336452239209
95398205956
1
1533513199201
12458801161
1
1
9
1263029831716
97812100
1
267420609
3147164700625
1
4
2714635188225
104040000
170598263000929
1
1
121
1
1
1
1
2965284
1
128145094174161
1
11034752665837761
1
1
152349649
1
82752934634496
5153712692041
1948134811536
508369
3688884898609
4
277797255897001
1
1
214651801
4
160000
1444
25600
1
172252421503009
146579449
57121
1
1705494954916
1
961
3168400
986243637604
1
1072898212864
1
1
1369
256
1
25281
1038197966400
4
13924
6440227174052676
23095488784
108900
1
28561
1942224087769
113124496
7546009
4
144
484
4624
17624421049
506424209984641
1
1
1
1
1
1
1
1
2368521
1831691560000
1
1
85849
1
1
1
1
1979177161347136
8550045010116
337873660195600
1
14984452921
16
1
1
1
53860407271225
1
74684144656
1
1
1
1
1
24964
168921
169
2090294266225
4704561
1
11498701824
1
47961
167452062866929
2845233515524
168456803186281
4
729
1
1
4171467201889
2040443690481
294225409
121456754230564
1791932954161
1
324
4
1
9
1338649
1
1
1
9
1
196
1
100957842737284
407198135080801
13689
157738448569
1389821714649
1
1
1
19600
22730257675876
1
38885079249
190633249
49729
1
2160900
105455770335556
1442401
111576969
491195244555625
413471556
207995284225
1
1
7485696
2863427121
101495792038144
299277267335424
12896300864164
69029154756
1
3125824
1256641
2472177841
165071104
1471525965504676
5579940601
3249
4
27285753856
121
1
1
1
1
1
1841728552609
1
1
1
144
221841
2117025
1
24336
676
2563012085481
7806429316
1404225
1
1
129376770620881
345142084
1
1292747499220804
16072081
12485604121
4839225630976
2289169
17424
1
1
1
10838892100
4682134302976
1
1
25974479556
1218816
57684025
253271151105025
1
3126599056
4680351481744
47868963187600
1
529
1
9
323640100
12321
1
196
8508889
14884
175854121
1
196
1
1
1766241
3364
178526530576
1
126790324934641
1949053327225
4276624
27225
280495504
1350913394944
28387584
225
1
1338754921
1940578704
1
1
2369001192336
1
1
260241391736001
1
4
287644177925776
36
52171729
1094116
1
289
1
4
1
2391887899838761
1
9
1
36
6528025
715853058561
1061849872521
128938446400
453264100
961
1
103917636
553284484
173580625
1
4
1360479628816
625
10547084601
1
16
120794739123556
298674505968804
88868975881
38809
3810304
1
1
108284836
1
1
45651450244
1
49
1092025
1
47045140230916
1
1
784
16641
1
81
38416
214721193743424
1
28517220777421476
33277056400
4
1
1
13276109284
1
1747684
237591904356
1591276285764
6687396
1
1368567740164
1
1
647964050599044
13521038400
209757289
576
153264400
1
11242609
1518851661889
121
81
63981585324801
1735972258969
4
2549955472164
1
30625
4
1
1444
121
1
1
1
82551058489
502839767479921
2402072219044
55873140625
225
20449
1
44132766084
1
2702736
8649
144
2104607376
1
196
16443702289
1
16900
1
124114015578609
4
4
316969
1750329
1048723456
6265009
1
1
4
1
1
1
9
225
1793984323609
111703761
1
1
2298992835049
1
14438665921
1
1
81000000
241833227776144
371060067609
1
2133063171001
11209104
2025
157377025
121
1
1
1
1
1
179764059542544
1
1
16
3868337642481
400
1
1
16
1944125473761
4
1
121
121
1
129140328321
1
1
927369
16
1
1
61597779721
1
1681
202500
4
9
4834202537124
1053076178025
127788690661956
1
1
1504879004272900
1
289
16418704
1330336173604
1
1
1
15776784
22689396900
106811770260484
19904695056
119465971142401
1103781372100
4
400
1
1
121
1
169
1
1
1
635415938821764
9
1
4
28685858161
1
1
100841764
113569
200249090064
49
9150625
1
1
1
423271251649
1
1
1
25
15625
144
8552641760100
110817729
17390668124944
19881
1
4
25591680676
9
81235260324
100
1397071992484
625
144
13799670784
1
1
1
1
1
1411344
24025
9
1
25170457104
1
1004004
149139025638001
1
10609
2255631519376
1266745547294161
36
1
118062480310336
196
569442769
16621655625
1
1
1
961
1
12166144
1560001
5345344
1
1
195832036
36
121
1
1
1
4
31684
67638485476
1
964684713271876
2240263556001
72900
25202463573054244
211295296
1238929277184
1
1119364
159668496
1
1
214856964
1
12447817371225369
20164
491694214324041
1
400
1
1
484
400
324
1
2081549376
1
61370648361
1
26896
9
33272258140521
841
4
1
26438775678225
23409
79459396
1
65536
1
1
1
1
18450875556
1
7070281
1
23036561284
1
4
121220100
1
1
331272032774400
4
1
3049961859396
11748551443456
574947169539136
9779498673961
116699731645225
1
4
11468910649
1
180499225
400
408242025
1
4063304503696
11775288196
9
11236
3600
1
244178032682809
1
4
29171719177225
164916964
729
1
1
1
63547855569
256
3500689646169
144
4014869769
1
1
1086777529083481
12321
1188100
1
16
1
59274601
12100
1
5022081
1
245736976
1
121
5776
1069156
1296
4
529
1
1
1
1
20042064900
1
3249
109710227290225
189872415536400
64
25
19044
2515396
9568709048889
1
256
4
1
196
144
18408248329
366000555961881
89250965001
256
1
13849033802041
6001291024
3017169
9
28224
1
1
1017291025
1
1
1296
123654400
1
1067055944256
264962415025
12325667488849
1
326639907605124
1
4
175561
75156029316
225
1
220175854441
1
16348435321
1
400
661894582745344
1
1247689
1
144
20736
1
121
12289052736
1
66049
1
3326976
7165283904
1
5654884
22801
13102923024
345365056
1
1
4
13456
1
1
121
14646189237156
191087882496
14641
1
1
676
165243157833636
81
40368846400
391211530948624
27225
1147302338884
101124
23475449089
101425041
1
1
6241
1
1033585355716
200902276
473011066564
3251282680800400
1
1
1350244
1
121
1
1
1
16
30035316249
1
28561
529
1
1
1
1
38514436
52707600
68644
2705456196
4
167262489
12481581841
121
5669161
1
2921935540689
410606392730625
1
12377230009
1
113465104
1
1
1
13927304196
3341584
1
1
1
1225
49196196
1147041
134861769
1
4
1
4
2939263367184
3402010558116
3034564
7693938702025
12292036
1
1
1
1
1
169
9
1
19090948900
20033571600
1348129988100
1403876631609
16
15538869025
920364209625025
1
433659092217289
9
1
118055569854244
225
9
16836562084644
1
1
2735716
1
2214078528484
1
112683766098121
358344900
1
123476544
1
1
3694334458795369
18790378084
12043306564
1210638232527529
534386026137681
1156
7419255316561
9409
23409
1
1
1
1
1
16
1668713653369
186679454498761
1
1
5149601221961284
1
4
1
2270919399849
35495690409
1254400
28900
1
16641
674388961
7356604401422500
2650384
289
1
1789369054929
79524
1
140588449
1
20921886736
28739064676
23493409
1
196
1
1
3969
9
4
2554310364841
1
1
1
11881
1
14884
1
181063909088001
33234748416
17161
17956
97372706116
1
1
196
1
1
27790890436
7043741329
6416089
117979915764736
1
2116
1
1
1429869630622689
4
1035660370276
13813300900
1
4
1
1
184041
1
210631116554496
4
100914228900
1
1322240112769
1
412404466369536
1
1
1
1
3247746121
16412172100
1
10995856
2411809
1
107584
256
1
1
4
169
147518214561
4
1
92416
232166169
576
8624740686948324
1
14605931025
1852307390025
1890795503844
1
19321
144480400
4
1
1
1
3779318738209
4
1
65536
1
40401
42939713961
4208122979641
77008470016
1
2036645143932025
1
3055504
405765628140625
40564161
1
1
16
121
1
1
4
1
25
44315649
121418361
24649
258102609444
4
1946025
1
1
3478225
3075930191889
900
1
2418025
24698322649
36100
1
135350793649296
4
1
1
58309045793296
1
1
1
1
3052009
9
1
1529892244862569
1
15540877764864
1
76176
16633260900
4
1
1
1
4
1
205237993024
1390041
2126224321
1435874958400
1
1703504856490369
1
22500
235315600
140683321
1
16641
2334784
1
2039184
136492489
8746469098249
5323241056225
144
12321
2630884
219374726180416
77704225
5835374585104
181424062890625
1
12990756529
1022121
1
107234636089
121
36
1
121
1
1
149695225
354301133824
9
17725993321
1225
1
45475562500
4
1
300626911251216
287200809
281736225
1296
81
318096
1
4
36
2614689
236196
2184484
10177984996
1
1
10346754961
256
1
9
9
4201052824609
4475300525949969
1
1
1
1
1089936
1229051607876
129600
56169
144
1
1
64009
1
18054759424
1
12064386244
1
1
20524860225
19321
6692569
1
705911761
60508620225
1
1
10882411824802401
1
1
509314624
1
1
13884149108736
1
814759936
1
84086222381316
1
1
16
40594190400
2259009
784
1
473236516
1
1
11553534104401
1172889
1
1
4
1
144
1
469979041
3211264
1
8670589456
7545162947716
5751871669636
776644931722500
1575002410081
72581209281
196
1
2379837872750724
1
1
1518573920205456
1
196
2706025
15079348804
9
36
1
120514511104
1
1
4
1
2049314321038609
1
3412085035489
4
1
16416410648089
9
4
184611433178041
4
1044484
34821801
164238347433601
3305124
1
25
1320201
40698624121
196
21930357876196
2194424486881
1
5879362329
330948864
1
2920681
18506894257296
588644644
23010470267929
4
145978106979600
177928921
8677525749884644
1
1
12100
1
9
4971096036
8231161
78400
1311741867969
1
18225
900
376282404
25
100
11664
1
1
4
13925652049
1
1
1
120733155282496
128881
148018709694436
1
1256641
371965379251216
2979076
11422479376
1
1
90000
16
1
2084196409
1535121
217681991402500
9
550065630296484
1264655844
1
402028485219904
1
1
6605954792850625
1
21441744900
1
9463381740121
11449
1
1
1
10372404025
183223296
1
142444225
1
3763784953893636
1
5987809
1
1
1
1
1126810624
408317958920641
32041
3485689
148302222643600
8277129
4
832726449
1
119617969
11664
1
1
1
1
38117127644649
637158564
484
2572816
1
439153936
1
4
101458781655625
2458624
51718695654832704
11343424
1
196
1
1
1
4443664
1
1
1
144
1
1
16377088729
1
256
144
15876
85304884900
289
1
1
1
16
31606083961
1
113848900
194295721
1
1
256
324
1
101233701758016
1
1
215819710096
1
144
15625
1
22201
1629937356100
1024
2468599225
4
46011537009
2500
1
969824164
1
196
171775047264804
257690975195536
1
1
169
1
225
24484851479089
28561
1
1
187241866813225
49161088729
25921
1
4
367236
1
21025
18769
1
1
2704
1
14447601
338737968144
237096956590209
1
143832049
116393738919649
1
4
136803199764100
4
4661281
1
9
48472627225
1
1
123121216
1
182914020734041
2736754596
2289169
4
2643876
1
4414201
17462829609
1
130038557868025
1
1521
19881
1
1
1
11236
65837914921
7319658025
29241
14409616
361
312481
37210000
565304120015625
1
1
1
1
1624626356675716
737881
1
312948447741801
1
1481089
121
45792289
1
1
1
1
9
1
2483776
1
18818244
196
1121538186729
139816411711201
9431041
4
21025
771617284
624072944028304
187051904062864
1
159297794270329
3165975289
1
21609
1
1
9801
1
1
352117306214521
32077168201
1
196
1
774898569
1
9
1
1
1
37959118561
4373895400996
151643117407716
1387684
1
3165799513331844
1521
346021591696
23716
20693401
1
1
233814681
27576587844
1
1
1602756
14641
100191873961
15819853729
265573076666569
49
59777316036
15173558761
19845202129
1
33013436416
5041
1
1245456
1
1
224945133345241
1
280961392181409
4648797395449
137602418704
38457171025
3160960060877056
1
4
1
1
1
11325429241
18027259205904
1
121
25600
3276100
134749378585600
1
17689
1181569
341462585104
92171808378225
5692996
9
17994564
47060360356
1
7306209
103889930554881
3694084
2505604068100
120077764
1
204118369
1
1
1
1243877108524164
1
13893572641
52050141025
1
16
19170617764
1
7658037843856
1
1
8648498551268416
1
18730112164
1752976
1
1
18077573643529
1
2209
632975281
1
144
1
4
1
11139324849
22545923409
9
6921166517721
1
1
4
557738505454144
1
25
1381694457025
1
196
1739761
23561316
1
106350296266384
3938653036816
196
400
1
35721
108241
1
1
1
3496900
27729909529
174360484020969
267648683840784
19600
12252002081796
1
1
1
1849
2246380816
1484023422025
177309208561
1
164403684
1290768654400
15354431569
1
226326599664025
9
28694296406300281
1
1
1
11287575049
1
529
14806752489
1
32873678721
529
1
118810000
1
1
4
77872809249
1
144
529
5434350011185936
1063206392161
1255603168369
1
1
1
341599479408100
2916
2897192068996
49
1330061678089
3012912100
121
4588164
1
1
69793714225
12590186436
1
121
1
1
102373924
1
1
37316966976
1
1
1219482907204
77841
38978604900
441
1
1
1
2581201065692484
346395935241225
1
239242751940676
1
9
147306769
232302194380369
1
1
5134756
1
1
1
1
1
1
9
1
4
14514707529
1
4
1
1083681
1
1
4
900
36
78809894361
1640656402170289
1
49
1
165124684507225
560416705226884
144
4648336
1
11225826304
695556
1
1510441
1
324
1
1
111654979822864
198049638606121
400
289
1
4
23409
1
34596
256
4669921
64
115390564
79524
1
1347921
1
4
6704433061264
1
400
1
3575881
1073698005636
9
1
1
1
1156
4
7008250236100
3880900
2926467118864
1
734392872899856
4
1
20286016
5184
1
5216656
159592689
1
1
1212201
1
484
1449553329
361
682933689
1
1
24369200091289
1
1
1
1
1339757635441
117874449
1
25577314989604
1
4
1296
3825016735225
5626631668309129
324
1
55144189584
25
1831894575625
5797147321
143879929040016
4
35344
361
1
1218816
1
1804226971773249
1
1
1
1
2755600
1
1
1
7225
1
1
1
1
144
361
1
1
1
1
1
1
1
1
1
197017913689
11664
8836
1
1
1595169
2979307288489
1
4
62001
2046759422500
1
5189284
188183139896196
17783556025
946378752400
51194040121
1
87149935880569
133967267782929
1
12180212496
1
120302902919824
4
1
243006289418281
1
49671928384
1
1
1
1
1
1
109190378336400
58995552100
165688384
1
1
1
2445020086336
1
5623931450751376
1
1
1359556
11360575396
9
1
179471696881
1
1
54671236
23393702500
1
1
1
535552164
5034808970244
4
4
1
1
625
469008323560000
36590401
4365964281121
1781600274756
15237359092036
1795600
28224
3185603850276
1
1
9199089
1
954784044176400
46321800625
1
1
295936
25251346296785284
4
1
1
361
455224896
123810129
1147707258721
1
617274025
126585001
121
17826522256
169
2735020766225476
9216
2089623970884025
1
1
17246952173025
9
1
1764
9
1880480145636
7672900
4035598854400
4109066404
2490084
1
1
172634661180601
266256
100841683664016
6869641
133058301308100
1
1
1
181756855048729
1
4
1
1
4
1
1
1
708730884
1
48793717449
2116
5401947475681
289
32761
142884
1
1089
3025
1132096
240580511592964
150495997117761
77841
1
9
62339603041
1
43264
328443129
433267430515929
13689
1
20133169
1
1
1
12321
61877060001
1
3227716969
1
4
12768966010161
1
4
288173565124
2699449
169
9
2566888013736225
81
45063222961
18837837001
1
1125870916
66626966884
1
1038361
1
1
1537600
1
9409
1807198951041
49729
903182809
1413956431801
16
121
1702325591824
1
24649
8111502724900
2664259649536
368449
1
1
1
1
103546229796
1
142129
778483288489
1
1
1
1
17834267025
1
1
4
1
1
28900
9
1
30342779031184
337367444029225
1599918884641
1600
1149184
1
20164
1352569
1
1012593400729
5311056712329
101263969
1
1
4
1
27556
11511573264
15498009081
2025
1
144
1
1236544
225
2316261793329
381241869973056
1690730678961
196
4
1
1
1262670226596
182866561641
2938207374400
36100
1
1340964
1
1
4891271870884
1
1
9979281
13456
506640810394489
1
122278191854809
1
30654757225
1
1
1
3600
248755984
1
196
13167792001
529
20482189456
1
1
334228013865216
1
1
459987020446864
1155932001
28900
4806787561
455455012497664
272570689381225
25
1
1
6051600
1
3810143937681
1
1
1
529
1042796338276
513825177856
1
1
1
225
1
1
400
1
1
38327067529
13944067225
1
10404
1
1
356227876
604176400
1075914531169
45659048380848400
12052985571081
1
169
1
400
1
1
11025
1
1
24025
1
5410276
678577242564
4
1
114961284
8323225
960400
1
1
81721600
1
1
9
128177584974916
121
33895684
406586896
1
11553670144
1210017600064
10439526276
826510635813604
225
137757169
1
1
120121600
363334994170290025
1
1
121
625
20164
1
9025
250046002116
361
1
88895211409
103151219128573225
1697809
529220592992025
5929
39204
1
1
1
1
99760144
1334025
1
273830545326276
8508889
114921
1
47472031100025
108243216
1473796
121
1
1
11213222418225
1
15402024714751236
90957459014244
1
14161
1
318096
2379781089
4
172915819864516
7906575045317776
1267876
513176169105664
1
1089
1
1
1
2965439599222500
1
1181569
1
1
2254730256
1
4361899082256
29233269968400
10590865518321
50452609
17161
1
45020352400
1
1
104524183204
161764057822500
133079296
1
1
4624
1
3435952689
16
121
17627507784390625
1
27943468569
226021156
31388275170576
52900
1
900
1638400
1089
9
75625
1
1
1
33856
1
270637901557776
288872616040009
1
1
1
1
121
131031519610000
1
2976756707584
49354621281
1
89068821136
1
122744241
1
113678244
1501585553664
1
37903763110676544
13959658801
1552516
168557432123089
22179251329
557314575615121
1448939430961
52617454856521
256
1024
1
42436
1024
4
1
11619556110009
4
1
1089936
3546678916
452306598785001
29584
1
146579449
1
63023592025
1713481
1
1201216
1
345365056
1
1656415332324
3993475190214601
1
1
10609
8446097251089
1168561
16
163777951475776
1
1
1
10441978596
1
1
1
1
26853124
1
144
518702856952401
1
1
11532397321
16837657600
1
1
1156
1
25157766544
44289025
1
1
1
1
1
324
1
144
144
1
1662820566016
196
1
1
1
1466521
1
243048100
6827769
1
1
217521497664
1
10045251076
21025
1
1
1
32400
16
302319731374336
48536496100
1
9
121
367412224
84538333747729
121
1
412229486601
1
17161
1
1
321341476
1
1
73441
1083429092641
1
4601025
1
12006242329
1
6007401
9
6412021646809
1
1
1998090000
1
26816355049
1
1
1
14128175044
1
1
103917636
1
1
43681
1
177746036972449
107868248209296
9120400
23639044
1
14541706921
784781450630401
1878702336
4
49284
1
1
1
121
576
18084649286025
25921
1
1
1
1
1
124389409
138156516
1
504998109898569
418903942582449
1295044
395811025
1
1
1
390023001
529
18944430350400
205209
17689
1
1117056634281
1
1
1
401244526525921
52441
110224
92611879684
1
9
44944
15760900
26425727235216
1
60516
81
1
1
14641
39532530500100
1
1
101761
968953504608324
1
8725808786704
11664
908479881
1
162510178210704
4
1478656
507228840000
9
1
225
172843609
2002225
11978521
1
124609
1558197965284
1
2796082884
4
158432569
4
1
102131830843265521
1
1
1
13621924369
1
1980569284929
1
1
7203856
1
100
1
1
400
1
7120321924
13981170564
1196883216
7637711236
4
1
72361
55986184996
1
7312903160644
2540361604
4110062874241
1
1296
132848676
3147991450564
1
1
1339248393081
9
255848534410756
7627220045277849
36
106594393901744961
1
488586816
1
281989903428025
3249
9211018621156
144
25
3671056
292957456
107516161
361
302461698313476
13688298009
4
3815353543849
40804
1
662583070194721
18258529
4
1
1113025
16641
1
12100
1
1
1
1
87165476644
21419493316
21512968929
261943251684921
1108809
207225381855625
144
1
144
4662278511361
1
29626249
400
484
1
1
1
1
1071407914887424
4
1070636748183396
1328588190736
105062500
1
1
13689
1
3250809
1
1
1
1
1
23265705961
6734025
618815376
192632332201
1
2540836
400
98596
161602469591616
1
15973922634121
1
12642303844
4
1
1
1
1
324
2540836
1731856
26118095281239844
2765569
529
16329772944
13225
1
1
1
144
1
2457816462376900
1
1
1
1
1
505125625
9
433514041
2313441
16392193024
528586081
133102369
127244107744009
6031936
1
1
92160209241
1
1483328196
4477456
1
1
11344050456649
1
1
11449
226670880581649
1
1
9
10000
1
22052416
14641
4
5806779395076
1
27889
9412624
1
121
22201
1
2023546080196
2030625
324
172391040000
1
1
1290496
1
488503144900
6017209
4
1
1
1
1
520740761865025
25921
4
4359744
42025
1
1575225806400
1060900
47886400
256
1
13456
4
1600
772284167209
1
198403535765241
1
4
1
2720716508398144
36
1
10404
270964521
512886609
93196144054225
157083682623189921
1
4
1
114440800681
9
1
1960000
1
1027147791289
1
163216
13510575225
1
7056
24497571289
12485827600
4
33856
1
36864
362088645505129
772347073423689
1
76193665024
1
1
1
1
1
1
1
1764
1
23298704312435161
1
1
8008900
75917745660241
143737487749249
20749250116
31563786244
6891158169
1
1
23861661825600
1653423291886864
125037124
2329780955044
1
144
538683536136249
1
3591025
168930951054336
1
1512900
1
1
1
273529
4
2409957699342400
5252787274816
1159929
1
4
16
1
2175625
1
1069156
1
900
4
4
1
1
74742092100
1522756
1841679697225
1313555049
1
545618728061289
32922650916
699338025
1444
274796929
90601
1
2144121259887649
1
17424
38508567696
13764285500625
1
1
1
1
419888448144
2937796
93934864
3279721
1
1100172329881
82935936196
99540529
1
1
1
1
160022500
50851152004
1
484
1
115600
1
1
1338207062481
1
1
1
4
121
2131600
440244324
1
1
37636
1121481
9
12321
1
1
1
16
9
11887497230625
14509647936
5428900
1
1562302506241
1
1
18371904849
49
235225
1
1
1
1
4
1248113496100
329894569
1
4676371456
1
225
1
1
144
400
1
21609
1
1
1
1
1
1
1
1
3998036241081
139134457207729
3089101517056
2093584265512804
4
1
1
576
1
9096256
1
42471289
1
1
3982698748900
116964
2550409
11449
4
1934291260944
4985489618041
1
1
226803600
151216209
285795423085225
4
1089
5322249
1
256
92275236
1
1
151191616
4
56187487521
956479329
1
9
759994624
3798601
9
1
20217280227769
209844196
114939841
1
178275904
1
1
1
1
1
64821160000
24025
2187284228809
16
155217088576
5997601
146519762841
1941499464129
1
1
3502628283961
1
1
49729
1
343953942573401689
62260729441
1
1
677286259276176
24964
1
2314125500625
175373314493881
1
851564261117476
1
2334784
52963499044
9
1
28904461906369
1
1
37636
83907615212100
121
1
1
24329136484
1
1
330148900
46225
18026553169
28900
4
14285030400
1
133830608716324
1
41676540213169
3651603780889
1
324
1
56715961
1020542427961
1
10816
2298818340648036
1
1
1
1
1
320106523693441
144
131074723771369
1
8741968449124
1
1
4
1
14412002500
25921
195552256
2620069907569
1
1
5990207300100
1
11881
1
1715961142809
4
169265616284944
108784900
1305489056400
1
1121546658961
1
1
195356529
311856244940304
1366776759363136
2815575844
1
289
101056595236
1
30305025
1
9
69139225
1014049
40874326276
1481089
4
130165281
144
1
1
1
831763077131809
1
697537698861721
1
53029009538404
1699641512209
1
36000508644
1
29925276160000
1
1
625
1
2483776
1
1
1
144
1
15850306404
1
1
169
21405738249
1
1
1
4
42849
1
1
900
121
1
1
1
12258696961
361
54289
1
1
94906508761
26490817600
1
1044365451364
7584516
118742996249476
131819813400961
240387225849
36508891329
1
1
1
1
1060900
1
1238476864
107516161
1129969
1
6561
512796025
4
2073600
100323200725609
59754335809
1
114961284
314377226030596
1
1
1
3444736
1
1
1
51724864
225
1
1
1
3459600
484
9
15206095969
143748517893289
4
171164889
88209
1
1
32754122361
1
1
9
1
3764062014210304
21961165249
1
1
1
403225
335329344
1
1
1
51897616
121
13988975625
1
9946218107409984
23490035609104
71824
1
147428164
1
9
121
5299204
529
1
62001
23454649
645634813329025
84080861089
1
69279504100
27867294225
283231834637049
17119890649
3694084
900601
1
755700100
1
1
87782430961
1
1181569
1
1
327935881
1
824357352717376
1
100391161772521
1
1
1250530029441
10397645313444
1
270997444
254231576618881
1
179587793284
4
1
1
1
4
1790359503769600
1
10070523904
1
1
324
7944782185201
26399115932049
5846284521
49
4
1
1117053412677801
724171780993600
100806653860404496
27904032025
13503427439401
1
22416976729
3467044
242064
1
1
1
1
101229636954436
1
4160518870225
9
144
63079336336
1
1
11915032336
1
1
21820902961
37249
1
573647958000601
1
1
2494678097025
468332881
1
147456
1
9
5076009
1
25
100902025
1
12206272324
1
1
10404
3020644
9
201031705459225
2926331450962929
4
2382324240465481
115390564
834112161
1
22201
1
1
16858944964
1
1418640598489
121
14399760001
1
17934566400
1
144
10010202601
22626778084
3721
1
211369122772044484
236728996
3455088400
1
46339881289
1
289
3104940023056
4
1345996429854976
1
1
4624
4
1
75238276
629976416647561
7683223716
3200051761
4
177276336314256
56280679182025
1
680270724
1122071999841
1
1
1380009789201289
1
171112561
14738202801
1
1
3748096
5067050522121
1
1
271755225
3301489
1
9
1
57410929
1
190658157641604
64
10329266689
2805883510889281
75422746129129
1
1
213553008583209
124931901162436
1943236
1
1
4
10404
18807149031841
500242921264321
18769
1
1
1742400
1
14564869225
1302551994436
132963961
678976
141562404
7562225002500
4
330512400
293971080481
1
1
1
7579009
4
51076
173923344
2676051026496
570025
146639966031001
1140624
9409697355529
1
1
114632099746984029456
109935225
1
1580049
337603876
1739473469881
1023905181924
1309426596
1
118465379344
1
1
1276900
344028304
224676
9
1
460059601
1
4
252192789375241
1
2985761496662884
4
1
1
1
36864
4
1
579121
576
5929
1
31969864556100
299151616
107391769
211994864041
21501769
1
441
576
1297840435984
1
155415093300481
1
1
1
1
559504
7104938229081
225
1
1
121969936
1
121104
1
1
22223057476
133122490288384
1
16000904012769
5980890883396
1
324
10233601
1
576
103002201
1
13689
14641
1855044
630999127132416
1
4
1
1
729
1
1768900
58942613961
1
165456769
1
4
17589921129
1
400
66564
1
12996
4
12912913225
4
1
1
169
4
1
1
1
1
87616
41224202447828481
1
1
1960338814641
4
2744535608896
1
1
1703025
512656
1
2386098090000
19600
121
5387542824413689
1
1
4225
324
1
5866084
4
10201
1
12711209536
5121920343556
1
1134225
4635409
1070010254569
3621409
111616055522500
10338822400
196
5041
109537156
33489
1
1
20329341561
25
1
5188324213380529
14400
1
4
62001
698507739914209
3154176
4
1
27225
841
144
1
1
2847126399649
1
4096
1
1661521
11224723158878436
1
15815074564
990608155849
1
9207100261620496
28559986009
4481341818724
1
16
1
1239110401
576
1369
289
302620816
1
225
1
2004452829369
1
8493127004209
55696369
196
16
16022496400
1
1
1
144
27418061056
51076
125846216334400
702244
1
529
9
422404968515049
1
10201
416459158543561
1
482285521
1
1
15085456
1
1
8100
1
1
71723961
13924
1
1
164685889
2007778475521
1495220275264
16111561794241
105563048774544
324
145936136642409
1
1
16
1
53191119424
581484996
20007819601
169
2500
1
25532101584900
70041739716
1
164586810249
1
20105822025
12321
4
1
91091200077241
2025
304015211905024
11295650961
15876
1
1
407986471755625
695860557130561
1
8227976718025
1438987378084
476630067456
1
1
406506244
1
1
1
309491763694884
43660938304
4
1
14480030889
1
1
296511831841
12896554969
1359397428624
31013761
1089
1
2222359414564
476286976
6150400
1
1168613951520016
1556144704
144
1
1092025
14641
10201
529
361
1
4
1
1
29241
1
355058649
1
20164
1
1
1
1522756
151167025
1
187088231120400
1
170098902586809
1
81
576
182007081
1
361
256
1
1
122601474228025
25
1271279025
1
4344606634384
1
102556129
1
1
105669641621476
1
844018704
720654025
2689885367569
1030439660613444
4
4
27426169
1
529
1
1769573343292209
24025
1
14707225
361
3833764
1
1
154157204992036
52649536
1
1
1
1
1
2401
245235600
1
1
1
1
1153476
1
1
1
1
1
10211102500
24336
3002492025
207971961240289
16433051212900
1
1
225
1
1
1
33949418962049761
1
1488400
3792931527025
1
1159929
69169
14641
2401
49
441
4
9
4
1
52900
149303961
1
121
49
1
1
1
739600
1
140067225
1
40000
1
625
13924
1
8324593623902521
1
102596641
130074025
49
5329
1
1
1
149499529
3969
157404022997776
1885142783169361
57121
15766569225
12018327828516
625
1
1
10171932736
4
25081373641
160101420428161
1166400
1
18118236816
673019843775876
1
128097124
1
1664100
324
1
375295912996
1
961
1
19970211856
1
4
449699525454400
510082225
17905383721
19321
6559176865921
227198042148100
1
6561
59259204
1
1
1330243903044
224599378489600
1
4
1
4
1
17853769924
1
529
1
65790072333020025
1
18496
1
879122500
16
1
1
1
1
121
9054081
3279721
175032900
1
4
1
353064100
1
1
1
46570503204
1251058829496100
1
144
1
45333423660100
1
1
11664
1
1
103684
1
1
12544
1
1
528867712271376
169
6724
1
361
14884
109321704312804
3697929
942183025
1
1
1
98596
20247297849
4
104548108921
1
1
6152408964025
10019814137281
4
9
836531573641
1
1
134979922303396
1
1083681
121
46700494418176
939717866613124
1
113103225
3458640306564
119115396
1
169
658167428991076
1
37591780996
1
13924
92979255625
1
1
1
1
324
1
1144900
1
312087556
1
9
122276842788996
34969
5012919492025
1
529
1
4
1
89401
1
1
144
1
45796
12859396
1
1
1
12769
1
1819801
1
225
676
196678830753729
772840000
45796
1
16
91836272025
1
78369203025
1
1
1
1
1
1894130123076
1
1
1
1034289
79479136181316249
1
23715692001
4
1
1
2382318481
1
327823832080836
65628372238483201
15322973796
1
25
10798676665956
2748950736016
942535743555025
1411344
213452100
1
1
794225124
402845041
16
1
176400
1
1240996
33759285169
1100401
1074134486068081
1
130803742224
1
9
177241
1
26884225
164256033370081
1
700343296
15129
1384669958400
8896541047849
1
1
1
3746965461264
1
121
43586404
10357132900
4105990084
121
100873077386481
1
144
4978457611610596
1
1
1
1
1
256
1
1
176808959084209
448338276
441
26937015625
1
1
1
2356225
1
1
1
69155856
1
1
131537961
12544
256
356378884
13043695681
15376
1
1
757185289
1142761
331098455524321
1
1
1
1
1
1097265625
576
4
121
576
1
1
145575060849
11449
961
1
64818601
1564518916
76176
157326849
1065024
455768187217984
1047299044
31046792401
1
155142643963129
1087849
228465613176241
1768900
1
784
1
4
77284
1
3537152855824
277767997260852004
1
2701443970449
1
1
5688225
1
1
1
1
1
1600
2401
1
3364
63504
2022084
1
2268718734082761
1
144
161342277435364
64252664882176
389376
1
1
1471266353268100
1
33825856
1
1
23126481
4
1
1098127044
590514786260100
100620961
1
1225
7979134276
1
111809476
1
198167869538521
16900
3933923841
209960100
1022121
11451456
4435155347629444
1
1073296
1
1
2753339543761
15954721344
8352100
30793932324
54930782347102561
1
9
1
25
1218816
120029707021249
1
1
123628714134025
8506013081049
1
1
1420864
2388140620321
1
1681
210888484
1
1
1
44076903025
1
1
1
1
17336988900
14417209
279841
1
1
2757405121
1
1
9012004
1727233600
1
525688231563664
140716462585609
2003560996934025
1
1
3481
665340959993616
1764077700855625
1
625
1
643060369063225
1
163047361
1
16
1
267094335406441
1
1
1
49
1
13456
84959424484
252117489291264
4
1
22102174224
1
6336476971164081
1
3561463684
11254875921
1
5646274163721
1
1
16
17424
123543225
169
221841
421645156
121
1
242300356
1
1
16
1656763026849316
195499204302609
9690769
1
1
625400064
1
1
36
117912277822564
4
146724769
1
239327149920804
26569
7739039939569
2013561
4946976672400
1
1328165136
1
169
264712900
126203879402500
394896384
1
4
1909924
1
217231783276225
1
118701025
150980149610404
4
1
1
2846012862169
35571299932224
1
1
1
21325924
4
333208516
1118644675600
1
1
1
1814409
14760549049
16606407409216
400
784
2947807418724
784
1
1259185225
1
1
81
1008114394401
17414233369
11881
12100
1
1
49
10816
21609
1
1
289
1
1
9803161
1
1
111450249
298529284
9
1
203122952998641
1
1
46536245775504
1
1
5329
1
1
1
1
1
4
1
1132096
1
1
1
1
49
1
1
1344901770601
1
256
153586449
1047597284484
1
1
38843221099489
1001166339889
800324100
529
729
349281
2601
8168164
144
1458404030736
1
2181529
2068145991025
1
1
1
1
1
1
1681
126202756
203543950535689
13183402761
1764
269415883415449
1
169
1833316
1
303735184
2634129
576
1
1
25
319539113181649
1
1024
1
1
16
208600249
137381841
245025
14996155565169
1
16367108356
4
1
3122350884
10680809104
2238016
10413529
1
1
1
323244441
51036231744
10201
1
32400
24188647729
1
1
121
1
16641
580261035377664
14884
96100
573219364
1
16
1
1
91204
1
1
1
363474225
11025
144
1
2715904
1
1
1
4
1
1
55302246156304
1
1
1
1
1
10777202608225
1
14884
146046910790169
607113680625
12321
21681679009
114789796
1
1
104673361
121
4489
1
1
1
4
1
13140625
1663644132324657025
1368038169
1
1
1
1721344
1
4
1
1
4
1
1
186459025
51529
24945675364
33856
1
196
1641307868511364
1
1160329678596
121
1
9
33489
1020716193025
114112516063716
32047802361
572177267776
4986289
1
229826024480196
1
35721
1
5369398262287684
1
1
1
33831160399936
319007426486841
1
80707645144628100
1
379859593260169
4
3508074441
367297225
4
16
141376
232956814336
12100
2663459904121
13689
135606025
354322608724681
1
1985748815556
1363348140625
324
1
1
1
1
32400
189557824
1442726672830564
690217984
23104
1
23409
1
5689126565721
1
68121
67059721
4
1
1
11428251409
1
168476590681
12489156
1
28136372121
1
3333757436164
4
4
144
1658944
1
10663040644
1
204744476121025
25779834721
4
31179704686641
18086753169
4824757220089
1
180311184
1633284
9
18496
19687235220900
109393578009
1
1602756
9
85264
1
484
113977082760025
1445368324
995887671905344
69239041
5710017387527649
1
137027309584
757295361
1
1
1016064
12769
169
1052896001792881
560126889
8145316
8623919095801
12012160000
14792397376
22179251329
81
490000
109788484
1
21534975504
12100
21316
4
739840000
225
16138907521
1
1
1
1
173129223744
1
15376
51984
1
4694853361
1
1
1
5189284
1
1138489
1923769
1530169
1
1
26313329641104
19608400900
59201652336121
1
47994731929
841
1
15129
14047504
1
84681
1
1
17915019409
1
179094919543225
1089
1
4
168100
41536885636
625
1
1060304743521
169
435600
1
27092830801
11449
841
1
17239104
174609796
1
677300625
7828418418722500
4648336
1
279097285502025
1916863524
1
1
4
118991882304
1
625
2866249
576
1
31329
1
110224
225
1
1113107291521
4
1
6889
1
1127060380161
1
1
1
4900
121
1
1027516732225
1
1
8458964485171641
12572912641
1
8191044
2049129264484
178663803444324
1
33329614096
1
1705583760400
3682149415634089
144
1
15784729
1
1
15852804107364
2500
1
1
1
1
121
4186279681600
353657925582025
111633501456
1
361
1414060816
1
1
308563585225
1
1646089
6256006442401
1
1
123632161
289
1
162792081
36
44489762711181225
108264025
1
4576793104
1
9
1298391880900
289
1
1
14023533241
1764
16
1
1
676
1
1
1
29584
4
7225
37976655376
1
1
4402241815104
16859983716
445860117160000
14884
237221604
1
1
178655703426225
1
2064969
422500
1
1
1
1
296661051556
4117303624996
1
1
1
1
121
78594022816929
1
1
4
1
16
182390210956864
4
1
1
2343457615569984
13712749643329
1
1397787769
4490161
340861986152704
158583649
1
1
22801
32982049
1
1976836
623051521
27556
1
1623076
399920004
1776889
1
1
1
138933369
1
11664
1
1
4
8154085846200529
247212729
28620327941209
1
1
15376
112890625
1
4280761
1
1
2739025
10587586816
2313441
529
20449
1
1598669636656689
10340042596
1
1
1
1
1
1
4060225
366816953881156
58081
10609
2116547786896
122701682944
400
767733264
36
1
1
1
1
15726915649
126736
1
9486400
106110601
1
5513104
200684424013969
1
1
3297856
1
11778624
364481460729
48890516544
4465956584961
16
104449190596
114011163115201
1
289
8029475561090281
10609
9
14178617476
1
225
1
1833209856
265070961
1
7675138535505424
1
1
10649635970884
1
1
1
1
196
1817104
1
1354896
1
1
1
10611487389781476
1
1
42527171093796
225
1
10201
961
1444
1
11025
1
2019241
1
1225
1
14775374916
9
361
1
3896427279969
1
121528576
2235025
10307731729
11449
1
4
841
4498641
400
145495342001025
4076361
1607824
18225
190096
4
4
70225
67600
1
1
36
1
1
22801
10421551396
1
3173294224
4
4
4559963055649
45900625
1
111071153340900
4
1
1
9
44100
2064969
1
1
1077444
36
1
74808267121
1
29246864193369
114982729
3613588759075689
527154528343716
1
1
56448057744
4
1
9
175860168067984
81
532900
1292769
7022113105329
1
1804981502016
3651921
12584128041
1
783664036
169
18225
1116090789123025
1438581949281
9
1
1
1
1
256
155002500
18527773272100
1642893316516
1
36492460900
1
16051099778914225
25
1
1
11236
11950862400
908209
1817926373025
23409
1
1
1054729
10404
1
329458801
196
147161161
2175365407744
10863892900
1
21567061081225
1844164
13689
1
1
1
54239615236
4763934830736
1416159897610000
19844530278400
2625742564
283817129878129
243859456
1
1
256
10956855625
103345532676
1
4
1
222129216
1
4
1
225
31329
9
148084561
19600
1958248000393216
1
1
24456580996
1
1626105625
132310634948496
9492037237225
1918438295929
1
1
8674293261004996
5788836
1
1
2903616
1
1
1
1
1
139763514354244
1
1
74592895689
1393006329
43681
1
4
22960436807025
1
49
1
1
9
1
16739443161
57121
17121722500
1
129615120441
2785561
1
2307361
1
46270161025
1
1
1
1
1
1
1386595741444
2025
329476
4
149769
3238736523201
589924042875904
1
169
1
1
41209
1214522500
404331664
1
1
556205056
1121481
1181569
1
2274064
759608721
784
5405625
1
27473394001
10738555129
1
1
21670198075876
1
1
1542032469796
1
2229049
2471184
12027024
1
1219290766225
80259456601
12996
124768900
6950573323236
3062500
14161
10609
687640799084836
1
1
127690000
1
1
1
9
3196944
1
1
16384
1
1
121
16641
11273920967556
2427364
1
9972218725924
169
1
1
2535158159524
1
1
29038545649
1974025
1
1
261657825625
1
1272384
5857256711329
1
1
2088025
25668525796
932813764
1
1
12102953020150084
1
1
1
1
1
225
625
256
1
81414529
1
2116
1
14663272464
256
8033716161
1520399972025
40000
64009
196
19044
74287161
2106190417984
1404997726276
1
1
1
25
1
64089047898789904
1
2025
107590934486025
1
1
543495969
1211540197238596
1
1
152288038081
11025
484
1
1
121
1
1
1
1
15147664
10816
1
3632866496064
1
1
4
256
4
16208676
23582823489
2096460743056
256
1
191434896
271441
111114704881216
441
212663889
5924534841
1
25260652096
1
42436
4
225
1
1
13548727201
8893039694400
4865924221456
975812644
1
497067025
1
784
374671692047844
383689744
74233361764
20138731921
1
1
24884747001
154259082731664
118352641
1
1
1
1
13456
9
3721
127365331640625
715301443814400
1
54485830084
484
1
1
333135504
22801
99735324481
1
9
1
4237261688521
1
1
1
4
1899176147236
630562321
15577214452804
1
4
2130745600
426409
21316
1
907214400
13689
1
239806223119684
438612055366489
217526161609
651804334336
553335138225
1
625
100
1
1
178124514304
1
1
144
5310167338101025
14625757969
1
1
1
5710355433225
1
887503681
1
1787569
1
1233978140400625
1
1
65536
1
1080664202500
219780625
13456
15129
169
1
1
4
35784324
12503296
9
885776644
35344
4
1
1
2198440805796
10053270756
11449
1
144
38809
944701696
16
121
4
1
196
3663396
256
81
1
3567104587684
134936471569
841
1
454158721
1
138815524
9
1
1
121
1
196
4
1
3370896
1
1
126472516
1
1
1
1
1
1
316969
6827769
13456
185667876
260144641
44444650761
1
9
130314233856676
1
1
1
4
154082569
1
16532559241
26091664
1
1
1739236077601
160000
169
740873961
1
1
22393925316
4
1
9
1
1
3437316
49415009035561
2715904
33856
102272769
10445824
4
8013706060801
1407162965121
25
1
10933061284324
1
1192354802500
4624
1625625
1225
1361889
29023892496
23069519849476
123201
96100
1
1
1
7178833984
8468600625
74410565089
450709479801
712336
604428420435876
1
2090566082641
1
1
1513116487744
44195904
14573077685314009
274830084
1
1536471807025
344250916
138532900
511906734126736
1
12063027936969
1266160556644
174769146916
1
327838063477401
5934096
1
1
3845521
5835147516025
1
4
3842395359495364
1
1
18887829489
529
21831540025
1
1245199333225
1
1
1
139138727221264
30915485584
1
1568771280036
298757086037281
106667584
225
283084124610816
1
5508409
162894169
1521
1
4
1
16129
1
20521995025
1
12145225
1
1
4
256
182142016
1
1
4
1
144
1720719488181136
1
159286940117449
529
1
1
1
1
75076
324
24313853041
9
225
14968054336
1
1
1
1
51076
1267876
1
338719878070336
1
275625
1
1
1
2073600
143641
1
1
4671269561344
30976
84053026561
1069156
1
1
1
1
1
1
12614246135716
1
493040175522064
1
14974172161
1749945351025
162435025
9
1
2650384
1
1
1
124609
16
2256004
1
7718501025
1
75874355209
11550015841
1
265592209
289
1
22801
11505664
1
1
100
32027039521
1
1059502500
1
139115005391937600
529
2205539831236
643558532841
551592196
203867823376441
1
22801
1
21316
12764932324
1085764
3153438383274256
15601508836
177982281
3728927067849
1
1
2820145890241
324
25
1
49
1
4
121
31684
1
39204
1
1
1
1
1
13259903649239025
1
729
15984004
55266837921
5776
4
4
1
1
123215172654289
1192464
9
54336076201
1
705786492321
320848915009536
1
126045529
200562244
1306605609
52419684098530116
187717401
517926564
3582476064049
12043306564
1
1
1
1
4
1
1
1
73680759364
2880253631161
1
1
1
133114506200676
1
1
1
145443600
4
1
16333862416
986662166170041
1
127908092645316
4
180364900
322741225
81090025
3845521
56644
4
1234881007504
1
5157250596
4
11662488049
133956
16
1
4
1
31329
11236
1
1226013635025
1
441
255264529
507837241129
246169635762436
1
1
1
177008043886969
19604155980284964
1
26012889933414400
1229881
196
1
5278961164801
62500
1
1
1
1
7744
25
1
2027776
3142487816062609
2553604
1
160285120461376
1
1
3272481
20773376759524
45276605089
428500267261504
1
15085456
1
7794770944
27314493910929
1
130462084
14467518961
69399052969
1
1
1521
1
1
9
479697604
1
9
1
1
2652031792036
25
1
1
32041
29518676100
361
5912428874982400
26353335602500
256
11449
47524
256
155800324
12985024868676
225
169
2948272804
230883284184336
833361424
12394582112836
208345581140761
1
1
1
571008158433729
298805796
62001
1
1811716
151883564051025
1
2826409903249
11865091329
2116
5861241
62896627264
4
132066064
1
400
57121
1
833765625
1
1
5472300625
4203886882662544
25
1
14400
2073012521616
23104
1288225
46892170116
1
1
126382564
20260106244
4
1
177209344
1
20164
4580438918416
11664
1
1
1
44409240225
1
1
440034529
1156
57121
1
1
1
2876498689
4
225
1
1
11674370304
102718225
1
1933459394054400
1
262375204
1
19600
151778777941609
524410549600144
106283824144
438147619264576
1
1
1
1
105042001
1450880475625
1
98752434001
2556801
18496
1
3186225
121
1
19079424
12321
12718877284
1
1
21058921
1118179353600
675811617126129
5264945935209
1
4
21771592704
1
9
1
1052021894702769
1
1
1
1
1
1
3114812003689
1623435191015625
1030233120016
1
4
1582393106283025
1
1
19044
324
174366478944100
1936
1
4
100510349485225
142555074967449
19600
1
4038777528241
1
225
172160641
1
1557504
1
1
972196
1
1727763029136
4
3481
19881
106883548402500
1
1
155729059931025
1
14400
3138299333316676
532732113225
1
186158736
1
7306738797604
1
100264743145827225
9
181114103442496
1
4
9
8332240179844
1
121
1
324
1
1
1
29296772569
36
1
1
997549056
1037476696356
3008556161361
1
961
1
1
1
1
327863449
1
2209
1
15625
290401354321
1
1
144
131400369
4
196249
4
169490348150123025
6377998720900
100
4221101739024
15631750729
729
1
29833444
1
1
1
996302635604644
52900
1
497632854674596
4
79276596721
25
4279792762756
324
1
142922025
1595169
1213383762369
1170888469776
3481
1
118701025
1
4
3483825983001
21476402821696
5306531848634916
1
4
958067284886244
3946746436164
1
1
144
1
206439424
107081104
1
1
4
1
1200949479659524
12478089964356
1
307049676345889
1
1
84976870524100
124551537190756
2060657379001
176400
1
1
1
6426225
9
1
52606009
4
169
78340201
1020489897249
1
12736476736
1162264464
4
4
159686136343204
1
1
131043813868969
40401
109665883733904
1
4
133974698665536
2975625
4468015157824
2370230977660324
14595780969
71228827698642436
1
4
16
1
99878753296
287963170884
108241
1
4
1
1
201469636
1
1
14884
549058624
9
1
1
1
676
44675869368001
2314612318225
1
1
1
1
125596849
409837027002624
106324905625
1205604
144
1
1
6834659584
1
1284149039209
1
78866050561
1
3031081
1
4865899536
103489929
1
576
10742078736
1
1
107943351797241
1
1
1
169
144
1
1
33856
12524521
134032871025
36100
269725702595584
1
1521
35300835227077225
100
658368337201
34745705604
103266244
545450559943689
1909807913764
1
1
5177354371207225
2334784
3249
1
4348611136
41209
1
4946954430625
23477594176
324
1
1
1
1
78694641
2088360253456
49
20126563472334400
196
13225
144
1
1
1331932960836
19044
1473796
17353846756
157348675584
122855056
2090691873114405001
78725697561
1
17364123529
1
107017308225
2254065529
165919851856144
45796
47084660100
804788529752025
225
4601025
15376
1058960367364
1
144
51182727696
1
16
1
1982464
11060939241
464138679278884
1
203365739124496
23890833230625
1
60444389610801
9
2335450255524
5399604324
17689
2362369
1488617167921
54788764900
4
59035409306097156
4
1
4
1024
1
784
1
1
144985681
1
13786369
1098161476624
12544
2215879347889
3273023722500
1
492944410000
1
1
1
1288508765625
1
2439470881
1
479128321
1
1
1
1
10609
1
1
743504231391076
81
1416100
1
21996100
15578809
513448317722404
1
1
54756
1
1390050722491456
1
6134290562500
2986270854889
1
1
111641053357089
4
1
1
94481234884
1
1
1
1
1216609
1
1
1
308388721
1
45953837713476
12538863757876624
1
6630625
1
1
118984464
1
285413148930625
392110689186225
196
169
1
1
9
190357209
38539186596
1425636
289
1
2809
1
4
1
9
311099044
1
1
3694084
1
144
1085702500
2836472377489
229613409
10404
11964681
1
240320251134756
3987437878449
1
13689
81
1
1
8542512423558369
1
1979649
782768484
1
1
3783025
169
2973848089
169
58157180964
4
1203409
16
1
1
16641
121
1
5233868695225
1
1
116756733992409
14641
169
98069185600
14168378961
110097592707600
55696
1
2265025
1
1
1965604
1
1156
7464960000
228484
1
36584595441
95481
113118263389849
169
1690132602601
15229534464
1
1
112317604
148596100
1
1
1
1
191850201
41616
1
16325923086225
1
87180829696
57672502801
118592100
1
4
2770793284900
2025
2065256410000
1
145581928704
1
1
37834801
1
152934962761
1
4
16828056729
1
106124507805625
231592880766976
1
1910156657104921
1
2025
324
837176356
1461816411136
121
12100
4743618660225
1
1
13802255289
29119716025
5373485614084
47089
1
135699201
1
116281
4
1087849
34225
545672267017641
12829413289
214540702195264
168246841
1
531931259413225
1
2265482543104
2570402999536164
1113025
2506278433129
881721
1
14573318400
23893739776
1017227236
169
9815063041
1
1
1
529
2601
1308736
1768900
1
2154684105030625
1
63297936
1663416225
175797686712384
1
41635178209
112416780771684
1
13924
1
1
36246448225
484
128959273881
42710422225
838506111580900
1
1
4
9
1
1
289
1089
400
1
619960201
1
625
962363801516121
1
284023977721
25491634921
1207073571561
399616151104
19321
30976
889478610960384
529
144
3600
2751255629522569
1
49613978071738116
1
455091726428641
1225
18491616835344
218089
1
1
1
1
1
38809
3249
4
1
1
873793600
33223446529
121
1
1
1
54425157264
11609847001
1
3621409
1
1094559548944
2200712910400
1
152300281
1
1
12321
1
1
1
1
1
1
260944769826225
1
1
419904
199639463960689
42530497014681
784
1
2313032836
1
12769
1
1
4
1
428842883424484
1
1
1
1605289
1988100
1
1
1
11546404
1
16781129764
169
1764654530409
1
361
643789129
1
71661676563684
169
1
7282958611423504
833045522550784
169
19719951004074049
1
1
1302993409
90000
109265209
167281
1
53979087556
133192881936
130028409
789578472114721
1
311134321
1
1209064375189609
121
1
4
22450245472561
49707148401
39958410816
59397849
3600
1
1
169
3271706793796
14152671225
1
256
9
1
144
316356416260921
1470905205073924
2496400
400
67600
1
1
1
1
1
11015761
6717743052261921
757955961
1
1
1
1207801
62564516641
623950441
1
1
1
41550916
1
4
1
22843601881
1
17689
179530892881939600
1
53361
441
1
1
10972772001
20967241
150544
19044
121
1
165649
1
1
11449
510495960100
2908825758784
30701347524
6436369
1085764
12660975441
1
1
359519521
1
1
1
625
32748692070204009
2298256
1
1
1
81
1
1
1
1
60997144576
1
1
1452025
1
1
1500625
1
2927521
1
1
149670756
1
210052639225
1764
1
53361
1
126472516
207268951824
4
1
1
1
1270129
1
196
4
4
947039076
1366561
25682947081
692458643881
19707386689
86231497104
1
1605152166916
49
1
2025
1
834516544
1
7711729
1591346928196
108241
1
1
11236
1965858244
1
1585081
1681
751140743860809
218403205097841
4
165482496
1521
1
412374249
7383050461253041
144312024844036
33489
1
1005275065081329
2500
927933444
1
1369
96247616644
22058487441
1
1
4
1
1
1
1
1
218319759009
1144900
1
741994173784900
4276624
3305124
1
4972427251236
1
11724598680194596
4
1
676
423703196738704
1
175165225
1
425826996851776
25
1
1
1
25
8136220401
1
1
1
400360081
51954820096
6084
467683876
555544900
4027044681
1
2189745888841
219596269321
1
1
5763254859684
279047006001
12100
1
144
164025
1
1
4
9164623999969
272417731826724
324
1
1
54289
8386816
1
230614596
149206225
40358399236
1
1
1
1153476
218438083681801
47986845481
1144900
11449
1
1
1
1
58564
1
10609
1
1527696
1620529
625
4
400
1
54932578129
361
650607049
542098089
16641
1385329
1
1
1035161770041
16008885106645729
1
34225
4812499635441124
101211150769
1
11354181136
1
1
165635976256
1247689
4
10857025
9
1
242467781676129
4453298560656
2307746842129
327646201
1
3716619903743569
1296
1
2036329
164614930155225
1849
1
74489693184
12321
1964233083121
1
1
400
4453881018084
18648633600
1073296
1
1520979330070225
1812069359654464
1
1225
1
101505625
43188739250596
9
347486881
303097062160489
30925014789169216
1
6507601
110061081
1
177241
1
1
21932203011489
1
158958562447129
1
14884
73393489
1
224250625
3543388347321
1
169
48841
85747600
155326369
15225604
1
1
3775249
21904
1768948209205956
338155321
6655780814400
1
1127844
32832352809
1
13637568400
1010025
1
2998823415572196
1
7745089
1
32401800025
1
1
1
1
137517064272289
1
1223236
9
24964
1
632087011521
576
1
2483527225
122632147123600
579701929
1
1
954315664
104448400
1
1
1
110397049
1403198977489
1
9
2025
15876
1
1
1
1
196
12528772624
1
1
6084
1
16
1044970276
1052676
1
1
1
2675053242481
1
11664
1
4
1
75625
1
1
1
4
121
4
1
230557348333225
1
1012571262756
63793654590649
246637383876
16641
2900209
4
12470188900
124599932804356
147472048453249
1
234210242837041
885270345701049
1
169
1
1552516
946485225
1
1081600
63104454436
1879641
2295225
25759116718336
226111369
1
1
5496684939001
22201
823862209
6241
1
1111025618704
1496741815396
556310764510081
225625
1
5860974249
27472731001
1
4817221663489
19321
1
9
4
225
1
788767225
7275907417321
1
1
1
1
5581944912996
54289
44100
1
25144127129664
289
1
1026169
1
10586146321
330625
1
169572588176016
1747684
26534987250470689
1
5378721108849
367778500712704
20521708516
1
1
1
1
1
1
1
1
1
5007471356644
1
109056249
5724056250000
45369
1
3900625
1
169
1
9
460574320594500121
1
1
1024
1
3122289
420619081
1
1
1
2706025
20721960371044
1
3312400
249355681
1
5673924
1
1
1
33412804505161
5428900
14625516096
225
4
144
4
21117611761
140224982605569
1
121
1
729
1
454968900
11664
1
1731856
1
1
196
1
1
17196388225
1134382625476
1
676
5080516
2519564126467600
1
243484816
1
1971924275573316
1
81
898620529
630842593536
1
288369
153758094400
1
1
27824575249
101124
144
1
2301267210825625
13059918400
4
1
1
1
1
1
1
36
1
39679843204
1
4
9
1
225
16129
12769
256
1
1
1156
7562500
1
1
169
59298581169
2239527215025
1
1133115541441
1384881796
34589304324
77738919489
1
1
283518244
1
1
49
112444816
1
1
475083837630724
148996
19044
13646445124
155052304
784
1
191369374311424
4
4
789157092963600
1
25
1
1
1
194518809
1
25
1
1
22806527281924
2935177591696
4
584499995501688036
361
1
1607282427719329
16
1
169
863066884
17002881582429604
1148193225
1
1312587756500409
1225
1
3198288182628100
10463244100
1
1985176735369
29929
16
1
1
2547216
1
440896
18225
1142002136025
1
240507399906601
1
1
1570009
169
9
1
548193640801
1
9110152999809
1
1
28900
22801
1
1
1
1
1
1
193488100
25281
5340721
13456
1
1
2062096
1
7146057050521
9
16
1
1
1
1
1
1620529
1
30625
4
9
2608225
1
576
1001975716
1
3984556557742336
106923768064
4
1
6210064
107584
4511354760025
1
2152089
14309422884
1
31764150625
1
1
65951225713296
256
1121481
1167501860100
154903687652961
1
274697476
1
12996
529
1
1
148791204
63859311616
1
225
295440079936
17680489024
1
1
361
76619347204
10016006400
49757994225
34045486192201
23042294457121
1
64009
3452164
12890423296
1936
110655125487076
8472372418756
484
1
3083536
1939169296
144
1459587761956
25
1793363182838161
82805817600
1
4
1
165654738300249
14237501041
324
81
410305536
1
1
1
53816576256
1
185986615811481
1
4
3583449
1
9
1
1
4
413186115920400
1
488601
1
150601984
1
4
560552976
1290730026609
123813956717584
260443853569
1
1
116716627781209
9365207076
43264
29937650625
108275387558116
1
1
1
729
9
617796
1
52726262884
565979420863684
24210426409
1
4
1
279391225
737665600
1
34596
1
130321
1521
729
1
665330436
169
2463025776409
816657845855076
1
1
24403600
13549761
26569
7035862350400
1
131820410428249
141376
25948836
1
309742302519210961
4
1
4
219961
1620529
12341169
225
1
1
10368126976
1
25092777649
1
772853900062500
1
29238264064
689838720977961
1
388720656
1849929134641
163660849
486158401
3496900
55861795201
1
1
676
1
1
1
41887352896
1
1102500
26229311559936
3261636
121
1
529
12364328025
1
105527276386609
1
541160050545409
1953649152900
13142788164
1
109014481
1
1
103936601664
1
1
151769809221121
391963179763600
214549490610064
144
264376575834921
1
144
18174275344
1
1142761
9
40000
1
1
2752281
180156953601
200194059510025
59536
676
1
1
1296576064
1
226716917904
12104180361
1346312334249
15228547216
4920326948761
1
1394761
173472422417449
1
170957586255625
16686438976
2076259091929
14684224
89058460052241
503765680325625
1
1
217011564025
122028654276
5136838888001536
331793583900804
4840000
4
185170533476644
261760041
1
1
1523887369
1
1692832585921
158482921
329942252836
11678075982400
47524
247432900
1
4
3076516
1091565248400
4
1
4
1635841
1
4
1
4
14517677382849
1
1629817641
1
1
101170384605801
841
19155113604
4609609
1
1
1
115777600
1
10156969
3301343641600
4
1
1
660969
1
1
1
1
16
3572100
927369
6724
1
1
1521
1
164147344
928359961
1
1
1
1
625
20449
32041
152473104
292854769
775901025
1
1
1253103375241
1
1
4
1
5736025
1
1
1
625
1661521
1225
1
196
1
1
38934891887089
868624
144
4
314721
3865481929
242362624
4
4
1
1
1
23086371364
1
1
420291001
1
1
10950576025
1
188356
1
9585216
2480625
1664477619960100
10462384862721
1
15371951221264
1
1
25079156496
1
1
13897984
1
1
1
1
4339438946838724
7548829456
269779476409
4
4
2102500
1
4
7921
1
104821865445025
231361
348569758820529
20613206329
9174841
507195441
106853569
1
207992353363600
74529
9
3721
1121794485904
1
1
1
4
1
1218816
1
4
195622825629529
1
1
16
121
400
1
45369
250900810000
3025185361636
1247751552784
150089181685921
1075369
132296004
1
67641086241
2916
11881
22201
2262743994564
10976543361
1
1016064
1
136679481
42025
1
791747044
1
16129
1674436
249924481
75272312164
123587689
2465853898743225
3526884
1
1
53594185848025
911979601
144
111556
77467775290084
1
1
324
1
1
35721
1
36
196
1
1
7540516
1
1
1394761
12996
1
2025
286011042483321
396045581999236
39204
6164484534244
289
862949376
6517809
10800197776
11942608932864
4
3218436
25
837928809
1
1679616
1
10404
14525343740645956
1134225
1
106605625
1
115605396480025
42025
25412619027662881
2099305414404
59118032164
1001277360563089
202891536000000
1
1
2352793989924
121
149769
24661156
230371684
14400
1764
6385799756196
2007889
910108224
1
16000000
1
1
1
130792457221209
30863813761
46110618630400
1
32319225
6115729
59049
1
197711721
2883204
1
256416169
1
1
8763393769
1
1
1
4
196
121
1
239011600
1821244716225
1
142024160577321
1
1
1
147622500
1726236304
1
1
1249924
22801
199629884353936
1
9
24186724
1
15562464815041
1
610766572270864
183183475251841
18035147025
490790499979264
41727698251204
97969
2524921
1
1
1
1
31360868100
1
1
11449
1
13924
42681494025
13092659350884
106535880710884
1
390474396180625
37746272656
10201
1
62052895097956
12544
10189893025
186677569
155002500
1
1
1
1081900044278001
2436721
285204544
3952144
16900
1
4
16524225
44521
1
9529569
3232804
36
1585098626049
499458812176
1
1
1203409
165649
111260325096001
400
451584
5885476
23415120400
1
4
1
1
25
1857373751025
137431964567044
21969225133956
221205605625
225
7520052454951696
6810982857485041
38416
1
1
1022216036209
4290905025
344609324086336
216802915641
1758276
1
1936
4
1
71794523025
409600
605150191396
1
1
2766151080625
1
1
4761124
1982464
182925625
1285939600
402935491984
123409881
1
1
525647329
1
9
1
1
1
249626127792721
1
9
14070001
1
996748647129
4
181144681
2394496277056
1234321
14641
1
38659407793561
361
1
1
1
1481089
1
10450768441
2044900
1
17161
1
169
1
127848249
14318656
415060639504
25
141115582707264
813173035083721
625
6459207001009
35721
3186225
1
3614584254436
1
400
1
1
1
1
2712025993329
6562265902864
835094404
1
91401496730569
441
1
1
1
15129
1
133033156
1051869718449
69363512482576
3776205016516
1
4
1
144
1
1029080398096
14161
10934655084081
1
5755201
5914624
289
11025
1
139187194084
225
49070025
9
9
1
1
134019079908921
263579560000
10426441
764237897391609
1063889102500
185549870025
15334531260489
1
132940900
1
1179396
1
147456
11174392681
37332100
14713690000
1
25
4
669722641
1
1014905130625
4
144
4
1
4
414340843572496
25784972929
1
1
2960116809001
14584761
1
1179396
148709415454609
783160225
1
128777104
1
20945325625
1
144
49729
324
26832400
1
29560958126001
225
1684938304
5502446004968676
7059101668609
5329
30038435856
19477272721
589227076
9
81
1
1
3873024
99225
1
2401
1
1
1104432289
1
9
75625
16641
2801542835961
324
9
16129
19600
2393209
1
1
1
2098192808196
129893956792609
444889
33856
8281
19044
1
1
1
1
309478464
1
4
13456
26521751025
1
148178033721
1
1
1
1
4
12397441
1
21886243600
20622108816
78076804587664
1
1
1
3335801278908816
1121481
1
1
12238996900
109446162569104
1
98707187329
1
1
1
1
35721
112402404
78783376
23344478521
1
77284
2703376036
1
1
6112895270329
2929407376
1
124891397932324
38809
2103047881
1
34527376
7810578617640484
1
1
1
1
9
246360554799129
1
2910436
18769
12544
25
9
10007201296
1067089
294877584
1
1
12544
2763417496609
16
1
423801
1
1274641
102353689
106894921
19044
324
186818789139889
1654295005636
1
3721
1
1
1
21316
1
345744
1
1387318374238729
1
1
273828725068441
3523129
4
459684
1
13722080651451225
1
1
21374061457681
1515361
15338737260900
194295721
324
1550767108804
1
13174448400
1371833590009
34880836
1
1
1
285156
1
379456
16
3674889
1
1
1
1
1
169
1024
1
1
138384
952576
4
4031272886809
1
1
1
1197782881
1
1
484
178929
1520811836944
1
619351121938756
1
654324428614756
22212369
2898422569
1
101888836
1
1
9
51944335569
1
15876
99225
16
10638272164
1
1
68079001
12100
543861671588964
701720100
2167729127041
256960900
1782225
20857489
1
16
4
612672939477361
1
441
1
4033774144
9931340868409
256
1
1
97277867236
5879349519169
1
1
1
1
1
1
47038235689
1
3199404761344
1
1
1966678078689
16
155825289
104181317955625
5377761
168663389780209
810825625
412164
1
361
88230553044544
4
1898884
32041
1006536647169
2096704
1
2903616
4
10991215921
1
1138489
1
13228627345924
4
1
14163618121
4
1
1
4
1685513025
2699449
17161
1
1
1
1
196
1
8100
1
1729225
69722500
1
3343382994064
5476
1
1
1
4008051132707241
1
1
13824743530896
179514148127521
4
1
349077725584
1024
1
16
1
4
1
4
1
516961
1
1521453993872400
1
1
1
1
484
1
4
1
16
1
1
48028475716
7921
1
28071029204100
169
1
3136441
129697567818256
23847341603964025
1
441
193600
1
1
1
163968025
1
1
1
269873729931556
18601805201749225
117614025
1236544
135768667024
172225
1
1
1257695296
9
4
26450449
32852287504
1
1
121
111133764
380506000072969
109881653178025
729648144
1
784
1
676
1430418392001
4
1
1
1
1
41209
16
1188100
1
1414237073089
343468345344201
208832412571225
1
13318083216
23278825476
1
2985984
1
1
1
1
1
10355911696
116162362276
118865663361
176172157356196
14893273444
1042441
14262181344140625
1572189976900
139759684
145660761
23423384209
2436919416746896
1
58844241
1
1
1156624966225
2370285022329
107114427152100
1
266668900
64
25
1
74529
576
2137411836121
1
196534940504464
2124650233924
379587289
1
1
306916
49
4635409
115498009
1436042722500
400
35721
1
1
12544
1645419342121
1
4
1
10163949729025
129914404
6878539553809
25030009
1
1
1
144
1
1
1
824464
2148516340072281
1225
1296
180855051511696
12082626241
324
13046544
17956
11025
41473600
121
24761854881
392539633887769
132342016
104142025
1600
3844
1
1
1
16
145735353009
1
751689
17091154881025
109118916
49
1283689
1
225
361
7418376900
1
1
1308736
493818395100625
4
207561072720400
1
56344516900
300903811209
1
9099827294464
2171455699396
346921
24001680520801
763068746442601
1
4
1
30724849
1175765558355844
150454756
10331096164
30276
21209844496
18470440836
373069225
1
1
1
1
9
1
100
16
1
1
90030602601
106440489
529
7511688900
1
162969402806809
1
1
1
3793285988496
54774801
1
1
1491391477257444
1
1587600
121
81
1
1
22399312896
253605210950169
1
10496822116
1
90000
12769
1
9
1
144
307445852484
19593729621580816
1
135424
70756
1
361
1
64
1
225
4
1
324
1
203205025
2276530369
1
121
2742336
61908461085249
1
1
3839256197604
127326241235449
23104
1042185765625
1
49
1
84349584900
4632722445376
2924100
400
1
23261435289
51529
199809
1
1
16
47961
1
234812839548816
223590295020096
17140570084
1
1
4162975571265625
12996
1050236204393104
154732253696164
105931254028681
144
119028100
4
15129
1087849
21904
9
1400402424996
129204756047929
1201216
1
36095820121
1
26244
336098889
1
211264333225
1
1
38025
1
21609
4
6466042783477264
513203716
1
1
4
16129
376825744
1
1
9
283209889403281
155276521
73526937796225
1
688695049
1
16
22676644
169
154133189604
1
1
58081
1
1
152235695054689
1426393096489
1
3489424
479916649
144
163635264
1
1
1
1
1
1
121
1
14333796
4
970965355540489
25
13689
147792649
1
1339999236
412536721
225
1822356902809
3853369
1
244803449270416
1
1
1
252982003646464
143137296
13924
1
1
144
1
13924
25
1764
1377448996
1
1
1024
1096209
4
1557504
1
38025
22174681
12915959078884
1
239121
4
1
4
1
1
120340900
1
219961
1
1
1
1
20449
22500
1
1279161
93636
1036324
1
4
6413064954409
169
7236100
1
1024
206985769
282622665618225
1
1
2020232809
1
15904144
57600
296667587584
1
12837889
1
36310064704
1
1
185041609
4
1
493506225
1
53105638216919236
37994119339969
6193204618225
4007323348900
16
103734225
4
1132119408121
9
4
1
16643152478404
1
1
173889
231496225
1
1
343657444
1
1
1
144
87627840400
117158976
10480072442436
1
1
1
1126217602756
1
10201
1
11905384374724
167292262090801
11025
403447396
4
1
9400356
169
1849
835396
4
48841
48580900
1
1
914943560865156
16
4
1
3249
1
16606445956
9
7921
1
3589424977476100
1
1
225
63638134756
1
49
1
1
1312536835600
35227160721
1
1
181834911030260401
51540350625
4
1
1
1236544
1
1
29584
3266105574169
1183744
4096
3207681
1
1
4
34963569
23841212836
1
1
1
3943143490225
14400
1
900
16
1262360108304
1
31739204025
3087049
1
144
1
16
58081
16
144
1
149604185975841
1
9253764
1
1
1044165160336
144
1
1
100
6370576
128164
6610714619161
1144589946940521
121
3524307854596
4
144
1
441
1
1
1607346814392900
133633600
1
168684346944
5837056
4
1
9
1
335842276
1
293119669664644
1
1
1
1
1
1
2170221009889
8437020669025
25
1
1535121
1
274469663899876
1
5147058049
1
1167886553344
1
1332193798849
1
1
1395352095865744
12209587009
22577466564
8702500
1
8355134775625
1
1849
1
11236
1
1486499846841
289
2116
1
1073296
6796449
1
1
1087849
1
1
256
7507600
1
1147041
1
1
2900209
11074615696
8481601957761
6560871534628849
1201939561
327402787775625
1
9
225
1
1
1
1065131330704
1
413552896
1366561
1
1
7660098733560100
1
4
1
140885518295756809
1
11175649
2742336
181440900
784
370881
1
1
1
1
1
3186225
7214596
217267600
3336277596304
1
13227990169
1269673732804
1
1
1
4
70225
563234546548969
1
121
1
10663247169
1
1
1
1
19600
101364624
1
1907156241
1
46087502400
1841989125601
1
777924
17161
169
1
70225
1758460356
1
4
1054031156495716
1328927089681
1654068909700516
4605380380225
128401645788025
289
268324
760435776
1
1
1
1
1
162332163649296
7439964702352900
2715904
121
417788122097956
441
236196
1
1
5208789356395249
831918649
1
1
4
1
120409
182986276126564
3877725009636
1
5328724410409
4949544609
1
11250844900
196
999682431240025
1
1
1
1677908306281
1
33315672312729
128663649
164762896
306670144
1
4
1
9
196
1
1
4064973727684
156895365020944
1
685584
1
25
3314650329
1
1
1982908952964
435765625
1
1
7485696
2143296
148717438321
1
144
1
1
100
1
1
1635841
9
95481
4
4
266940655569
289
209554576
144514782801
1
5494336
1479237305121
144
1137666757827856
39551521
1594230091251721
274584287242225
2656900
391922832355681
12518385125689
144
19181275803369289
1385329
5832867407689
1622506757243904
490489609
235225
515984672367616
1
100
1
8076964
1
1
104878081
13454144064
1
1
289
12482889234376201
1397124
1
33479118729
24433911220131009
1203409
1
1
1
1
1
1
144
186520334400
147088384
729
4
3732624
1
1
2099705329296
4
1
16900
23104
1
763414579081764
20944454389560100
1070210940100
1
120085813156
21025
129254161
1
1
1461681
1
1304164
1
2361413082721
2967740080369
1
13898995236
1022121
29036500801
4
1710864
436921
1
1
1
1646089
90000
25
142396489
1
16133826361
2883204
2582449
30625
16
411724681
144
7056
1
5207482924081
324
1
1
100768788481
134647756703524
1
21904
4
1205825625
1
1
1
421201
119377476
179211769
1
1
1
4
1
1
1
153239641
11952392929
138744841
289
4
42905322496
1
1
133956
1
237129201
1325105604
1
15876
1
29241
1
699232249
1
25
266147868493521
1345600
1
1
11449
432404880625
303274895616
64
1360899563776
1
1
105835054329
25
256
1
2237917265089
1
225
1
121
1
1
1
1
1454848481241
1
3233915259481
1
1
312334929
1
2608225
4
1
1
5776
1
1
4
144
32761
169
1176196644676
160579584
36
1
1
9
1
1225
55368481
1
1
561652819225
336154953651841
209729163956841
1
1
9
441
1131240705604
1
1
4355873707329
5797390081729
5037048569569
3969
72616775625
6035736100
4
1
159870736
53824
1
2275671616
1
1
807325611169
548168569
164836
1
1
41616
313396209
4
4
45540413604
1
66933451225
1
1
1
16900
4
1
9
1
1
1
324
2189397681
33426077584
1096152774807204
177461672644
4
1
108241
1
14884
1421309842969
472127842621009
905648836
171076563981376
144
144
11884270225
1
1
52442832016
1
1562900025600
42436
1098821773009
375877017452304
1
1407375750210049
1
4943721008704
1
219899241
71503936
260273689
15008700100
1
297769536
46226401
6113107900900
958363896247209
1
1
1
286289203600
1
1
24145119769
1
1
4
1
16
37037772304
175032900
1
1024
1452025
1729644921
1
1
1
1
451584
1
1
294671556
12769
1
3587236
625
3961198556176
1
11236
112225
289
121
1
1
44863712056650249
285223287969
1
1
1
531629098641
162435025
11182336
1
1030225
144
1
28900
1
256
3186499895929
1
1
4096
1
1
225902485264
11709269578161
12623646025
10432579600
158911236
1
256
1913748524689
6173873476
2363737128025
1
237071610000
9
9545362456249
4923961
23579445136
1441037521
1
9409
1
1
1
18523460524321
289
1
1
1
1633838699089
1063109469184
1
24336
324
1162084
1
1
6457109074987321
69093932300176
1034500546816
1
1
650312578505529
1
1
45369
4489
1
1
1
1
1692601
441
4
1464100
8492829748516
1292769
44408896
5096287806347521
11664
26896
1
1203409
1454436
1
28697449
1
1
1585174167369
1
12575155321
19600
4515302416
1
1
1
1
2313441
1
1
1
1
400
1
7246864
1
289
8228666944
1
29703833104
27535091317321
193666005625
613899729
23641215049
26185838184100
1
51757161120025
15129
1
1
16641
1
1
1024
144
1
169
152850272007169
104591529
217031129956
1
4993824889
1015699136761
29800081129
1
1273959175204
604569744
12405058884
71289
264225025
4745556544
37879279876
16129
110607183830025
96169678144996
15250027081
81
4
11881
144
1
28800805264
1
13560136704
1
1
1
1
2795064969403876
1
1
961
2232759154564
576
51187705009
1
1
1
4
1
1
36
1
21314849243531481
1
17161
3629025
6084
1878969270025
1
1
46656
1
961
1
146013401689
3100707856
52676285012649
1
9
1609181046225
1
1
1
21316
29365561
1302446997504
1
1151448489
5759995200001
17977600
1
156425049
1
25088659236
167236624
69696
1
4004001
833108039959321
1
103891642925625
1
1699651941849
9
400
1
38025
14698078951381956
1
410415087759616
1
12113423721
1
1
1
1
1
1
16900
1
1
22500
4
482022025
1461240957124
1
6964046546704
1
1
17002595236
117684462973009
1
4618201
1361193556804
3418801
1
529
1
1288225
1
1
7760698354809
1322413225
209592742969
1
837060624
170511364
11782885401
4
1
17689
1
1
1
1174983820573369
102339687550864
1
4190209
62378404
411292839486736
1
23104
44783447641
6658453594025104
1
121
60516
62146844588929
1
3444736
16
122344649284
109657011025
1
120409
13456
1
9
5184
1
1
1471243722672025
1
4
1
4
358420624
108972721
1
36
1
5124215450929
1
2752281
1
9193024
142962634816
1
121
103578410896
1089
5702544
196
4
398920609162009
1329409
7973343811521
338824643696100
1
1044484
1459264
1
262148481
1
1
10955802102025
309136
2555256599289
410881
1
33206679529
169744
147203792421049
172554496
278851588096
1
1
1
3969
361
1
5331920400
34608649156
1
17956
9
1
2772334891089
1
1
36
1
17403583208414881
18767082049
1
144
3115225
4
1654925300721
1071854372416
144
1
1
1556697025
484
225
1
38774335744
1674436
1060900
250905600
151012049380416
27716256324
1
10829524225
1
944640225
1
209142386603536
6400
11025
3541924
10201
1
124277904
1
1
127976683531684
13733496100
121
1
1
255908503876
444562987459002624
9
16384
111282624687364
4
144
9
635006081252929
1
4
1
117765904
20164
697756161124
311302972688400
1
1
20789314225
10666964961
1
16
17065161
1
16979393025
420560140198969
74219739489
1159929
1
900
1
5031049
1
1
25921
1
10301438016
225
629056561
4
20449
1
1
2190400
22013063424
478034496
1
1
3136
1
18769
1
25281
5329
1
1
1
849287637651600
1
1
28900
16
255229060804
1
295544440256836
25
128881
183361632949881
1
1
26268629776
4
1
1
1
1582153962137401
1800964
14782912225
676983209247801
60824401
1
289
1
1
2773585477555281
1
4
1310657209
36
525555625
4
4
15177577097281
2118340524304
121
1301401824100
2268036
118113192976
1
1
14418485929
400420652944
36
1
1
1765560476956329
89434491136
1
383213159340561
1
1
304014096
1023601639824
4
4
25
1
169
1
1
1
1
1
1
1
63235846697409
1
13456
1
1
112656996
1
4702119184
1133671189561156
33856
1052676
4752400
3501920880964
1610677193697049
1
951599104
11412435241
1
106481761
4
147456
526427136
304346237852484
1
361
1
1
729540100
144
1
134444025
406854879374736
1
289
1
900688310116
1
52953404594281
1108920620809
1
1754778886186561
4068289
193349025
34058896
4
4532641
1
1709299049068900
930494016
1
1
676
1
1403829237889
10131489
1
12717975076
1
1
1590121
164940671183929
1
18496
255628518861769
1
42810849
169104016
1
2630773705156
858138436
1214421367405401
1
1
10609
1
1
108900
3981222090000
2431216903696
650309263350244
1
1
144
1
1
103973425053696
1085764
8859892129
1
1
1
3443871158289
2478530692225
10201
3097600
1149820281
1
1
9436250135104
1
1052686260025
36
8427409
1
606332018916100
6148168202500
1
1
47902763689
33449117881
1
1
144
1
138044946058009
1030525461904
375917360641
1
1
1
1
1
1708239492369316
72080435947044001
1
1
1
1
399303343595776
1
4210704
9
3659569
113332972473616
100
3136
15129
1
1
121
1811716
1
910092114359289
1
1488320645980081
725655844
25172995600
1
200647225
1
1052676
6894190211041
612067600
1
4
49
97845091204
20460155521
4
61027344
1
1
29885074129
102947200764100
159340129
1
1
1
2044900
3969
275858881
117722500
1734489
172751776259049
1166400
1
16
1
1
15129
121
1
5263347969634225
144
495577984729
144
1
1
1225
1
1
148547344
20449
21900152169
1060852620529
1
1
4
45877784481
249001
1
111556
1
113742225
1
216831785104
1
4
1
1
43844172100
1
1089
1
14884
9728161
181023946976196
441
32008072464
1
1
34969
16
4
11107895236
103533168765625
4
1
529
94249
3073009
1327795290000
1
4
33010892721
1
13924
1
361
1
1
1574909542116
4
20135132083635856
1
1
1
150430225
243890689
1
1
1
7452900
7348073397289
435600
247432900
774502332133924
4
4088649805681
1290911809489
1
1
1
1
6436369
196
25293721600
116748025
2910261990601
1
137722734794089
37442161
1
1
1
343583296
81
12873744
178866497313604
1
1
1
1
1164452493604
214369
1
20449
458329
1
412223625430681
1
874387975282704
11449
7921
278789809
1
1363598971617481
12544
1
1
16
1
1
1
112425835641025
1
1
1
529
784640770873600
1
36
3479407510489
1096209
1
1
1
13660416
68121
3507589596736
484
142593905330361
6702921
11760482574736
21316
1
10138274721
1
1
1
192293689
1
1
1
2830624542916
1
196249
15326687601
1
676
1167464251166976
252142641
15920130625
225687824868100
1
165810896590564
1
219395344
1
91776400
1
44528929
1
1
1
179427096601600
121
1
8321471012416
63224997378122596
4210704
5163506352225
1
1
1
1
1534367241
1
256
1613113367056
1936
1
200621332215396
18304466436
2465221801
1
1
153636025
42436
1
1
1
1378276
4
1
141919569
173030208961
170433025
1
2137444
4
1702140049
1
121
12555650704
324936676
1
1
3125824
4
437688241
151437636
11984775625
383606809600
1
118004769
1666681
194056852124041
4028049
236575161
1
4
1
1175056
23090625936
119006281
1
196
1133479622500
252047376
25
1
1056777832009
42549788176
8427914129569
47524
1
37249
1
1
1
4
169
256
1
121
4
4
1266563423889
450180523981764
1
29997893601
139948900
1
1
159643225
1
254179249
4
2376057574322041
54997056
4
1789114906084
2547216
9
643135029849
1
1
1
2169729
1373430406671684
1884431580516
11256025
688890310758400
889802291838916
1
9
625
5253264
476808203169
5085025
289
1
1
1090254361
1
1
19976430244
1
1
529
1684804
144
201958404396849
1
1
15376
106232373134281
43681
74529
256
280755858496
14615329
21156575209
1
12454758556900
1
1716100
14161
1
1201382597776
256
1
1449616
8438443321
1
900
47089
2211183870025
165649
1
95121045889
1
1
1
400
70225
4
563119591879881
1
1
20736
196
3711305925625
5465710948996
11236
7069313157124
1
1
89401
733705569
49
1045710760000
1
4
1723969
1657262168965225
45972076921
42025
19634407931329
484
21316
1
1636281005584
1
104779100416
1
246016
1
1
289
4
1
335610785220489
441
1
17689
1
4
3674889
1
9
1
135675092281
1
82944
1
110561839195921
1
15129
1048954914225
144
30113435480041
1
784
9
6370576
2809
81
3060690205485025
256894895104
1
1
109223401
102677405276196
1
1
1
1
900
229560770495169
517972081
1
361
8294400
51529
1
16
1
1
938514927606481
659408575818304
1
467743306135876
2809
1
209764
784
82944
21025
4
1408969
1
1
126167011943281
142571074537969
1
514982823992289
1
1
1
1
326938834102500
100410460332004
1
1
154753600
1
1
5734147473664
374378847672384
14161
1
1
5165642568025
98386359556
1732528738806336
196
484
14641
1225
1
1
1
181525419364
3690968564168964
1322500
49038549579009
1
11449
441
1
1
1
19881
1
2486124795025
1
2025
1
1
1719007638480889
1
579643163649
307429864207684
1
1
1
6315480900
1
1
16051369636
25
2255613496900
1
114169225
1
1056784
49
841
225
1
336400
104305369
1
784
1
26569
1
922215424
4
66823801009
576
1
1651014266724
1
5528992607161
1
1
31329
44595684
121
925444
1
1
7102225
361
26569
1
6066369
1
12544
1282830196591161
4
1
1562500
7896100
1
1
676
1077761651409
4419659805392484
16
4
7107737289156
1
1
107495424
1
1
91470096
1
1
1547536
1
1
1
259248966675100900
142617048448644
243049
21609
1
1
1
1
303491241
1
1
16
605464044980041
102061132605961
1
1404900324
1
1
1
1
172087040058025
125386101801
1369
1
1
155088566343936
1891472094864
12996
1473484996
109561
1
66518599744
1
1
223143844
808679235045796
468425261056
5913148609
1
45369
1
1
48400
1
4
18496
1
1
1299600
3222992993388100
760384
1
1245978342756
1
1
15840400
4
1123129409284
30976
196
1
187744804
1
16
441
1
1617091179201
30976
55496994084
1
2907025
58515126201
1
2406575126596
1
1
1
20127948129
1
4
3131969296
1
169
1
1
4
1175056
75933796
10643017225
1
4
1
1
1
675792016
1
1961161225
1
1
670965409
1
4
1
284893113015729
1
272661599451024
654210821889
900
16
1
4
30647927107249
1
4623420245796
4
1
4704561
3057455079364
623158675216
139854276
1
1
1
1249834609
1
11540990041
1
1
3481
9409
65025
1
1
9
1
1076211208836
36
1
1
12910640625
1498043810916
1
1
1
9669301202500
1904231643721
312443026419364
1
4644025
5313025
1
758649710025
339765867042121
1
234256
16
49284
1
33373729
109537156
13140625
144
1
49
382358916
269879184
1181569
1
4
1
6400
10108291600
554590630863504
9834496
1
848556900
225
2525458110561
30276
1
107584
1764
1
115554459139876
9193024
121
13249391236
1839123225
65536
1
1
484
3043693039605625
1
1
35721
1
617296981993444
201157489
1387264516
290542560400
1
13863171395584
219306481
87025
549386721
1
1713700919056
1
13924
369454375670416
1
365037097489
1134804433984
1
1600
139682922475009
1
4284900
1
1232228763364
1
1060352110756
847425190249
3972049
1
330146210845476
16
2064595213725489
144
25723027456
289
2678678868889
1
1
1
10609
1
1
215032896
1
1
23104
4
1
366689103160384
1
1
158302043530596
1
1
1706391180846144
33977649031225
2716520668543504
34225
1
10201
25
1385329
344361246922729
361
25600
1
22201
3874440025
4
39225169
319193956
1
1
1
611498976256
4
3481
1
1
128122749233424
185871352384
1
4
344807761
1107512474076100
324
1
1592644
1
9
4
1
1
1
1
4
16
4963984
9
784
1
125798656
231224656081329
1
1
137194134740100
1681
121
1
480442561
400
1
1
1
2126726388900
1
2765569
4
4854605625
2720936024676
13924
1
493195264
13402921
4
83646473089
1
324
216678400
225
1219900369081
18421264
1
1
4
1
1
4
2430481
115476516
1
2588881
31329
15641810519066176
9
1058461156
1
1
8213956
4
1
678863025
9
1
1
64610553248761
1
1
12463266321
139201133512609
1
121
23174886289
15876
1
1723420209681
1736638929
82301855689
5277296025
38292816758161
2550409
1
30318819129
4
78602851044
2304
1711353226969
1
1
1
1
1
159184449716224
1
2079364
1
117223929
289
247009
2996361
3249
1
311529189904
1
9
160757041
1
4
1
1020100
219961
12769
1
684397921
5125696
1
516860172924481
144
944640225
1
1
1
1
492804
1
4
194818170921984
1
2125764
1
576
1
1
1
9240976900
34969
1
18769
54241899308100
225
256
2704
1
1
288831384601600
3674905641
1
1
1592644
1658944
1
1
6380676
32191895241
174724
8020224
32992363044
1
1594439069521
1
12496225
33129460225
121
56644
1
10816
1
115928289
1
1
1
2933779757584
1
1
262258700544
833823376
256
988284969
113294736
474847811746009
5020942636516
116208400
34515625
1
1
25281
1
901981089
1
11904992100
2596046000625
132365738310961
716144140009
1
1
1
1
1
1
1
1
14383924489
1
1
1
4
114244
49
16384
1
556488100
1
1
327972100
12160396454976
289
1
1
1
1
6447608209
12236004
1
1
1
1
1
1
194497163858176
18432949824
1874161
37050090256
1936
211208089
1
1
1
12054992320900
1
169
4
11730625
34067930625
294219782842896
1
31684
1
2115180461956
3348900
63600625
31574091481
1
381538089
1
10609
11087667934225
52900
1
15394853776
212634724
861481201
1
1
1
913308841
4223341475929
5041
784
1
34596
1
1150967097920836
4
284323120495376400
25
3679756921
1945380563361
16
10816
115047826821225
2002225
595164816
1
1506346292889
4
48841
441
1
1
1
1
4
198486288324
1
1
1
1
531636962020516
39680084419369
316751719249
196
1
1
387066276
524176
52111301841
413206280530576
1
1086666559489
564726602856529
36737005561
1510441
139876
1
1734489
383219776
121
1
1
793364304100
1382976
47611676401
1
395413225
1
18680228575969
12404484
104775696
1369
1311819750409
169
160883856
4481689
37636
1
2512225
4540355517721
9
1
1
2331729
1296
1
14901888863863849
1366561
1089
26586280809
2390905558290769
1
1
1
3786013109824
1
2994979821201
18026284644
225
367724920584025
1
1
16
1
126031069038736
27208172601
2584502244
1
1887700132096
30276
4
1
7886520807025
1
99444991801
1
93025
1
1
1161743376964
1
175748049
1
9
4
1
24328824529
3336764725149696
1
121
1
1
3671056
1
1
15406022641
369186561746061049
1
175561
1
5902052383396
1
112601279390625
1
1
1
1061761254724
384591321
6432564062500
1
1
12443848704
441
1207801
2277081
4
106276
1
4
47318430784
441
214769025
1
1
22701448900
139525564664836
18557149455601
2812329
1
907380127808001
60025
1
66564
289
78141493444
1
4
1
1
4
4
1286248588641
1
1
490401025
151140936135721
1
4
29929
729
297010756
610584100
18225
1
142587481
30980356
6515722113120529
4182025
25
154501916814400
40804
4
1
1
2825761
289
25
1
1
1
21297024225
5772928846864
169
12544
16900
1
1
9
1
1
533748609
1
1
1
1
1
1
441
153366224400
1
104052362767236
66242920129
9685676801124
122611329
225
2013561
121224173734225
101808100
4
1
1
1
390339049
729
1
148225
298500084894025
51984
1
1
4
145507259644321
1
130160534899264
1778690052881361
1
3876185252809
157331765894416
1
1
2656900
121
1
233661796
466553204209
28366276
1
4
23716
113635600
1
16900
95481
4
4
114190596
2116
1
1532750469849
1444
1
25
1
1
1
1
35473936
2260232607649
361
1
1
196
1
3949996801
19881
1
1879701324484
1314349035618304
1
1
121
2625770698929
1
169
3694084
573267249
17424
2137444
2718729406449
571808564925361
1
1
29735553600
15239408704
2775965851129
1
36
1
134873359023001
169
1
9
25
1
1
1
1
1
1296
1
1
4
673250337796624
496872185796900
2304
1
4
1
136702864
1
1009841284
90180690601
25967066449
11136369841
117083912763024
4
1
108139201
2480625
1
1478656
1
1
1
1
482602733904841
12644225680384
169
294392434305424
46179431236
6492594475249
460445764
1
1
15085456
204319179288676
256
1
1
1
1
1
130406213558916
1
4
1
3200521
1
4
9
676
16
1142771690025
230432400
802816
361
1
1
1
1
24336
16
56565011556
1
24419805889600
8650469204224
1
1
4061667868164
53795235844
1
1
1
1
4
1
6506249040225
11881
191794801
1
1
1753013161
1
1
4
1
10150596
297537005046121
225
1286396029636
1
1
4
102921025
11236
1722569626089
676
1
1236544
225
29377617201
4
3844
4356637609536
1
16240443844
1
11449
1908117124
264485169
257743117184400
29929
1
108200168528761
19311271225
19689983041
1065024
7724324449554496
1
1007237169
1
4
1
138109504
1585081
25
4
1
172143951492496
191024065969
556334398174564
1
124076140268809
1
441
1
1289278495296
4
5257849
1
1
251190801
2042766996516
1
2737211420304
1
24704252538498225
15330568592329
1
39632640338916
4
4
233969543299969
276831163403536
1
1
399565580544
4
4
1
1
1
69072775489
1
1
1
1441521868129641
5391990508356
1
9
25
20744352841
3204012816
169
902899044100
1
11848327779600
22053438016
4533377663929
1
2721085504200625
1
16
20968777636
5013277731225
4
152917956
1
13156319401
1
900
1
21025
1
2025
51753636
1
188980009
5671596100
90656392464
16653744810000
1
50945455521
1
10366090596
15342889
1
5543896284304
1
1
626951521
289
576
24393721
144
121290662345616
17689
9365172906049
704064194187264
47773282041
1
25517826049
1
6145441
1
1
1
2025
1
2039184
1
144
6145441
43723646404
186459025
4173326008384
298580567306256
15129
1
220541953929025
22201
1
1
4
438986304
1
4
1
1
582546496
2537649
109348681688064
348100
260452279669156
14161
18279866046016
1
1
1
2097824761268289
1
1
896480607333796
1
9787211916304
1428660810756
17206446700835716
17161
235266146438544
1
19918369
1
16
340220976206400
1413573434955361
352387984
1
1
1
2499561
1
1
1
1
18464209
34503434001
2088025
3457792809
1
98993295424
1
1
1
12504606976
5225796
1
1
244421956
441
1
1
16
12548470233924
680114241
1
17517558815827225
8122500
1
144
1
5313025
235683904
1
262196959095009
4
10074276
26896
1201216
175074550517476
19321
45754921216
1
1
122500
1
9
4
1784492550801
529
1092633025
1437601
1223273604289
15625
484
4082109098929
16
1
2272969323769
4
2401
43058325025
1066931989776
28400675625
1
1
9
1
1
180929401
195523282225296
2145949588836
9762708435603561
289
478220656225
31684
9
179575080169
15697444
1065870408100
1
16900
1
1
81225
22408256811291129
1
2331438879025
1
1
1
2025
22776544561
3586599644224
36
121969936
148225
136702864
1
1
11881
4
1
1
171887203051776
196
4
15538922499136
10862016841
22661065412496
1
117766335241
111894084
29895340555041481
1
1
6399994292041
1
1590121
2137444
1
3713329
1
1
257732890276
3442820874256
91809
17194498890625
676832256
28046948707969
2083031179441
13479411782555161
1
17809970116
26460736
1
4
1
5534538553600
1
149769
1
900
300031158001
1
152736946625041
1
161604
409810466738176
1
204954412780441
1
9
1
741146176
1
1549758581449
4
249955372740529
29061725625
1
4
1885109778049
12698359969
529
1
14161
784
9
1
188485441
1
418939024
1
5827120807249
1
1
1
1
1
1
385690321
1
1
1
4395081784840569
20449858009
129336462919161
1
20761446199729
2304
1
105165025
5008644
1
256
400
54289
1
1
4
14935133160000
1
319573399611456
18787373454361600
1
4
2264808100
1002001
5112121
47492177329
25243172161
25521660025
9
13919516361
11449
831043897820224
1
196
60909471020304
4
1
529
859652958985921
1121481
5429305771895329
826506447376
529
1
1
9
11236
189943524
99739789438612761
31908319641
2350698256
1
312675120794884
515524
1
614666976049
1
1
16043768896
9
1
1
4
1192464
1
1
4
1
111556
2515668799396
381264676
9
784
1
1
1
4761
1
81
668033239702921
1568676091024
4500202191424
1
2739025
1
1697809
1180706079609
1
9
1
1
1
24336
9903671940100
1
34751025
1
18258495376
29743738103524
87025
709263424
9
1
1
1
625
4
2802276
1
1478656
1
1
1
2599980100
124530690686224
53824
1
2704
1
1
1
10001400049
729761868951025
114921
1
13689
1
50253085584
1
105513984
655974544
2815207468164
637905895726401
9
1
918334900929681
4
1
4325613795721
144
178970375636361
426409
1
1
3423888196
958441
1
1
1
17150804670609
1319337093376
1
1
6230016
4
104976
30831848100
9174841
104919049
1
2547216
121
12202737156
4
67142209581225
37531700361
1
3364
81723372129
484
1145494997284
25263195136
1
1
179051161
1
529495812122176
1
1
900
29929
5134756
483088661401284
57121
1444
385651044
1964589083044
1
169
1
1002001
6763417600
1
4
576
6561
1887886574318807104
1
1
3171961
1
1
144
22409191809
1
2742080981929
2405601
1580049
5494336
1
649026576
1
1
1
1
4
1051414398225
1
25
4
1
338689724559125809
4
19784704
1971216
1
1
10358993294521
6543364
1
175085824
144
2050624
9096786244801476
1
1
11449
1369
1
4464005164130521
196
12253199208849
1
121
9546542703504
24171195449241
1
121
1
1
19536806642116
121
1
64
1910924986800384
1
1
1
1
1
1
84681
466634522975625
1
1
1
1
1
9
1
57121
4
126000625
1
1
6206884615044
161901575643025
121947849
14745600
3488179868464225
46656
1542564
33667648478689
1
1
1470108964
1
21307456
1
45098087991121
1401856
3006986896
289
1
1
16
1016064
1
1089
348575702409
9
4
4
1
1879641
1
784
5625
187690832289
15876
1
14884
10652097681
212265992334968896
1
1
1
81796
39601
1567504
1
101484750673296
1
1
1
9825165478144
144
9
12100
1171555984
1600225
457947716482369
14306163957801
333099001
1
16384
126157804969
1
1
1
1
36336365641
1
1
1
259863975368209
1
1
1
149311854578329
318980100080196
1
249704246933089
1619202805441
1
25
1
1562500
4009793987809
177023583810441
15129
4
1
1
1
196
1
1
1
108180801
9
10090408624452676
1
1
14227984
1
369804015023521
1996749225
1
12994176064
664544518416
1
400
1537600
12330992025
529
2145591406839841
11881
1391746356729
4752400
32513203141225
1
893172996
1
1
116899344
1
1
196
119988429089929
1
1
1
10000
361
1
45985636375441
169
1
1
1
169
1
9
16556761
683851264209
12345130549301449
677822422610529
1
1
1
1
1
4
1
1
6461764
1
301890173250169
1413721
331424027553025
324
1
14311336900
2733066933601
1
11782451209
304851600
1
4
1
28900
121
1934319076804
1
10816
1
1
1
1517824
15577536100
584720761
101042704
2997772743686400
1
441
25
15280281
1362544932961
225
1
1677146732209
1
1564177950241
529
702244
16
12769
1
14230104100
1506621228025
1248575652336100
1
2025
1
41499364
1
1
36
2304
4
6922161
7033104
1
1449616
1
1602320525584
1
17689
130680061045444
159178040430084
1
4
51357984129
5239521
1102500
1
1957201
182695550041
757240324
143790915951225
11449
1
12442733209
1
16129
13456
1
1
8636339725225
6999797278369
1
156527723298816
1814409
1
14113915204
1552516
1
1
181108747252225
202407529
1
318943881
6977898248454225
5520112658064
1456849
1
14641
248625787408384
21967969
30276
1
1
1
1
17956
1
1198773163225
9
1
1
6724
2097517257795600
629966929136164
1225
96100
465690443939044
250468219024
122745747748624
1
1
6084
1
256
12178667449
47290048154176
42701872800889
20730240400
1739510399025
339001744
3243601
1817104
10614986174193025
1024
1
1
114147856
4730625
1
121
1129097508100
1
4665600
52562500
10678122225
1
1
1
1
1
1
1
1317904
10240000
1
125504430671376
1
118613881
112333861920289
8850625
126966080329
2696164
51294244
13924472004
1
1
32617268589409
4
1
1
8662509987631236
1595169
1089
1
1144375760025
15129
9
1599142754854089
209347591384801
1051426702881
20164
1
4
18348057025
1
1
25
4
2500
1
1
236926932089761
225
869721676209936
1
25
26244
1
1
4637473801
187435239976298889
1
1
32764176
78996544
9
164505583396729
1
1
1
339335377839364
14592156804
1295943176025
1
9
3136
1
3969
2241176667136
1
6656400
1
1
437269921
4
143641
18830151729
20394176560528761
1
1
3850519251076
818574901119504
170720356
87628321
128164
1
1
1936
12559588690401
1
70849130625
2500
204633025
4
3025
257776860781028416
2244004
1
1
22201
671287681008400
128472681107241
204461401
1
1
1
2452622227225
3027600
1
1836962779716
1167696360000
39461425201
1
212976196439616
153618280521222400
571640281
2924100
188403076
475479612195025
20875761
1
103684
38834508646756
1
961
1296
39936775398025
1
1
15876
1
1
1
22765377924
1
3200459749631236
400
1
20112628761
38025
1
9
1
2108304
1
14608106496
1
1
3394393542544
1
1
1
4
193877776
225
27607484025
1
127040535543076
16793049744
501984025
457104400
256
1
1
3566000656
541696
1
1
1
1
9
554602500
2988079537362241
1
1
1
25
441
196
45796
317793871247076
1
1
33489
4
961
1
107694810067321
1436467153768516
841
1216056384
1
3116054605225
26000272516
27889
4076361
1
1
793280579569
143995296038416
87616
114929956450521
121727089
4
9
225
1
17867529
625
1
1
191136072088809
12616007041
2073294731236
49419957636
1
252746404
1663509232441
594189376
1
149865829480900
18949174336
11089774864
730566841
196364169
2901258142864
102400
794298680723025
1
171147305899584
1
1
4605316
4
5103353125191049
1
1
1
12866569
1
14640274009
1
1
6100900
169
291600
109507329930625
103330350016648225
73441
201692606404
22484102809
1
110935241456400
1
29794557321
64
9939107443225
593429965134724
1
104837121
262180864
1
10201
1
9089329286424676
1
1
1
1
1
1
63296018569
1
15879780225
1
60234903184
868186225
1
9
1
1
1
1
13987255922116
1
1
784
62813391876
169
7100391598336
110889
153280147764496
133795489
7385334687720900
161442436
274577924174449
152512118784
1
144
1
3608339590969
1
80089
1
1
3136
1918942497081
514745344
1
36481
1710864
144
1671849
1
386436610156081
1
137428729
1
25
1
1
1
2135663654881
1
12243643801
2118037801104
1
204368839752169
1
12206935225
237902922506404
1
2939068668859684
1
1
1
1
9
11896701184
100380361
1809566521
9942053189924025
4
1
33675853548100
4997022101604
1024
289
1
1
242675449641
26670809344
1
1
1
2085136
1
1
22969524249
6002500
1
1315609
916134752927524
1
1
127932836329
484077663115225
1
1
136161
11881
1
784
1
1
2683044
1
74009733557881
51514647335571456
1
32041
492615716722704
124211025
4
1764
82369
1
212284900
8473921
1993744
42330391204761
1
11380622400
239513106916521
1
1
63419291286129
1
9
289
1
1
1
193265604
1
1
1
1
361
102180640101136
28900
1
1
4
36999676609
21609
1
4
16011402030625
24639894841
9
441
2666379769
225
5556632277001
51529
502684201184400
1
1
4
20736
3115225
1
1
1
6122546486884
189307494316836
1
1296
1
1
1
1127844
1
1
1
40401
1
430355025
225
4178976025
1
1
1
2992900
85264
1
1
2871825935936400
1366561
15129
518019909696
37589161
1
1
185761
1
1391046292473289
1423854756
1
150315593626276
225
1
114445535118084
1
229674025
8279764541764
1
1
2592250350420142864
1726128363983401
19255439162404
1
400
4
4
2434929025
196
45059401984
1
1
154865073841
189447696
3080025
85796268100
1448893690000
19929857998576201
4
1
11230488676
1
1
250706340696681
2547216
262972044864
4
2544611993856
225
3751969
456678310421089
2732409
1
140730769
121
1
1600225
1
36188213824
10287842041
67844620900
31663129
2502400576
210424036
1
1
1
4
3790809
2210504256
1
144
1
3744225
36481
2995968063580969
199204996
106584976
1
216442944
1
1
4622776081
1
1
13689
1
144
1
1
9
1
41949184225
1
4
209189563511769
104427961
992376004
1
26896
1
1315427780241
1
865381807081
11742138179155609
9
1
1
1
58524802561
1
1
24336
1
1
784
1
1
30239818816
1
197767969
1
1
352401325956
1
3844
3067584108304
1
3101121
3122289
25281
1
2651117121
1
16
5285401
136161
157076089
361
1
1
1
1
225
354436010313841
1540577440000
9
1380625
1
1
144
1
161188416
1394045405809
36864
1
4
1
1
1
5769604
49
2067844
325575181864804
836771329
330339458109049
955604727902449
225
51361156900
519363807561
1
32041
676
1
1
17364387076
195944004
96207722930995204
1
1
1
1
1
1
1883474155778121
4
1630519578724
49287996081
1
1
11648569
5143824
1
1
146235878464
177156100
1
1
169
1
63971561476
1
1
10816
1
144
14375570829169
1
1
1833370160400
4
1
441
1
27405225
1
1
9394703146084
12614068553641
16
114771411512164
1
1
1
2598544
1
1
1037525588100
144
1
29584
14725579801
1
170798761
11095251556
224248378755625
29241
1
79282791184
1
169
46309748809
1
1225
15404533225
1
1
1
1
1
14782669056
1
1
158404
1
4761
1
1
5963364
243482787484225
148902177692304
190096
130596738419449
1
1
231361
19539918478404
1
140446201
140597009884321
1085641047481
1
1240996
144
1
2073600
1
12769
4
1
1
3912311849922576
1
144
14701158655681
17581358018169
1
1
131790767360256
4
1
9223369
271885073476
1
1724076484
8064578809
5041
24235929
256
16118827634403025
30976
1
2209
1482569241664
221723118736900
126167303986084
18722929
1
210598144
2332349003209
1
1
106301172580516
1803649
1
799136361
1
22201
6495363177441856
1
196
1
18221859451849
830477124
48135043609
7414729
381303729
1
1
1
28900
12996
1
24764687424
1982464
11017441296
340901016885025
1
1
1
67559446084
1
1
1
289102009
1825201
29241
1
1
1
1
1
16129
196
936666025
1
1
256
11236
1
1661521
4
101868588442009
4
76420179364
2913849
4
103043146134289
3225616
5135298921
144
13225
1
2979076
1
1
1326843660769
1525225
1
178863876
1108809
1
424030464
21025
1
1
1
1
1
184331317535689
1
15673815606289
1
9304875386615524
1
4
841
11449
1
63504
676
1
1607047744
1
400
4
1
1390913596900
18030849841
1
1
1187698369
1
131769
1129969
17264826036619225
16384
1
1296
1
3704835792025
1
625
39204
1
1
1
11664
1
448846596
1
1849
1
1
1
1
3820324339225
43729919689
5403304899001
1
11095561
20164
18096516
196
1
198951025
160402225
98187032469969
24232837561
1
1
10609
4
722708539131121
169
1
576
1
227088504135936
24059025
1
1
1
1
1
1751488139844
145564225
121
1
1
5898813863557696
1
1
1
400
1
2776642338276
289
1767160787716
9
21844544401
1
3187181831824
1184877967441
76176
319023394223076
1
141149796899904
1
1
1
1
1
43599528025
16
1
1815777810064
4
36735721
1
1821708985849
76176
777963664
1
22565359590601
1092025
4
1
40636512225
2583808700929
24364096
1
1
161772961
1
7405290916
289
1
13808656
46509666921
1
1230325776
1369
1
189192432316176
1888931379456
1
2827055518225
1
1
1
1
36864
324
1
4356
42025
1
1
5107600
1
1
1
1
150552900
72595219225
1
77660312976
1018081
1
1
2928068545600
1867693956496
1
269222464
38416
18558864
1803522105731025
1428084750625
32265499876
131044
363609
529
1
1238769
46225
69960779001
342614435963409
1
371119766416
4
19289664
1
4823719209
169
137455153912129
1
144
1178483936400
1
1
6457631368969
46656
1
13808656
324201379281649
1
1
226214293938084
1723969
25
53361
163802677325764
161213809
1
1
1
1311148662916
27889
361
1
433307146592961
1
1
1
289
7037196544
25
56687324281
1187777381904
93996814921
40532963584
5322041372025
1
40985604
1
1
2455489
4005624100
1
9
2165221017961
1
784
121
9
9
10609
32792139396
1
1
2783808825625
1
21780446724
1
104132432520900
1
124255609
4
1
1
33350625
101136611488900
10903204
9
529
1
144
692321344
1
15906758884
82944
12538681
1
1
4
70225
1
4
1
470716416
196
3251394441
4
1
1
1774224
63804234025
1
1
1
9
6241
1
17106851697849
1
290628439517584
22801
1
1
1
317656833784900
105379442884
108388921
4717262549476
1
1
1024
1
1
43802596432609
147487471491364
25
1
55225
1
7634169
1936
1
1937664
1
30397225104
28224
1757013874576
1
120254287729
61009
1
9
4
784
4
3415104
40804
53824
532842755391769
1
10754667683761
1
23065975317025
1
144
16
3525513193225
1
1
1911278600100
4
1352569
196
1
1
1247796234304
15605256241
1
1
1
1165337022043089
1
9
1
135489157680361
1
7222543375441
1
1
33124
1719229705636
1
1
2333295965169
21993483204
25040016
1366561
9
1444
165863025803524
792100
1
400
3090564
1
1
126292374288144
1
1
1
132152176096516
1
1
4
1
232816451288976
9
1
1
1
78955380100
45369
9
1
3904576
1640961
1
1849
9
1
1
2574779670544
1
121
5635876
13326162721
1
1
200913757104025
1
1178548900
17564481
420004036
1
23104
4
1
404005859410609
9
1
32507638193209
1
1
842052157956
1
9
1
64475366400
3386015852769
121
1
1
34443869832100
25
169
215238241
1
16271553600
573049
1
1447204188004
1
192747018488896
265952592650809
9208560462721
1
19864171541776
1
4465935452176
1
17405584
1
7074993532996
1
1
19321
7939410748416
1
1
1274641
18225
1
1893376
1
1
492362149885225
784
49284
1
1
1
288422289
9025
1
19881
1
13053769
516961
1248218514169
1677025
25
1368900
536292964
1201216
56992490361
1189491121
100
1
12160134529
258566400
9
1
1
1
77228944
1
323761
196
1296
282872739830041
1
1
784
196
1
739317308352100
1
37189775148964
25
14274111705770596
1
102515625
1
1
4
3055504
1
1
1
24426566520976
10907295844
1
1
96529518864
1
289
1031144795209
22386134225841156
1
269957091197641
2601769
4
1760366396944
33124
1
3481
20199838102929
745507214624484
1
1
9
14884
2884239484573456
3927278224
46820737161
1
5088353924644
4
15502989121
25100381761
1
2318082375625
1
4
1247007969
522729
1
1
5032625481
1
118533410163025
1
21028690347025
193600
1
15549457158400
1
24336
126999576900
900601
1
468184651880625
4424364686746404
1
1
137841453548100
14959002249
1
4
14988125476
21904
1
1
4
1352920248801
110889
1
8079133456
225
1
4
2732409
1
1
1561087819225
112805641
256
256
7799821482293604
226592809
1
121
1
10195344784
2350089
1
254617902476001
1
1
3411409
1
1
1
156411066486481
1
1
9017829494836009
176891276802304
341177841
1482688569649
2312446372929
1
1631827404900
1
1
31329
4
328865022852496
1
7167233854561
38727203829105796
1
1521
1
1
2141987383809
37950156864
118309129
1
789947236
77288448064
169
1655218621809
1
1
1375929
1697809
248425985556225
36
1528888201
3703603173559696
1156
15990614116
1644580537744
273764391113929
6270016
2428124176
1
4
231373821294529
32400
1
1
208322867776
1987533220401
250167334589041
2748964
1
11106208996
18696733696
1
112063396
1
53824
16
1
1833316
16
1
1
183277444
595750464
1160086247329
241081
1
4
3579664
354267684
1856899507761
1
1
7672183281
33856
1
289
9394225
517419958315689
1
22443650425729
1
4
1
49
1
1
16244522116
1
1
1
9
1
23257165009
1
1
157467638029321
400
1024237106116
1
2483776
1
1
1
1
1
529
10235571241
1
4
898222478529600
1
25
298799434785856
1
289
237899776
1062961
1335342024900
1
1
1271060072569
4040100
2193361
84100
1613049863481
1
1433599128900
1
1253655649
255267596593216
100172834615044
1
5517801
196
1
1
1
1
395527492464129
180933866759556
112572100
1
1
261066195796849
1
1
5865488203129
1006743329956
27011542691169
1
11025
537712757521
705819835252900
28874165776
31029467568100
1
193822084
242367356695104
1
775365243035161
9
63001
3729429155929
202891536
218832849
9
82648775169
1
1
229899920327401
36
900
1387684
1
1
1870928816761
277408676416
80089
1
1
214369
24808140036
13619996918784
469025649
1
1049549021801536
1
344584969
13689
1
356409
1871796114496
7714339600900
9
1874161
159928549593796
4
259081
291711250609
1
529
9
1
20243882961
121
1
1
577392841
17264120449
4
411312876722500
1
2013408346098361
196
125832104335081
4
361
1
1918965636
8696601
1
335293746416784
20679302809
121
183548304
1
155979183364
1096209
187489622509225
1
1
1159526236969
1
38829660509025
19350757449
289
1
1
101143249
1
2304
850538896
1
1
1
5929225
1
23104
1
242621869352976
104979163532356
1
2166938250547456
1
1
180472356
9
299152114704
220674457600
144596907081
1
1
4765835229030841
322597521
1
1
1
1
1
4
1
1
1240996
4040100
1155625
3516780094864
1
1
2115174644496
15649144810000
9
169
1
112911876
4
5433561
225
16974441796
11025
6092208697600
1
2362645668100
289990348984609
6241
576
1
1
4
1
29703488409
34596
11218554046921
245490517050769
1
1873440975169
169
1
1188921293024644
4133324831364
27395467828624
1103462009764
1
4
1
258212761
1
729
1
1215963277542225
310249
1
30791401
4
1
545565413376
2934369
1
1
11449
1
2307361
1545180760809
380445025
1
9
1
1175056
105411289
107267449
502783394900224
1533193721284
1
1
4
1
1
139876
20736
1
1
14694045961
1
1
25905224401
1
1
30976
1
1
121264144
32949147361
15272393656081
6370913124
1
10201
1
47206687441
160865166400
1
1
4
1
268566544
1457101584
1
841
36663025
4
4
1
8649
1
1
478154271169
302573257204689
1089
1
144
1319720761681
54544668304
4
11182216516
1
140728135426321
400
1
1
1
1
1
1106704
4
12187939201
1
196
1
289
1
1
282072025
292051614724
10701902500
289
256864729
571207418802916
345637737082225
86097056929
33856
1
3130998507766276
1
1
1
182115025
4937812850161
1317904
1
1
25
2758921
1
1
1
9129764402500
1
105781225
53571449839504
7916772632976
49956624
1
1
1520289
17059494544
467856
15553831225
392475721
1
147601187721
3045492677956
1
1
125316
2209
14819281916587729
1
18225
1
1
202806081
144
4
3249
1392886202436
1
470447857836100
92345485456
4
261369334620241
6031936
1
151831684
1
30319523286500484
15625
1
1
4
1
1533662244
2053625685400809
1
1
169
625
1
164389580102500
94333751044
11025
1
1
10208025
1
1
62827929025
169
110575088289961
24336
9099055063296
517107600
2601102001
197088803924224
5509883014596
14371693924
125976200583744
6829660943044
62722197136
646888356
2508407056
21252391524
1
4
52441
81796
118336
1
1
13447649296
1695633687225
148572403584784
1
1456849
101894710792681
1207801
1
1
1
1
1
1
1
1
1318257607716
1
1296323427844
13039321
758947401
4
1
1
688297629872329
11068092025
1056418063684
113330545245124
1
1
1
1
1
805437284571529
617796
17159952016
1
1
4309161525904
3347201025
4
1
14575540939932025
222904900
1
261954225
4153158684900
4
275468209645225
13033637905369
129946662342225
222069604
1556775936
1
309936025
9
3089247561
24162837136
4
4
1
4
2673225
285156
446181129
2649778576
361
20235836477476
9
1
1
1
169
28334030912784
68121
1
509216457930625
2074529209
1025605849284
225
1
4
386672896
1
1044484
9
1
49
1
3188549493801
23104
1
274911289041601
1
36
2493241
1
1
1223110729
111746041
83521
12902464
1
1495729
2947915751162944
4043799246400
117353889
125316
1
225
4
4
41209
196
1
1306876516969
361
1
214241769
124205495184
4
47541877681
862462625585796
12335878489
1468027870884
1
21904
62500
115930716196
4
294994468212409
247009
480303999073921
18711504100
345744
1
1
1
292717881
3481
85849
2418025
1
1
15876
14641
8624124662596
9163679502649
11004849216
2674876605025
1
1
34596
4
2343474167281
3265249
12769
40520079616
22201
1
166166293225
14671507876
1
361
101133911030829889
4222044057198564
1
412861761
1
1
94260666361
1
896942601
187580416
26896
1
16
327950875423396
729
1
144
1
1
1
1
86501085955216
2666689
17053486921
1614678490000
1
45369
581268761754256
1
21890149473481
625
25150225
293147748347364
3865156
81025053201
1
1
1
121
5376773151369
299782179579961
1
1
349281
625
1390041
1
3025
1
396785922504196
289
1241782608609
4
1
9
2500
1
1
1
1210836144400
1
1
10588516
1
349017124
2024929
365001025
1
1830609
1
1
1
1
1
1544283406864
3288566697992676
218951209
163926027289600
111356860235776
58081
68644
594695431958884
1
1
1
38809
1
481316812900
162460516
33124
1
4235866166884
1
4
225
21316
304432704
4
1151618728225
1
1
1
4
1
16
1
1
1063140401569
14411762401
2851147069156
1
13380705625
1
1
1
4393216
4
1
1
1
1
528561342973444
4
1
159466384
1638400
16
1
484
676
1
1298708253384025
498789376289649
4748189173156
53756277316
1
1
21407786596
1
1
4
53114944
13456
217276620973636
1089244981561
297025
255313941796
4358424781346689
209999746511424
1
6920219458161
372652137640000
1
169
3416652799561
729
48400
53699584
4
1
18496
1
28504921
1
1
1
467482429880964
350622217058281
29241
4
573985764
4
7944111360900
1
2696164
20164
2371787401
5846724
215631485884816
43681
2436721
144
632215003180996
166211760274596
1
1233869975209
25
13498276
1
1
1
1
51076
102060506250000
1
121997437110025
1
25
23261329
1
56169
9278185636108921
1
11051896384
1046529
1
1
16
1
11420555689
1
1
1
1
900
814612655616400
121
1
4
1
1855199271249
190356822684196
169
5916876246369
1
1
1
1
1
31821433820401
1
31684
1
1
2252943962361
1
4129024
2601
279524961
1
1
1
179632528122436
264355081
1597696
1
300051684
1
4
1
1
1
1
1
15929216521
1
71310361600
1317904
4
14673465715216
4624
1
1
108206786704
264875625
11025
1
1
549256361015961
144
43264
1
135163876
108900
920576281
1
4
19184400
283402545070096
1041321598335225
506340004
605154243613689
1
19044
1067089
88521321164929
1966301649
4721929
21529600
311364
23607400609
4
47456444025
1
1
7238776561
485396463616
93636
151634696409
1
1
231479427944704
1
19000881
111450249
1
1
12100
1
1
1
3538161
47862500625
1
1225
196
1
16212928900
1181569
144
225
27158418967876
115605504
4743083787002500
1
25600
405442145732836
5053504
1
1
16
3052990892961
1
1
86239719556
1
1
478864
1708646351104
1684804
1597883077476
573400715049369
105895728019225
263511230514841
16
1
1
1
9
121
1
286225
39183881648209
2759097068809
1797120749636521
48928555204
1
36
262537209
1
1
45369
1
29241
27225
1
1
1
1
69660239605441
1
1
40587186854339161
1
1
1
1
329749281
14876091058926724
1
19044
4952084707584
1
1
1
1
1
1084559633618409
1
1
1507984
1
138982822416
1010025
1
1
484
1
18219870361
1
1
1
1
9094832503696
59968663225
270783973915225
144
4
1
24025
8311689
1
3619247514624
1
1
1901641
8964036
324
25
4
1
3301416320400
1
1
63660336100
180311184
10609
45292900
1155625
1
1
81225
1
237653056
1
14400
1
144
1
1227664
1602756
1623076
4217375640625
11239604289
3911822485950096
1
3404025
1
1
8592097587984
144
5891197898041
1401548176900
27225000000
224906679678321
1
1
1
32615783706529
701561169
1
131341732921
394384
429608529
1
1
1
1294416484
30460371841
106977649
1
1
1
228130816
283024
1
1
1
1
144
2150150062921
4
2102500
101761
159491641
169
1
1278636269824
13924
11670480900
1
225
1
20641068900
1
9
211511792468025
1
1
439462043222500
409603156209025
7199733965824
1
10924848484
1
1
1
1
5844460971024
1
2136103524
29482263616
1
1
4741780618969
7695076
1
2353156
576
1
27206030083600
215062225
143656160400
1
1
22404102400
137919821381329
12544
4
1046529
25
16
27133681
1
1
79069503249
10609
1
138485824
21073167556
100
60473695396
3139264609209
1
126315121
12047038081
1
2025
8952064
251729956
5943844
1
10575504
1
1
4
1
11236
1
1
1
1
103283316865600
1
1
13129722225
9
1
105026505083536
1
1
281961
714279076
194490916
1
1
2274064
13619356804
1
5414929
4069674436
1
36368778436
1
27250362755344
52441
1
17359522258576
1
1
614792025
4
354266611209
81007975161
1
24964
20478314630461444
1
1
1069410379129
1053989689600
1826333313561
9
41548707225
11431161
271441
6545927367001
900
2638256281441
1
31022833689
500551129
1924254480625
1
1760929
102400
16
2010724
1776737041249
1
1
1
1109110178449
1
529
1
1
1
19044
1
675090646321
285807020365584
1
1
1
1
15625
116510436
14967075600
670343881
3481
4
1
1127656629198801
112243090729
36043402201
1
145924
248227154176
3558402502608409
1428025
32862776306788624
1
1
13689
361
19573688836
169
1
105625
1
1390041
17424
1
10111106916
1
1
2015723099208025
2162386061140369
4
403109438281
103345482146404
38594584702116
1
25
1
328918703565456
1
168039369
371255824
1
1
25921
5991688836
4
27225
1
1
1
6561
529
1
112293632603161
2910000017581056
4
1
1
1
14422809025
481636
1
158860816
25
466489
1
1
1
1
1
1
1
103134423982144
2709568111534144
1
1
1
152100
5116644
1595851092900
1
178480542034921
164454976
177449877504
915849
1627300781649
1
1
1
8014561
1
1
22831512201
1
1
1
1
1
3514408403742916
1
1
10929866116
1
1
4
1
1
138752525025
536169353719561
4
52004522025
1
21304613521
25
1
1
1
4206601
1
1
421973764
1505529
100
32273761
361
11168964
4292322091264
43264
15376
121
1
3889221796321
1
234334864
123188644525444
976618188893603025
264196
1144850780529
1
4
10402164081
8398404
1
1
4
1
1
1
15474562147984
1
1
2335957651456
1
1
4
1
1
1010794849
4
1
1247689
17689
21602360891556
5895184
1
1
1
1
308440279876
4
1
1
1
1
1
104611984
223246987868304
121
1317863156688225
1332376169796
4
1
1
36803736649
1
4
121
1
1003771549456
1156767983509264
217149696
16
33184087225
65497429548718336
1
1
18916701444
679123600
1
1
16
1
232562500
302692213394704
2809
1
41616
288660127441
206611876
1
1
4
1
76065088401
54771913156
531688427056900
121
151195206453316
1
66532527721
18496
22801
1
19485368100
1
1
1
925112434066921
1285502440000
144
11746782860164
1
1
2448595910401
4
1
4
172593853700004
113167044
25
1
5184
1
8681903501049
12100
106998336
1
1
117112545641025
1
4
4
319994282131456
2809388311129
169
16
187987627096164
96974319649
103041
1
5562940274584641
4
379860100
1076418700036
1
1
914550741571600
4
1079521
11449
79524
1
2809
1701215027740944
7750656
16697193888400
5234944
484
133092078194916
365584992556729
2657793315076
1
34141061529
64
1
1
1
1
1
5492667198736
1
1
961
1
1
1
21131564689
121
2981198547724609
361
35721
185368225
24700900
2704
4
11379982329
1
144
1
1
1
1
798375088603024
714563522405041
1
1
228674884
15206095969
1
1
1
225209091844
1142761
888814969
1
145540096
1
1
1
1
326344842756
1
1
5009825733696
772728804
1
4137766222500
1
212891065279369
121
1
35808749824
9
2116
1
1
1
30386289165376
3523129
1
1
46826649
1
22306318609
1
324
1
1558670400
120326398096921
1661286410281
1
289816576
13079115648036
6112593637956
1
9999800001
89985601775904004
289
1
1
1
24964
98596
121
1
1
1
412835265449104
3404043450025
158865605556100
1
52441
1136356
1
4202413900441
87295429764
155591944322500
121198081
1
16
466128100
298805796
4
1
3194818215334729
11449
1
1
4
1
109489515664
1819801
52435504144
1005912714304
1
1
1
1001702724201
1
280730025
756140004
289
169037702102500
10201
576
2357199601
4
49791013321
1
1
1185921
289
16
4
16
1255284900
1
1
1
1
225
3904375225
1
1
459700365709660761
1
1
324
8796295881025
38603604484
54847298025
4
12745506816
454730760389889
1
15656766129
1
1
1041565166041
88804
1
136562596
3101121
1
329495104
10719076
129424752250000
1
9
565323083272090000
760948445066436
1144900
213452100
196
1
3367687435876
1
187489
300779649
17504119001615689
121
2604996
68343030625
1
1
157385053902400
93025
1
1
64404348653824
3481
156416169156025
1143334055824
4
33884041
226773481
29929
1
24016940676
120932844516
9
20895293472769
4
361
1192464
107682129
3674299456
5202961
1521
1
1
167358077523025
84260018004680644
23802476691543169
121
2142859750201
169
1
1482622816900
163788804
1
6859161
125161653286961041
2012329881
1
3704053895961721
5400976
1
1
1
560374236450625
1
320088167256064
1
1
4734976
114019684
1493284
1
5645376
803789464094761
1
1
1
1
1
1
1
1651225
2996766067689
2499250256220004
383994554616841
1
1
1
1
27411538773609
114447204
1
36481
3759721
164557584
35344
17624699574286401
441
5419518816196
1
146833006496089
1
1
1
154979294068624
2742336
1113025
1
17880236089
1
14404263435524169
289
3600
476817839873281
110514358969
1
186152105075049
1852321
1
195192333765625
4
60516
12453841
16
1
1
1988100
2212656250000
1
1
2421879825121
1
296551991869225
1
797563626486561
3765540373272001
12321
1445066047881
260734134685696
1
11168964
10449746176
155950144
121
1
174724
1095551582596
1836025
1
1
1630729
4
9
1
1
4
48841
1
85849
1
4120900
1
225
2053365121221184
189225
144
22031168041
5191452882576
1
33917115556
1
756539862849
1
2486929
1
1184753879296
4
361
1
169
9
100
21316
1
1
1
92078868025
35390601
1
1
160000
10816
1
1
228846641671684
1
4
13225
1
280897753864490161
1
28900
1100401
573650401
377758096
24911255889
1
32041
4
1
217806031612009
4567722151729
1
4
314353786500625
1
1
150822961
4271943329424
18225
1
1
1
1
1
9
1
1
20701981303249
100340289
1
1
1
21609
12411529
1
324000000
16
662596
1
15625
4
169
38543898276
144
3159865315201
20421361
31543241297569
82944
1
1
1
1178410118116
1
133448704
9
144
448243640100
97969
4
324
262559908836
1
21663718596
24601600
1
18518838435904
3791264611689
1
1357225
1243452470404
1
1
1
286225
21005817397410244
32438531449
406627225
1
1297321
1
7073339180625
492573636
1
9
4084271237764
1
4
344008791780676
10404
4
12769
10640644
6596935402500
1
1
27510025
1
21904592004
235438734944169
289
1
107570190276025
140043602176
9
1
321520761
1
1
1
1
1
1
4
11888704
78846869939776
604708416900
114918400
1
1
264408380688321
9
1
1
1
159567424
1
102576384
1
1
1
15077689
1
1
46529901766089
1
23513285902500
25
1
32761
1
308318481
1
1
41088100
13330780681
5074282756
1
1
1
484
1
1130372976100
8438810769
25
1
1
2195568245025
1
363476131502500
135303424
12308127364
1172889
1
196
46102960656
1
16664486281
65403970564
1
10609
1
5560164
15129
1
10858056804
1
263315431638009
28366276
1960000
1
332464241894404
196
9
1
1
4
7807818302659600
729
1
4
4
44521
1
1
3225616
1
270002342335504
4
1
884685905068900
1
1
289
9
1
403673113857924
1
208849
1
1
25281
4
1
1
314601169
144
44955482863225
1
1
1
1
21025
2586943044
1
2601
1393703024704
63091249
225
1
8582181175296
10711697674129
1183487245924
1
1
14144344900
117527281
4397880294378256
1
3226973918884
535125510528400
1
1
280278826740900
17091901696
1
516247340039929
1
49
207025
1233050343184
1
1092236401
1
3969
19321
12769
1
1
427171101661924
1540081
12127075129
49
620227545479424
529
36307015936
1824179786884
1
1
1
1
1567696813929
1
97290967225
9
17969938704
601524676
14918064236881
1
102131236
1659021280900
1
1
3363556
6366608889796
1
1
1
9275808721
10312402500
18095092324
4
147895623184
38282835600
1
1
1
1
31464728689
1
498093124
6466849
1
1
4305625
48841
1712857972644
1936155365764
1
1
22877089
1378858365504
1537600
32761
33541724736
1
1
115556179086436
1
6877053184
2515396
820836
1296
139546969
1
1002001
16284312100
1
624900004
2813935795441
16
12321
1
12544
1
123904
1
132680610951849
4707745630756
12769
25
18573328656
11807864896
159188689
239104369
169
1
14161
3790809
1
1764
661518400
245642929
326705625
5067028012036
5588496
1
1
4
1
2287529541015625
1596599036356
1
1
192223056989209
151891811289
121
143835872049
52769440656
278907565689
7569
75625
144
1
577733766704649
4
1
115111441
1
1
1
1
9807138961
1471369
1
9
625
4
13796381764
289
8712940229361
1
229998244170249
2209
1
1
1
1
28045762430625
2958400
859486489
9604
4
1
1
1979649
1
1
289
238295288217856
923369769
133956
351421926555001
1
4
220522500
318122896
9
1
1
13689
256
3097600
82016368225
4
1654795685472400
400
1
2745649
1
1
1521
121
256
1
1
1
1
289
12561926400
7914414948049
209091600
1
24336
1
22661087296
196
24380324164
16
1
88478882116
321492402009
4863052584289
938258161
34064809902370116
1
10018208281
32634021819529881
1550774580601
929903125341969
1971055947249
7884044085316
1
1
89438079844
6770404
1817691775524
1
11518655625
1
1
41616
1
1
82296118129
1
8038625551009
15376
67423315600
256
12938607504
121
543684121191225
1
1
1
1
500672845518400
28376609380900
1
1
183304521
6990736
1218162657382969
196
262796521
86192656
576
1
1
1
10110759186564
107848225
2164299976336
2304
15117194304
116379911025
1
1
4
1
1
43690614529
1
1
1
1
15644318984100
1252161
240684196
31684
836228399452996
169
1
73216242225
200537234687689
1
12785955625
6081156
11449
1
1092568700916729
22500
108733084009
324
121
1110422782756
1936
1094116
1467674098576
2696164
1
1454958404102889
1113700302400
298965087729
1
577956025792656
4
4001140081225
1
3721
51076
7678441
113889769767225
385376161
12058455721
1
1
1
49810592906244
33489
1221025
728922782044900
28723470400
1
9
144
1
13535460964
1
5049009
107612865936
1
1
106577460260496
1024
1
1
52900
1
1
187087684
1
441
8874441
1
103350300838225
1
2052361809
1
1621784421049
19321
312006085725636
5304791556
662596
1
4
1
1385032411876
4
1
307312792164
1
141364014915600
1432983767329
31684
443565721
1
1
632522500
113230881
1
4
8862529
1
169
1
169
16
1
1
15376
1
3207681
900
1
13103371940164
96447513600
1
1
2715243664
908209
282240000
9728161
1
1
36
4968441
207739966225
1
9
139128559506729
230458563721
1
1
47726082369
2369272091536
202094656
1
1
1
1171286707600
110061081
1
341943190790436
503175960749056
40401
128035787784100
1997716520836
3957290649
1
12808127929
1
1
23769313929
4
330512400
1
34351321
1
9
1
3481
11664
11236
4
1
196
507120133571584
3690241
967023409
1
1987745717876164
1
1
282958035844
1
4
2802276
2585664
1
1
1
1
1
228523689
340476304
1931416180516
1
1
1
4
1
1403615976049
697143597689529
1
1
18890028481
24720784
64516
11519236
129039008400
277464509001
294849
1764
2104936705600
49
1
3360292272100
4
2334784
5635876
1
1
4
4
1
1
114837349655961
1
1
184332810994084
175325484548809
703784073887041
1
1
494607236214289
1336336
289
309513649
1
38811766148281
1
3711490084
32472040000
21609
144
1089
782768484
1
1
2757253608004
1218036700609
4
144
1
347486881
12230811649
2188973512324
378511305104689
17825284
5312412436144804
13504066849
1
1
784
103658241600
4
1503294235921
4
65025
1
262222446704656
28270344673239876
1
1
12769
27190031236
11236
1
15376
26896
1
1
14195985924254281
524176
124166292998049
1
85097808086061796
1
1
1
1
24649
1
585225
196
2401
1865956
7530768400
4
741376073281284
9916201
1
1
1
27225
144
4
21025
1
2301134268601
4
1
17542737601
829921
1120576796329
1
4072324
120533632245961
1
1
2934369
1
324
1089
1
1
1
3020435443600
1210000
1
23104
16
1
103623472836
400
107359853331600
445660598955625
1
625
1
1
16
1
225
1
9
1
1
1
311364
18355101361
1537600
4
1
1
1
1057047184384
1
1
1
1
1
146689
1
121
1
1
45593987438224
3556996
141316626702889
402787318871844
232673716293316
58949897616
57512193489
9
466304075105625
11949769225
1
1
100033038400
1230379513018756
27384289
18753659136
4
14134118769
2325079082041
529
10609
247375237179889
784
1
22201
546299852641
1369
1
153636025
131781078404836
33124
16883881
4
108368100
282262882063761
3025
17102623729
1
7059192361
1
1
1
225360144
1
6038222436
9
207014544
1
5346754413025
1
1
1
1241036104324
1945776697921
33165424477249
261121
109160704
9
17023876
63730497601
63001
1
5218264059904
20947345387929
16129
17816841
1
1
144
2414916
1
39713547887151889
1410263127025
4
3694084
81
529
29582721
1
1
6386931908644
1
1440755940058681
1239387905284
10888515050625
257328984341529
404693689
8450515278529
590698512404100
441
1
1
1
1
1094749569
117961321
1
1
1
261598276
169
1
144
1
1
132892386186816
1
46656
271300725921681
22500
1
11939277289
1
233378754474121
1
784
9
115341585678400
4
1
10142705521
1764
12996
185204309422441
172869904
17956
225626145014449
11449
1328987035489
21418384
1
1
1
276394135824
1119364
4
1
154927983258049
1
24235929
1
1
28676035600
143424576
121
1
635594521
1
1
72816324025
33856
1
1122269034384
4524502736051776
1936
1
11546404
691792415990809
3162023691264
25
1
1
21724921
426409
20142144
169
22201
4
311804964
1
1826625231729
169
1115136
1693423331856
1
1
1
1
162780674653809
9424861134812176
1
3068281225801
1
4
1
13689
855504001
1
10201
25
1
1
66773144025
504586369
4
16129
1
1
1
344761637146564
289
1
171199246681969
1
263835049
1
1
245025
2400940953009
1
47524
2518569
1
1
1
807259927782400
1
1
1679616
1
2263380625
55696
1
5602689
121
1
1
1028196
1
124099600
302307769
144
1
4173849
1
1
1
1
1
13689
437144464
1
1
24964
1
1043542988935056
361
1
1737603785124
12151749796096
1
4
11881
196
1
1085636601
1
2044924008538896
16919765776
1
1015541923081
1
1
12341654649
1
1
1
11361001744
1994602588416
4790771021089
1
1
1
144
1
1
169
1
1
841
1
1089462049
81
1095727432900
6125625
9
3860694468225
4
484
1
1532644
1
2481733489
15902471025
1
1
169744
2146225
4029041856370756
10816
1102661705929
2938781888144089
1
1
1
192753987986569
1
1452025
33489
1
3568570578900196
1
3759721
6739260649
441
1
1
484
1
48582772225
565869039152004
1
1
1
1
1
226176183114025
1527931392870169
1
4
1
1
33060625526569
4
1
1
1
1
127879905609
1
1
1
5041
1
1
1
4
1
1
1497808822500
25
1
831744
38195230096
1
1
1948816
1
15951221234404
4
1468628798772249
5188755517456
1
5416128057545104
1
4
1
1
1
1
25
139129
1
20348737201
1
1
33124
232349049
1551516868801
1
1
1
1350244
323815274337424
15737089
1
2100938896
5396812369
1
1
1
576
1
1
12769
86436
100538583233449
11182336
198034046016849
196
49
1
1
12704896656
44175632400
16040025
225
121
1
637461504
510831328090084
1247502400
4
1712552689
1764
196
4
48860892025
1
72361
1
100661089
1
1
1
1
1
21320964289
1
1
7483655083129
1
289
324
1
1
1
1
207195204969
26433557056
1
107065665340516
1
484
1
142730809
196
1
309298031570641
4
1
103000698953476
1101708864
1
1
87507362484369
1
4
1
101606400
1
1104601
478690641
9
1
4
1
1
16
1
25
9
949959912869676900
156600196
15876
1
1
1
1
3476630651961600
15129
900
1
239582073876721
1
16
12100
361
1
1
1
1
21031396
1
1
16
1
332369361
1
1
1151329
4
1
1485200441344
757540455424
377058724
1
226472401
1
196
2248932126736
1
13549761
1
4
55830784
1
1
4
300101123024329
1
7860795795554641
64
679112498485369
1
2601
1
163778043025
22117935841
1
333476220676
17291450573401
1
1
50625
361
2765569
1
1
1
16
1
5904720181369
1
1
10696937476
2704
4
1
1
134122780537321
1
1
332929
1433189671281
25556818225
1
1
3404025
20108941636
4
1
1
1
10313621136
1
100
324
66842414521
1
324
1
3023526291241
2152089
34727449
1
1
13456
39300900135849
45968400
17096608516
1
520843684
1
328130291810689
1
4
14261375241
1
7424633133124
1
1
1170021429491776
204434290994704
38416
1
4
1
1
324
99856
1
1
39591948803244049
137710756836
16
1
1
7838269156
359140401
1
78498030625
196
17703100809
4
729
1099698282225
368595188561889
160833124
2474329
217156
1
1
5278235148481
16662221069115076
6081156
1523365657009
1010025
1
1
1
1
3900625
9
1
226178890170025
9796900
592900
7033841424
651069471019969
491908041
1
4
24908730625
2643876
1731856
1
1
1
312481
110145025
1
1
12751603929
2070721
1
3330625
1
16
3247964488521
1
1444
278822402496576
3027600
83900019025
81
4
1
1
1
1
174662141476
1
21959683344
1
1
1067089
3981610000
1679691168841
258557716872900
5436997437169
17187798597489
7551504
4
1
1
11936873536
1
215186338131361
1
1
1
4918077970276
4
1
1
1301881
16641
1
4
1
880799057271081
1
4
1
16
1745086793383696
1
1201216
43494025
36
196
1
1
1747504212624
88681452228889
19410898329
18767904016
1
2515396
4
1219633096900
166065696675904
1
4
2265025
727974361
1
1
1
361
1
1
184280625
20736
19155944025
120912016
1
12544
163678657340416
2396251368289
144
1
121
1202207359271044
263802564
1
6236307507600
19290987664
1
16
40744633609
1
9
44368921
878341751722561
20049144025
841
1809237516241
196
1
2387885956
1
15151658435437329
1
757559291202025
4
1
1
161820185039827209
7000452363714436
1
1371241
1
381644160561225
10357132900
118600339456
130462084
1
1
1
1
850084
169
19441840356
16687225
1
121
1
1016491436944
9
1366561
196
1010025
1
9
1936
3027600
1
18181696
2862864
1
1
280361536
121
5012852323600
12238333129
4
1
1
12180874689
1
23559776258931364
1
76873662121
105621435918441
79669602163089
1
1
31080625
1
5508737098231689
149695225
1
12442510116
1
13741849
195364
4
24649
1
1
1
1
1
1348854605604
1
1092025
464496850691721
1
553943296
4
2209
2964793788006400
256
253032649
11490982416
1
1059771420304
173201630625
1
1151329
1
2913849
101929216
1
1
1
141895744
16
1322500
1
13440824465929
1
121
2901574966801
2376289312851204
1
1
4
1192841861929
4
16900
1
240793359849
2477476
81
123117310238976
1
11808700631641
20347903048225
1110916
1
9960336
1
3524304621149316
1
529
1
1
752734096
1
2184484
484
1
185994675441
72900
6397280289
1
262958656
499254336
1
1
4400248796329
231831076
13243636561
4096
4
1
1719969298576
1
12567025
1
248004
1
1
75130150095225
407636100
1
106423363468900
19044
41824963857825625
4
16
102704225625
4756761
2027229373255696
1
4
1
71289
9
576
1
14811922087876
52620230881
16
4535784218829361
1
1238769
1
219795942976
38627691753924
1
1
1
1
4
1
144
100
1
5326513189776
13689
1
589537338552100
1
194627415497449
1
324
26102688228241
1158359102355625
131996155925764
121572676
3580224053904
4796100
1089
3948169
1
1
4
1
26896
1
13456
537590596
1
1
1
33856
4
1
180681019431696
14685561856
40678884
1094116
1
939361201
1
144
1634261476
324
25281
1
295761022871616
1
1774347129
315382081
1
1600
24025
1
276496137241
1
1
1
339889
1
1
1
1
18496
100520676
1530169
361
12769
31127544900
3403368211684
2487758571169
1
594091876
2383936
1
1
16745654025
17956
1
1
1
1
1
1
1
3158642444049
1
4
1
4
784
9
137053849
23104
1
1
4
1
400931261399824
1134717828338329
6407611318276
38531334436
137875761686601
16
197598349353024
49
1
5776
240265872262144
6055236426121
6719900625
1
11664
12072917551095241
2241009
580472649
1048576
196
119716
1444
5040330324624
15376248001
1
1
1
1
1
1
36342703737081
1
144
4
1296
1
1
4
1
1
1
12544
17161
332551696
4
4
1
1
2072379059776
20804023696
1
1
4
1
240520054846681
1006009
220047556
4075056830329
6402326999524
805083876
10182626281
138039001
725655844
51076
204088001121
2719168020100
21449292859204441
1
878159553935049
83521
324
143641
8820900
143803339190809
1
1
4
1
1
715133119932729
1
1
1
153933649
1
4
1
1066717152400
1408050576
1
1
254338704
1
12321
2121223299364
1
22778053776
142205625
1
25
1
121
676
576
2916
1
726625936
2274064
16048036
1
1
6395841
1
4
146821689
100340289
125309218105600
225
1
1
15547249
1
1
376864569
169
669804783464569
1
12534817681
1
1
140305067361936
1
1
102949290910449
1210000
1
1
25
131402625025
1
4614883929445969
1
1280208400
888278416
1
34456900
1817104
17161
1
1
77474825649
1
1692601
1
1716100
4025208513809961
1
1
159693769
1
274396011399409
1
355216
1
361
1
1
1
1087849
19542082849
26569
1
16
119961352519969
961
1128084024769
1
4
1189077289
28213584961
1
3498422345649
29929
198025
1414512100
1
256
148315228968676
1
209525625
1
2116
4
1604716367076
18207246330025
304188481
1
67081
1
287807187344161
14884
449948944
23104
1
211004676
267471894466624
1
380601081
1
1
1
1
1
10506045001
1
30276
7317025
1
1
1
1033554856321
1
5020180811776
41245548100
1
1
266256
3364
10609
256
212521
16
160630276
1
1
1
1
1
1
1192464
16
1
462207001
331676944
280275076650724
328018571906089
1
256
1
9
59305401
104714289
357604
1
1140491571844
1
12321
1
1
4
1
225
1
4
800565036049
1
1014049
216178209
1501139544100
1
1
69114614790400
1465616724823876
1
1
1
1
5150358756
12633176445124
299354519689
13924
1
1054729
224190729
1
1
1
23104
39204
1
1
185558884
16
1
311204881
1
3481
1358227084900
256
236267641
248004
2740173690409
266114408821053961
1
2181529
62500
361
156930739840000
169052004
1
361
1
121
1
1
194846319396
1
1936
256
4752400
15496017289
1
1
18019840644
1
126023076
4
121
22632179214241
1
128718783076
1
44944
1
81796
9
2927521
1
14161
1
48400
688008755666241
1
1
1
144
1
1
1
2116
32677709139364
1
1
4583881
1
1
1
1
1
166281025
4
144
1
2268614340864
12769
1
35058241
14784371281
1
1
1
1
3191682294784
9
1447209
1904400
1907014616809
169
51848656209
1
21795219046225
185511673151289
32400
900
22918932100
229171880961
15928081
123032464
1
144
144
4000056516
23104
1
1
1
179246978539225
345299977898001
4
2705258484289
20899328356
68730487225
2025
45796
1
1
524050485838201
1369
1
1
26244
1
1
5245093907089
1
2237878370116
1
3967208230265284
15638502916
1
20916969129
10816
121
1
4630346984502409
9
1
1
1348399374436
61504
1
289
1
1
1442612383744
209831854109476
196
49259139136
196
17689
38953363835169
52201282576
11664
441
1
48441600
661724176
1
1
1
1
1
156075049
841
189077982816969
14115672668889
1
2560000
20617513744
1
1
31929401344
21150801
1
1
234460620779449
1
4
1505529
23558873121
41616
1
109008927225
21316
1009014223009
1415041098025
9
304706559575716
9
1433591944929
14432401
1
1
395731449
1104079765504
1716100
225
1
1
1050133057600
196
17787556900
1
3520674311716
5832225
17898297887044
1
10660408658055025
30625
1
12313081
1
1
1
1
1369
1
1
10078352881
9814468624
62143011225
38487395000041
1
1
1
436725365904
1
1
196249
101384761
1
1
1
1
56644
1
14531344
1
2401
1
1
1
51286849156
1
1483706705625
169827680922025
9801
257742282357316
54289
6083253094924944
1
758671936
191844
1681
1
10816
1
1
912025
394985256583696
177315856
1
1
1
34596
1
1
9
1
225
12504752874436
1
1
1
1
576
1
1
1
1
1
1
250000
1
20736
60025
21904
4
1
1
15376
2742071046400
1
256
1
1
77956909321041
110916325749124
1
24964
4
12321
164211410250000
10214416
1
10201
24862982400
20449
3885144585341184
900
1
1
1
116487737809
34083436689
1
688008053836575081
1
1
33674809
470103580881
1
146942884
1
3249
1132683404176
1
100489
11664
211251196077289
1
36
1
185433392116449
16
115004176
25
1
1
49
198144445751641
2971986363025
1
1653796
24216650689
1
1
741077409771169
225
155236
1
111598096
1756430692416
26874028489
41857886464
30958402500
21904
4
1068789486983716
7725531025
611650690561
4
1
1
1365922800529
1
1
1
166671688999321
1
166049730064
24025
4
42495348736
21459320100
1
121
4
389233559374009
106328166400
3003289
1
42849
102400
122655625
1
4
413321695801
1
1024
1
400
1
1
1442401
1
1269047310400
121022001
153664
169
10801443768025
1272384
3183430303089
1
9
3364
1454436
293764
441241785131536
24649
1
1
1
1
343396
280261081
1
3844
1840545348889
1
1
102128608456900
1
11634211044
12744152100
1
2838689195281
81
39216276961
1
1
1
91412721
1483251169
100
1
1
1
13549425604
1
527791764690961
2088025
1
715937049
1
1
4
1555211020561
8092585517522401
295012708772356
1
1
345376987031041
78961
45796
62916624
1
327406370451876
2442969
729
144
1
2889935400361
14161
1
4
1
1
3331374334727481
1
30276
4
32081824996
4
2532961374784
1
1
1498176
13153337344
6721929495415876
2478736706069569
1
28278794569
123993525316644
2980723216
1
397376422884
1231875790201
49622463121
1
679399290653521
2390116
18877309633457284
241640775950401
13526853025
1
1
1
1
225
1
283234711204
1
26684306174902489
10326217924
4100625
1
200704
1
1
1
1
1
109746576
1
1
4276624
872198089
1
17078569225
504002500
1
1
144
1
1
196
1
1
179622905108409
256928841
192721
9
12830772529
1
1
143928009
89410709989640169
4
60042641296
1179089767881
400
1
27948879688900
5394747080919364
1
149685828667456
1
1211040000
1
121
60155536
1
1
22042747024
1097189211024
2025
11025
1
1
20224821796
1
1
16
1
1
17424
1
4
4
1
102475129
819395262256561
928385067625744
1
1
14563802225025
1
83521
1
2531281
115928289
121
1
1
4
1
1
1
6071296
1
17499585796
1
674184185013249
1
1124395024
1
36
1
4368100
1
7695076
1
1
163686436
15129
1
702303001
26435833281
444872464
1331716
1
7574743089
6656823828388321
1701388923129
196
1
24250542666256
1
1
1
1
1
2582449
1
793730381514841
36
169
1
4
1
1498176
1643200951876
1
1
37496836881
16785275364
83681182729
1
4473225
4
19896443854849
1
1
4
1
374666410000
234742356260416
1113025
324
9
1
22801
1
1
1
144
651361984900
874739776
289
1
4326387520009
1265094055696
4008004
2630884
1
1
3766875432336
27112849
605799769
4
1
1
39962009025
36
4624
9591409
1553069281
50010824161
1015314496
1
361
1
15971904400
126025
432210628184976
21316
361
4
1
43207026769
1
1024
1
1
2134521
1
11590029649
110224
4435497147844
441
1
1
1
1320740964
569146095109089
3236401
1
1
9
3753155169
1
2152089
1
4
8181021601
9
1
714920644
1
486507645001
232280247192049
269255281
900
1
1
2013406641
36
2974702772616932889
1
1
1
324180025
1
1
74481505569
20449
11032351225
1
1765334738281
1936
1
1
226803600
182527233349696
973268906718564
1093038382999161
1
1017886847026921
1258688484
4
136161
1
783225
11196814225
1201216
1
1
12654900036
196
1
1
206481610603024
240127379649936
17689
1
4
3732624
1
1
4
16298862889
1
4
1
44944
2496400
1270079374777929
1
10982596
11483908569
35721
1
1
65362546921
1
1114624996
1056510016
2552105295961
1
444730652695044
25
9
9
1583244100
1
4
7851204
100489
216736989560100
1
997549056
1
1
1
117375556
120013405333969
215296929
10984297636
3302244915264
1
236297277217296
7496644
1
87791296829401
1
1798281
4694112228100
4380649
1
1100401
531625249
1
1
4
225
1
1
5518706944
19193161
1422733670656
1605387827521
1
16
1
3383999389225
27689292801
1
48233355090274225
22963264
1
1937664
4
270142096
8526400
1
1
1
153636025
1
441
484397904169
145154304
1
4
1
1
1
127080529
25
11122225
4518361292625049
5250997817685361
1
785412475225
1
1
1
108748335493009
341917081
47328872704
31382122500
1
1
1
1
1
1
1
169
9498724
1
209600438477056
133276835041
118056330429129
13655855516689
161284107253824
225
1
4
26569
7460982990400
1728064900
1
1
1
2324107681
13689
400040001
360000
1
1
1
104939536
3809877359433616
2979303889
1323868854025
1
19236996
28224
3359197343367889
4
1937307900819600
1
1
49
1866975175129
86475343820944
1
1
1
1
1
1
1
1
1
861500924984896
1
1
3133098243136
380133009
1
472105984
1
2590857228996
12321
20164
1
2999817072004
3521413630849
1
1
55587021361
1
1
117200565498241
1
6357942078016
3247204
4247721
15376
604731691411849
3191296416400
1
1
1
1
2468041
7365796
1
1
1207592199025
8265625
1
1
356756544
1
2540836
4
3279721
1
35254357501444
4926735629922681
1
2331729
132496
1
729
1
25
12544
1
1
1
1
42436
1
1
324
1
3844
1
10404
4903474355641
1
113337316
25
324
1950572563641
9
1
512207424
1
1
1
4
4
1
2687452029025
2264812002381681
16
169
1
3779136
137363017718809
1
9
1
588422425056400
13689
1
435118531655025
604127241
18575509264
1199025
1
134563132018225
24166257025
1012691299941721
784
1
1342034205444
1
1
124992400
1
650049626030415601
1
42436
5896203804100
3222025
529
1
1950370569
1
15625
119716
4
1
2845969
8266264561
1
108869086381225
1
30976
4
1
1
4
15625
4734732427409664
1646881989481
36
12947115204100
871760209761
1
1587600
1
12544
9
1
1
1
385747747573444
1
21609
1
4
1
1
226576
1
1
16129
1600
1
1062955609
1
4
1
1
2025
1
1
924370015130116
65025
150199192114084
1
256
475414416
1
4
1
1
1
1
143880025
1
1677025
1
1
1676022819769
100
3936684049
1
111842109744849
1
70884270081
121
17081444416
1
1560001
126090441
2755600
1
21783398464
340105556686401
6610848318649
1
11524451904
1
121
1
1
3374396324209
4
121
11025
1
1
1
1
1
1
1
1
1
1
196
29824944601
1
5560164
1
1
25921
1
1
1
189365121
1
16129
1
1229881
1
1
60516
2709316
17424
4
1
121
121
112896
14552920299241
1
729
1
1
1
148986436
194850275018884
1
1
1
3644281
1
492460080025
1
1
1
1
1360997557924
289
16924996
1
1
1
44823025
1
47961
1
2808682009
619085712400
1
122988100
2773164139524
13919280400
900
1
292410000
1
71824
142478528254969
289
1
324
148328041
1
4
1
1
1
400
1936277816004
1
3900692150289
568202569
24656825838096
576
514473124
1
1
1
14766867361
33303236263178049
1
121
1
260100
1
11551090576
1
1
1
1
1
1
303601
484
1392400
7744810702500
169
1
1
23409
1
1461681
1
224676
245105545287409
1338230198761
300390389987076
354154761
1020674704
13924
10069560949228804
3896676
350115928618225
1
12467961
1
11025
1
322489764
9150625
4
3903875361
1
64
1
222964624
361
1
11236
1
206238321
16850053258140025
1
1158201391040164
204639633963361
177668798928516
5428900
17880236089
2543916541156
1
8214305655721
14387042916
1
170877184
119471157316
30913600
1
537961636
40804
22801
169
169
8029838687809
1586317579081
9
343212601896004
1105494530625
1
9
1
447314841856
18225
442345024
1
1
169
144
169
23475755524
8464
1437562632256
1
1
58198185049
1
1
1032256
1317904
144
4
1
1
1
1
1
1
26796359310400
1
1444
1
4
1
2362369
391876
16
144
1
19924169409
4
1
1
47089
1
1
1
1
2421033616
4778596
514088826619729
1
484
1
1
16
1
75076
19741374016
1651225
1240996
1218800683078276
1
441
1
1
49789228225
1
16641
961
1
31911201
9
1444
15872472196
181619690923225
1
1929581329
148557055761
1
420408356915044
121
1
1
1
2807846520439689
9351364
1
115584001
1
1
1
1
1
157990997885809
1024
1
225300100
60581945956
1
1
1
1
1
304537401
1
225
196
1
1
9604
2231090905080625
1
729
1651225
144
1
401166424129
1
289701198813321
13579225
1
4
110247228017424
560931856
1
1
84100
1
36
1
1916366780241
1
111175936
20045716722912609
1311313555876
5595240161476
1
14641
1
1
1302704932321
410881
1
1
22510201156
719104
11025
18131430409
25
173124279828900
1082802574084
442050625
108524597940196
1
1
3251764745917009
1
220662244009
1
2007889
393031616250625
1
21609
178249201
1
1124132183001
1563732743049
135245968020900
244762082475876
1
1
1
5713385892361
1
1
1
1737313797184
1
1
64508888196
1
125316
1
38985317809
1
1
253536578900224
1
1
1
4
139284253515625
1
1162084
1379389176676
1
1796961698064
1
1
1
1
7185105225
10894975641
232223754816
2313441
7971096961
234610489
1
9687183155776
1
625
10154496038544
1806336
5373124
1
1
256
4305625
1
1
123904
4
1457225416598884
1
1
6055018596
1
4
1
1
210337009
3530641
1
1
14851445772114064
4
729
1151448489
7975356590741904
1
1
175547156835241
236285656155396
106106789664225
4161600
9
30276
121
16384
5210166891241
1
289
1
32761
1
1
1
15142779136
14106026128401
66398035953001
110889
32761
300710281
1
2166975364225
1
1
168558314966001
3165638042176
39891856
256
1110916
219810276
48841
26574025
4
334071648751129
1
15625
13920460225
52900
9
3282506909361
19925580964
22979224921
484
1
304860853870225
81
1
39601
1
339259561
746496
22986198544
2638408965124
14161
1
114219856142161
1
23530332816
11082241
1
1
15330451129744
196
1692601
1
1
67420521
4
1
35899414358544
130321
1
41990400
10962721
1
378844376405625
25
1
1910006401104400
164198596
1
515413177560369
1
800946601
1
1
1
1
169
1633284
4
9
9
1
5195263193344
1
13689
1
1
1
1
1
1635122280961
1
3964081
225
1510441
1174826203236
324
2160400228900
22524516
23052348900
1
30389971544100
1
4743903376
2116
1
2742336
171583801
1036313820025
1
6914543720704
1
1
1
278923401
1640961
24649
1
118722816
4
27002048329
1028196
324
20194967881
1
142038724
4
1
1
297727374736
47524
1
3496593326724
1
11877512256
12676282921
1
624150289
196
12996
1
1
312405625
1
598634089
1
1
24740458681
7607010399203329
121
130416400
316383416608900
15094333881
48085393713792400
20134191025
402572362410436
2499561
4120900
621903844
25
1
24314435555089
431517529
1
1685510185984
1
10404
1734489
1
5842628625409
14024243776
172176019155396
1075727831929
1
258019969
111943425230224
9
1
1
1
576
1
3253676402025
928969441
11978426916
8122500
1
117477396012601
1
160801
1
1
28561
1
1
18694450869264
64516
25
34596
49014001
4
9
140625
34691297536
1
1
1
2149076836729
166126321
188543519143225
120905550438436
1
196
1
121
1
477061606227600
10201
177241
11338416324
17205904
1
21110927616
1
1
96100
256
25
1
1
1
8266108007056
1
2025
4338889
1764
32157096976
180361837972996
1
536932454270809
15876
1
1
1
124609
4
1
1
25
1
60662212209
1098922407025
1009758599336601
1493284
1
4
10552505365444
1
121
1
12442510116
48790225
1
330948864
1
3305124
169
19044
121
1
2809
115159779904
121
1
1
1
1
1
1
47980273936
1
316969
362404
1
3892729
34826277924
253191744
1
1
1
3810583023206400
1227664
1277419852900
665856
3433609
13668415744
874781123736601
1207717477444
1
113024359568575849
2031648278881
225
1
1
1
1
358297462990009
16879726084
1
1
1
25877569
1667445359616
1
1
82369
3303157216681
1
586075681
18769
29584
1
3249
239482018161
2304824967225
4
225
1
1
9
388484100
1
327184
178062336
1
25
1
3666736171923561
104939536
16
16
376243609
1
1
1
6065605924
4
1379379600
71824
4083115331584
1
10932306146713561
1546534276
220851460989184
18884543553225
1
1
1534241436025
1
1
12314562841
9
1
18496
2552876676
1
1
43264
1
4
15748744036
1
1
1
132496
6416089
110889
1
1
1
118441287409
4
1803649
24336
1
1276900
25
10053839466841
1666681
104031554571396
2538024961924
699761050282009
256
16
625
7946761
1155508902916
93032603006281
1
160934596
644093641
247856613904
1
3744225
121
1
277088350532841
1
49
161447264316100
121
16
250398976
177235969
1
838030416050025
1653796
122013872988121
1
223981156
1
1
1
679098322035225
4789681069156
1628176
529
284089
249767395848961
2809
1
1
1
1
2815684
1
1
1
10609
47359334884
573796367678209
187489
1
1
4
19881
1
1
23716
10404
1
1
369293089
948676
1
1578739477441
132496
18386817604
1
1
644809
2304324
37601863744
289
1
10401552144
63083258595009
1
1
1
1872017539845124
318622500
1
19600
1
1
1
1656327816256
1
790123456987654321
11025
1915456
1
1
1
64
6614080929
1
1
1
16900
8844336967249
2695167225
1
1
1
256
1
1
14400
1
12320100
169817073206544
1
1
1
1
38335682025
1
121
1
1
1162084
1085045139025
1368900
1140696625156
1
11025
1
1
1
16
6827769
1
200207671074576
1
1
1
1
1
1
1
4530444138256
1
1
3530787563521
1
3250809
1
117635716
1
393585921
1
162902646544
11449
871430400
10816
1
121
1
225
4
1
1
63504
1
196
1
181874030100624
324
11664
9
135443136676
1224776036416
1
211600
1
1
520068025
1
28900
802169387534025
330625
1
955362571923600
2537649
1
1
1
22674444009361
14029341444961441
1
1
1
1
1
180964536717636
4
13104067729
922923354721
20693692137024
1
1306750201
225
412934262374656
4
38850289
1
12996
1
1
9978833812056769
1
7493845489
51372942336
1
11014420164804
4
122500
1
1
1
121
28846304964
4656964
169
1520552390936121
2800190584129
465124
12243708863874436
118396161
30891364
1
1
1
30884196121
13558972249
28561
1
166878031024384
14921355409
1
1
1
1
121
1
4030915505796
25
784
2630884
2359296
12744603664
39204
1
1345532368887001
100200100
1
1
1
10412977936
10749542400
1
1
1
8048569
1652926778244
1
1
1
1
1
2856100
24336
1641299201424
33844960900
1106704
22608430321
9
152349649
30625
1
1
1
1
256
1
4
1
1
480074611466025
125014761
191446684453476
24040812601
1
1
1
1
12996456004
1
1
1
262926225
4
1
492571949257444
121
1
1
11259548025625
169
304030932100
18355101361
121
5999540764816
81
27279807556
1993744
16129
1
1
9
52385138884
3881176116435396
1
1454436
1908721849225
1075369
4
1
16843367524
4
1
1
21743566849
9
1
16
225090009
1
1
1
19182527001
400
12100
121
125529616
260100
579894561
24964
2025
1352569
324
1
311364
4
1
4
1
1
102111025
4
144
1
4
1
1
4
1
61377089536
519566436
10427064769
1
132496
1
237297880834576
361
1
400
16384
1
125429382624676
1
1
1
1070568910489
1
1
18808202449
34035556
1
140949773939529
10909168227409
4
11562485841
1
205062400
121
736633881
44253068680804
4
4445919846225
209543400676996
1
121
847952676619129
1
37636
1
1
1
1
1498043810916
9
92275236
1
73856836
1327419666769
1024
1
1
1
1
1
181351739556100
7225
15062161
1
256
102450126715225
4
1
1
22757834449
1907161
5429850681616
1
1
676
1
1388311027922116
1
484
117514582416
1
4
2916
2219414652900
11823517696
5122314142009
233203441
4
9
2606059618176400
1
611622361
1
1
118595518129
1812512919616
1208990410681
914034289
4064256
16641
228977424
99225
1
311522500
1
1
11723908729
1120411665025
17938852096
1
1
408251925510025
1
266501674364641
1441981689752356
1
324
4
1
922730962461169
1
46593812736
3574391047236
1
217277888641801
22201
1
1
1
3284601648409
6375625
343113420869041
15625
356177333220921
1
48921995069476
1
1
179720836
16384
2245322303668224
1
1
103562251314916
1
400
1
1
60931960336
4
1
1
324
2855620060164
110889
144
309577796401329
1
144
1
29905822489
1
932916265767684
1
1
1122769113664
533219311937764
1611708959961
676
1
1
1
9
2291919876
46226401
1
25
18404460361764
227481866580004
1664100
1
1
484
36
169
196
1
196
38696004369
126974968012489
349810849839361
1
29692114596
6766707600
961
1
1
1
21316
19321
1
1
6270739344
2932070340474025
1083377049316
1
1
44924922025
1633284
324
4538420947449
4
1
2588876669810025
1
121308196
1
10227204
1
503688249
1
1
1
38243105178201
10210698304
1
5329
2712391600356
442521794584804
225
1679616
1
121
40966569604
1089
1
26556624569344
13225
1
245768329
4356
1
1
3184873445310489
9
2116
1
93979646721
4
35721
170537481
1
1
324088169997601
4
1
1
1
1
924229556508736
121
249576804
1
1
256
1
1
10144225
3969
4
1
4268356
184370855492329
625
1
312481
1
284201941724100
100594271556
1042441
1
1246630308676
15076384340224
488018207889
41616
189010913519376
2102864449
156025
1
10810944
324
345167833588249
1
3020644
30784798044025
1
70756
2132777124
1
1
1
1
22308708321
4
92712191066089
12033961
66313975225
1
1
25924899722500
66337153600
294439763538841600
9765625
1
122730791462449
2418475684
1
144
1442850208969
182329
1
23115553444
1
26569
1
54129744964
57274624
348979761
1
2064969
1
1
37249
1
1
4
624100
1
1600
209852540018944
5890329
6243381752976
1
144
1
1869656961316
1
9
1
1
106405787601
4
120409
5464097926681
2116
2601
1
108241
4900
3310154500689
25471055579971600
1
1
1
142589312100
17020594369
157525641025
1296
1024
11438516401
4
25
8569173109225
1240902425764
4
8361273600
55057127162401
1
960057211344100
860659569
180613521198009
1
1
328119604421184
1
299098208335936
13662315810049
93462827225646649
12769
1
1
9479705261569
409860025
1
1612900
4
1833316
4
365688440572324
3239740805184
4
509224356
69696
1
1
33779344
1
3976036
286963600
4
36486348196
3298508826561316
1
455445323557225
135424
1
1
1
2059225
1
16
1457998290576
2510210404
4
277422336
1
1
1
4
106110601
44100
1
359093669354289
1
1
576
322252331126544
107584
1444804
1
1623076
1
4478666433796
35160645137358400
262144
1
53946565696
4
2286144
8947339421002129
145950561
81225
12411529
1
4
133184871330625
484
1
492930757777936
3163612516
152621316
21025
1009459984
1434849413904
1
11981272681
1
16
1
163567669225
1456849
13520805841
733502105563536
128980654011225
9
5476
8509834134244
1
1
236030157272529
1
1
4490936587489
1
1
224640144
1680262081
1
1
2643605056
2156926240998400
21904
1
1
1
1
1
137785785291961
1375264664562721
3655166598801
13322500
361
165405321
4
29241
1
1
2393209
12083505625
209366372372004
78608458384
529828324
1296
1466521
11439192341305600
115799121
14161
1
1
1
1
1
16
450118656
1
2360498629711369
14979794899876
108639762841600
1
2534680516624
456979036276624
5750706072228100
464057764
1
25964290673865769
50625
1
1
22252882276
620508100
1
1
196
1089936
18124429129
1
1
4
2515193915620681
202154879461924
54756
1
232324
4489
1
1
2782794485241
1
4
244975149429124
1
1095159092003344
171191056
184886648873809
1216609
274840196673025
4736438384896
1
33489
2637376
1
1236922288048836
1
1
1
4367222244100
4
1024
248278972176
1
1
1941459844
22603349472804
8556742107075600
1
4401966207709225
1
109561
122503675727573001
1
4846941286929
164999574086656
1
1
224676
151437636
11881809
1
1
1
11505547032071569
5146350862249
3788609209225
17854571641
23711072256
14641
42849
1
1170724
107848225
1
1
1046117794401
305690256
1
122213025
1
1
1
1
1
1166400
216225
1
240511866318025
1
3010225
1
1
1
15566305225
1
204225164003169
1
497018423088100
25
1681
5984178010085961
1628176
2200283160294976
1
10793339881
1
2500
106189480109584
1
1
149256277569
4
1
32775625
109579024
256
9
1256831257697856
751689
1643524
1
1
5047580009124
196
1
772339681
4
225
1
10670063616
264425584724224
1
1
196
1
8271376
43350380545681764
16129
1
1
35378224281
108096465333025
1
1
134420836
1
1
21869085924
350026681
4
1888634524176
1879641
400
1716595215721
1
1
2380395379609
1
1
784
1
1
12753636624
110700299859241
3564395909363844
1742143929409
21316
30388159684
2825925740401
1
119900682306889
18225
3807103978606756
32041
355775044
18855683856
1
28184701689
220530162666564
89401
1
6257197070721
1
1
352387984
1
18776124676
1
1008052144324
1
1
54289
1
1
182932422436
37249
5233462336784929
1
57307572100
1
9
1
16129
4
289
1
114575616
1
1
1
1
14270213764
1
2025
6305121
1
314936487602500
10554636464100
1
1
1018081
2474565025
1
16
1
1
144
32398864
25160256
6051600
36
27810231696
34969
1
4
1
1298141209600
1
1
1
622678409925625
1
88804
104325796
1
452797585879681
5017600
104394902404
23409
1
1865956
849605904
1
123032464
886014756
1696120731904
1
16129
1
1
1
14174807364
1
254625849
1
1
80442573376
13162384
9165381696
1
9006001
1
1
233020225
6264089316
1
682979933476
2114159620225
1
1
734891278564
1
26960326416
1
1
282297962975625
121
13307904
1
1
1
1
169
1
9
60516
2663424
2825761
68918850576
1272384
8913248100
535883932793889
1
4653089038404
19114721536
2062096
1
1
1
1
1
52987436100
1
16
1
1
1
1
2166437025
533239032296961
1416317956
2856100
1
1
1
405700164
11468863138041
1
1
1
16
1
16641
17424
16
1
1
100
1
121
843553936
1
1
1
1
1
34067192329
1
10371859772459584
358382761
1
309760000
325592348449
1
1530169
4
4
1089
121
1
783907210745649
262602025
1
1
2704
1
19300433476
1430416
1
21025
1
408550694493769
1245456
121
1
24295041
1
444535056
6614243584
1184592792100
196
16578228824373841
1
7706176
16
1
1332006823876
1
1
1
108618480036361
49
16129
169
1
1
1
104104392360336
40242767236
1965769439481
1
13297604041744
4
4900
1
49
403225
225
289
1
1
9
1
554932249
1
1
36254789228025
1052483364
36
1
378380304
31471469604
6917670411981156
1
1
1
4955076
244140625
976062564
9889911701329
10816
1
28224
1046529
3041536
1225
577045626107076
1830609
9597604
14611732641
17956
139787632605124
529
1
121
1
1
1
36
452454760328256
672057094276096
1
257506209
1
1
33822520281
11757281761
4
9
1
1
6528025
121
1
144
1
321379444389481
1
1
353703249
4165681
1
1
1483524
26354600281
16129
53949025
1
14161
3284148577284
9
1
50176
5637832345744
629581945444
1
11056943104
25
65638498894081
127000435685809
1
1
439405444
1
1
126736642361169
1
1
14161
105935928484
2699449
64009
181629529
56911936
1
53415529924
50176
34918528225
1
1
1
63982690704
1
1
1477943509849
1
1
46952389225
9
361
13924
1
36
202641324649
1
672730095835681
1
1033974829719441
109351246489
12769
4
1
1
1993874780480625
1
1
2134521
1008824644
4380649
340853161159681
109809441
1
2056356
1
9
1234321
841
539412395809
6561
42059036889
9
1
118352641
1
1758814045139089
1
1
144
271821169
1404225
1
1104601
1
1
28121277636
14781302865316
1
1
171285744913924
1
121
1
1
80089
14055001
4995225
1
129140746008121
236733765684025
1936
1
1
32540912881
273174784
16
1
1
169
16
1
1
1
1
1
1
92416
471845284
1126657626249841
1430579329
1
1
21963240000
6310144
284585597212225
21042693721
1
10262297809
1035007126609
1846881
2096704
200064765796
121
1
258232076299201
15861135481
1
5270179216
49
292512609
1544263523856
272484
676
176581486656
1
1
426133449
4
1291539844
10762817536
580238681364736
1
9
1
9
150950096130625
4032064
1
1
1
1
2500
625
1784896
1
1
1
1
1
1
23609881
1
132496
1
1
1
1
1448159526025
157828969
9
3276980522336889
539971135323841
40905062500
246027569490756
9
1
4305625
6682225
1
1
1
1
4
23538381579769
94249
1
45139676521
2108743935207844
390400337619601
1
1669264
4
1
1201485631129
1
4
1
746496
39309010225
193106625630961
140573343587769
198133776
1
4
1
1
42574132225
1
2050606816036
1
1
6105841
49729
1279161
1
9
121586150145321
1
144
1052676
1
6889
16867449
12674706724
12690247801
20902798084
1
3087734268025
121
1
1
1724207974281
2005056
2745649
1272873599089
4972271159881
72361
15625
1
1481089
1
44564476609
1
1
1
12584576761
4
22801
297275425772329
32158324230561
304014096
1
49
1
4
36092780361
1
16
1596149238544
1
3534400
9972964
1
3489333894101056
1928476622076880225
9
1318675568896
2831395155625
679540624
1
4
196
1
33708960000
121044730133089
12295353489892225
2274064
1062451495991824
1
2765569
3600
1
324
53946689315281
2116
1059592303225
1
1
1444
1528578631449
1
1
10609
196
11449
1
4
1201624024473601
5184
1
1
1
65478668544
79678135440121
1
139641489
39400662016
43264
109202500
10205686393956
1
60312974569
1
1
1
1
1
3691351421521
1
646990096
484
25
2706025
49
28237105521
5244100
1
784
12544
2704919646180964
121
63717875776
1
13689
2024929
49
28224
144408793714441
1
1
2102500
25
1473351709489
1
1
3105275625
66564
1
299209
1
4096
1387684
1218816
117691601227776
19505242592676
1
1662401567408481
2552415226384
1
140652751369
1
124285083415684
1
1
374383801
4
1
27729909529
1257320417809
1
1
1
532900
256560434390016
1350244
1
4
1
4
1
49
4
1
1176660867600
196
1
1
154778481
1401856
24063455376
256
5489649
13456
97969
25170289
2885714190121
1
1
169
32767516324
1
186622921
144
2467711101025
353139715008144
169
1
1
1
225479114785444
77510063840400
1
5285401
1
1
1575025
1124912482281225
2172926587225
1
1527696
115369081
40335201
1
1
120409
1
1
13962730896
7177139524
604887285025
4473225
107101801
1
1759315737664
4
20958084
1
4
1
4060225
1
111265725738049
73984
1
3714207763984
7756225
1
1556934158580025
1
198781801
1
36602500
235610066664025
313396209
1
1
4
1
1329870240000
196
1218330288400
262899730357489
15625
49658362703161
199789631012416
7067058659236
680536528225211641
1
1192735296
9
2739819457600
1
98596
14641
57963451536
605284
18480962504601
6227343480963361
1
1
2036332681302049
241274089
1
4
8734270944400
1633284
408242025
1
108241
164147344
82670625625
1
1
1786152060900
1
573982003456
119680142984964
9
196168036
1
1203409
573075721
1
1
356015088900
1
49
9
1
376709281
1
1
214300321
1
458353716184809
492539191514176
258417263431044
841
80299521
5094049
676
1
1
8582233907025
108900
597387508846144
1166970309696
15030514801
20736
30052324
1
1
1
1
1
209536741947456
1
49
1
11881
1
1
121
4
20449
1
1024
260605327725625
9
16
1330352676
1
1
1
1
16378209
210453049
1
1
1
1275616642624
1
12895281
144
11664
256
10619920809
1
11881
42436
1
208253761
1
1
1
22071300128400384
96510976
9028708857961
1874174690025
1
589714890130116
104259211347600
2304
17613536656
1
334495662736
196197561758916
1
4
16760298106864900
1
10404
1
3321590085529
1081600
5267025
676
5041
10259866681
16900
484
5863723886401936
1
1
46656
1
1
37249
219989140900
183403341937201
6289246418569
1
1
9480241
4
11881
134174669057641
554470486556809
104755225
1
361778811594256
1
81225
3465457757476
221660172864
11288637504
157673728512400
219895533765625
784
25
16
375715303924129
1
6123688516
1
1500801405184
484
1
1
1
1363114625625
21904
1
1
4
165311577596025
1
14791181161
99856
1
68510887374764025
1
1123600
4
1
3325020959296
178780886584609
1
1
1
1
3625798647409
1
11025
1225
345532779157451769
471367564422001
1
2498400256
149059681
9
1
1
1
17239427401
4
255025
1
6315169
1144870040196
402483844
10123579456
12024876964
2116
1
348942400
136538617380676
1
1
299748971827600
1
1
1
25200400
151321
1
4
1578362556241
1316878166681856
35035603684
342715405561
2636226333316
535170111457536
3773276329
4
1
2366274592900
1
2118218268100
371255824
9801
1
2748964
14641
712288309012900
1
68835064956100
40602384
20768844996
6977093841
1
9914091282225
44874067225
195067972225
9
4
1
1
582169
146192281
22557636864
25
1
1
10201
19668036437956
900
1034085610000
37291472100
1
8853445524676
121
54437185997492841
125731369
4440190694976
1
900
169
307081114201
44096877740304
171295744
57501889
1
5193841
8373661737984
4398809907556
747636860016601
1
34230920256
1116407786404
1
1
70966296025
783832568940100
2462795556686721
1
533148100
1
20955168081
1
1
6431296
331021636
1
8395681954226116
206670439825369
1
1
144
1
1
121
1
100216564900
16
1
1
249793441571025
103041
23900850801
10538664964
18769
1
1
2847177118230916
4
1
1
6140484
1
5727159684
4
144
1
782992324
2060594217529
1
4813636
1697809
1
2590581699378071281
55367501809
111960393597748224
4
113288328402601
1
1223236
6096454810000
279604058176
1
4
1
13499883721
264843076
1
1093327488643009
1
1
157577809
1
1
144
1
2802276
1
1
331786225
1
1225449
169
25197435169
351997109235396
116665943042401
86858110089
484
225625
1
1
1369
1
1
1290496
1
104936360384025
9
1
1
4
3411656502489
228019620196
1
1
3802500
2393209
26931435664
13114830400
22170316609
1
33896860321
1
1
233081685942169
4
68447117376
1
28224
1
25
4663625968849
1
1
1
1
2613922598169
1142017097104
1
1313845009
2989441
1
1528005015625
1
361
20884900
1
5163201863824
1
7043716
177369124
19166017165801
576
5232619650064
1
107688985600
1
576
147483876758436
1
1
163216
1
10071457685136
51413295025
4677192100
1772450163627529
57061374994404
10404
426546409
1
1
668791321
1
192795724308100
1
4556628277851204
12769
9801
2449225
11042226724
11664
1
1
65025
144
1
1
49
1
1
90601118845444
204757955321956
130321
12916777104
22201
1
91809
2092473464447844
1
1
4
1
1893376
1171375335580321
1
4
484
2873025
1
1
1
90601
9
1
1
97713225
1
311620677033961
266337534241
284818611856
1
1664100
45796
220829140223041
20448484
1
4399801561
1
1
1
1
1
1
121
1
106363228695025
16
1
785736961
23090018116
555519114719209
196
434722642225
1
1
2634129
2614689
9
1
32761
454670329
676655670911236
1299529320961
49
1604322916
1
25
441
1
84943685401
529
1
3215176001160484
1
1661521
919069259761
1
4
1
1
1
1
887364
1
31711417929
105794067600
3025
1
4
121
1
1
47089
72900
1
1
1
2889758605041
111996502465600
4905082126564
1
1
45787440400
4080400
1
3659569
1
4728693797136
1
1
18496
1
191227025052196
1024
1
1602756
29093101489
1
1
144
109484874104004
256
1
1
1
1681
294054315552144
4
1
36
3481
2704
1
131775315711649
503128586358784
2013561
36156169
216325264
1874466030370816
15470660092176
1
4
946792900
117202276
1
282946982976784
20115126330121
137990787314704
169
1
48386464657444
1
122790644236836
4
1
1
400
1203272975844
1
1
13352863380649
1
1
13689
1
361
10434760562944
1
1
205721649
14859366201
77284
1
9388096
438828926683536
1
25
1
12252054721
4
1
237992329
1296
129299641
2263505205025
1
1
784
5189284
2318660971225
80657704009
1
4
1
1
1
197400729703969
234256
784
4
2304324
4
2414916
19881
1541289260192049
16556761
1
4
11516294596
1
15109103283849
747342624154624
3553884780625
1
1
1
135424
1
1
24025
123321025
169
1
4
1
1
38025
4233322710016
1
17357272009
1
4322253474009
4
1
11236
414692496
1
3622874458225
1
12544
1
4
1
423801
1
1
14809673025
4
1
5280804
1
22619536
400
1
58081
232806564
1
1
3814209
1
2468041
10816
1
1
9156857560900
2058475998121
4
1
1
6120676
16
4590319105009
222185407633225
1
4
2453716225
14400
2496400
5914624
1
49
103635705625
396487744
225
1267431201
1
44689225
1
346480996
1
1
1
1
2920137563281
1
121
1
28224
169
4
458304647618601
11309769
4
379456
1
12544
3364
1604162704
1
1
1
4
339641852944
39445825645111824
16035908124196
1
1
140880852216976
1089
1
1
33856
28018407769
961
158730718950244
182412036
67784726025
148721000594884
34596
35389886884
1362075726400
1
1
174658321178896
1288225
15129
1147263778816
1
676
10777554225
1
17213702401
1
4096576
21631938084
168480400
28988808121
1
36
1120210560000
65313196028964
10805602500
22155849
2844896169124
3496900
204232681
1
1
1
44478810000
9
1
900
4
4464409797225
19702793063423044
40804
4272489
2050624
12102640144
2027375436220996
2500
3613801
4
162409
1
3969
47217986209
200887563657361
77094124666276
3432230506384
1
1
9
20313090576
1
1227664
1
961
1
8550740947225
1
20349593104
4849172496
1
1
1
435638171570809
1
1
1
1
19321
247716121
4489
1
1
7779887670025
1
1
7830477293401
13293316
1
1985281
1
225
100120036
1
1
1
1764
1
1
2179508931856
1
144528484
411481225
77284
6964321
885481
65536
1
1
1
1
225
36
1
113167044
225
11082241
47089
243890689
142858192428900
1
212109605577459396
17689
320732281
1
4
17171708303376
400
1482712036
1
486938233822329
1909924
1
1
5721664
29215013776
1
244453225
1
142301041
1
1
180921707109796
36
676
4
4
1
226412209
4
1
1787569
1
1
2819041
1
110325276845056
29829434944
1
3553225
5637347976100
3299639553081
4
13924
196
2601
1
1
1
7150276
189512208900
4
1
144
1
55508773609
1
33858208036
1
1
27048078369
110046310167616
3452346086401
66913790329
15602258281
14161
1264442481
1
1
129777664
1
1
53793844225
16897837129205761
1
1879407937225
12636944303104
5625
1
8693715129128836
1
1
676416064
1
1008415631601
360000
1274641
1
144
24901155601
1353798436
22785298704
121
14641
1
1
4479292876356
1369
2465023201
83531404324
1
126540001
1
171456685657609
1
112560429302500
1
1
77475204
15056517025
1594804225
144
7921
121
208849
36864
1
233928765772900
1036646809
1
1
4
1
1
10699833600
382020414084
1
1
38416
1885129
8139609
169
1
625000000
1
4
3916441
1
1054410654025
4
1
1
1
3549456
303700329
684241801056256
2890890289
1
659821917626001
1
19562929
1
1
289
19857600889
16
9
1982464
1
1145101270029025
1
1
1
10716607546129
1
1764
256
1
9
1
142277184
593693135540761
1420762249
192644295492496
10781707225
1
178383746025
61009
3308761
1
1136356
64731062929
441
9
4
1
1
7789681
1
1
361
1539435747600
1
25668205369
234791264410000
157770223209
1179396
1
1
1628089233156
962302441
1
36
49
1
246341483584
17689
2755600
1
1
1
1303567944121
17956
1
219573124
1
1016064
12591965802256
1
1
4231249
11664
98091046638789604
19564142255246884
48710697025
1297321
682276
1
1
1
1
474818843041
131761403115169
4502946816
1
164081035785744
1156
1
1175056
3568321
1
63556970353386084
100
1
2124656836
9
1
1196836
215803856389696
1
1
28478587536
4
11664
237344836
1
1
1466521
21323884729
16
9
278255761
25281
1168561
1476054904900
1110285797401
1
1
1
1
2689600
1
1
1
43681
40106889
126292644
20376196
4875264
1
1
4
20684304
121
16
1175056
9
441
19521678400
3965096475025
1
227376241
1
1089
1
1
12177563904
4
671172649
196
119924401
1
1
1
120183555625
196
1
9616201
1
30276
149475076
1061586724
3593306942404
15077689
246395809
12544
18452505600
1
151511481
4
1
1
4905733282321
1
1006094961
3560769
1819801
16
1713007174761
1
403583912002404
4
12082576
1
1
1
4
5354596
1
1
1
81605634889
1
35317684900
1
256
1
1
1
15376
21724696449
1
1
144
1
1771483921
1183503933976464
4
127961344
12339700609681
1
1
676
185040234099433024
13249148643844
17161
1
1256385424996
1
210106909354225
54525036187449
169
196
111157126299664
10903910639449
1
1
2674860250000
1
9
1
121
1
441
19044
1
15016541764
13498276
1
900
9
32037778081
1
22838841
324
1
1
38809
22871799307809
1600225
107657474659344
40651027641
11505793740393969
1
1181960352400
17689
1
1076824225
14641
1026169
1
1444
2010724
1
23096704576
1
1
479729800480225
2809
2986076025
99225
1
106566990916
236196
29600514304
4
19881
728006522707216
1
129004164
1
1
28892968547524
361
96298069932964
391876
3918887425924
1
419020900
2925836281
210516826603204
1
40208281
117501329078809
2530520559121
2800244131832889
3364
15699338209
1
1
1
24649
1
1105158100225
1
2715904
1
1
1612747603600
304704
1
441
4
110741665170362209
1
1
6345361
1
63504
1
10454449009
188684941452421205169
36
1
1410972808674724
12100
39000720196
1
78712614672169
3969
1
121869522539209
1
531938639802025
722641924
2916
1
9
20217427344
12479347521
4
7654352222500
1
144
1
1288738201
100411666884
90142256169
1
2869490317849
1971120529156
1
365860529405361
12970067554404
16810159716
225
1
169
1
4393903514896
185531641
3743114761
142898116
36
1177225
1
8176680625
4
1
169
121180572100
529
261404224
98049604
4442230675600
4102257312409
39204
1271456521785121
4452759441
1263376
1
676
1
1
1795600
4
197233936
1
4
1
2344593241
1
1
57600
1
1197479358436
105625
157026336930225
6111056702869504
349802209
4
1
1
29584
1
3775217671840000
2819041
1
63392161284
4
1
121
1
10816
1
1
1
25594240324
441
18417746944
226444470917184
9
160229115850896
3709476
71335465569
1
36
1
52441
1
833525176576
1
1
1
3552678181296409
13777125376
2681488125625
15657516900
121
9
1484115141366225
657088113712900
160858489
1
1
509991889
4
1089
1
21316
1
1
17530969
76176
1157043423346281
4
100
68644
209519140250176
5837056
34939921
1
31290374688400
602162521
4
18554798656
1
1
602590017148681
9
1
1
1067022889024
71757841
12769904016
317730625
1
4
1
144
199346161
148369062707856
15625
2285700481
15376
1
24425597835076
23173363984
1
1
115047076
2520040000
5798464
1
1
1
4129024
1
1
1
242720772889
117680102018116
1
1
1
15129
232324
1
128335048192036
3024121
3005468898132649
1
1293028248996
1
1
53824
2551361121
1
1225
1
1677025
3364
576
1
1
1
687593913328144
1
11338203361
1
85264
1
1
1
21538881
1
4
1
539171465044356
184309785253476
70400008900
4
2715904
1073293928001
95546519236
529604052121
1
1
14641
1
5421872441223225
4
16
307227313465801
16
11881436004
12769
1119364
263050706070244
202379076
7899408915347161
457746025
4
389376
1
22860835204
22898650329
3344374110169
1235169949924
1
1
441
1169982025
1
950625
5184
1
1
4
1
6300100
534488161
37442250000
1
458987776
1
1
1
1
1
25
1
126590793616
1
1
1
531901830622009
15797976100
1
1
1
1
1048576
9
16129
37636
250100086589809
166170198052804
1
88042758400
1008730974736
11025
1
216041816086321
4
196
2528480656
1
318096
1
1
268439486479129
1
132246113028561
1
20164
1
735736113295936
16933225
1
1
18769548004
119661721
6626515936804
4
2289169
1
4032064
1029725680516
1
1
1
1
1
1681
74529
1225
122412096
1401856
11448572004
1
1
130321
4
144
1
625
5120852184900
1090311872400
1
1
1
346816129
4
1
529
1
1
15676792849
1
33901647376
1
1
47524
25
17708097193801
1
1428025
1
49393729009
1
1
1
1
3055504
185418740091025
4
1
169
802445098849
4
1936
16892100
54319294225
4
1
3930384789513961
16129
9371594425636
2359296
25
2706025
3313229971984
1
1
14992778025
1
1
529
1
362404
1
1
16384
2624677658265664
1359224876164
87616
4
18757561
5237410754521
17983078201
1
1
1
2084818332100
4530405825625
9
1
196
1
115600
363609
20830096
1
155934484441129
1
15949669264
5059668241509025
1
1
11799225
9
44330662009213441
920151556
21025
1
59383353969
109090943404921
1
1
61668525290761
1
1
1105055078656
241085058363396
1
1044484
348494224
1
1
10055241
4398607684
1164241
4
196
569061025
169
1006009
1
60025
1
44100
9
571305604
1
1296
1
122146704
436921
1
4
5571384302884
115280914241025
1
4
100
25600
31684
1
4056196
11025
25
14429795003649
1
1086651965476
1
36
126023076
10816
25740030969
2786215286416
8515546895881
16645902361
1
784
1
1
27556
2440400103684
1
1419157568656
1
1
1
1218816
123825868321
1
1
2088025
1
1
1
196
1
361
121
1173093119699809
5139289
303672634225
100
1
857630084643684
1
1
1
1
1
11449
1
1
1
1
3143529
24964
486775969
9000000
188028871619044
1
2127423376
1915025121
263169
1
131744484
12647679851305216
1
1
112763161
340550116
1800964
3441025
179192278057984
16730537728804
1
1600
1
1
1
1
672032674029649
1
196
1
1
4374660881761
1
1
11114219776
256
1
1
1002001
54851048956248064
11075584
841
1
7317333373249
2822400
46273602769
1
1
1
1
69822736
1
5058617244769
7847774726544
1762740225
1
361
151659225
144
1
1557504
3496211873856
1
3481
25921
4
33856
1
191161981385956
3088238181342561
54511042576
170093764
1
3364348009
117146268968569
144
25522704
1
4
1
1
1
81
165649
1
484
1
964324
2025
1
2525493361878369
9
1
1
49758886489
86676659281
4
4
1
31914985942225
289
1
16
1
1
1
209764
60213307456
1
4145841665956
187937119688256
1
4032064
1
1
1
107101801
434511065015041
1691841424
1
350782483139344
22201
1
923248225
1
256
144504441
4
582787881
17842547776
1522756
1
198975991633225
11904773881
2745380572561
8880400
1
1
11492054401
1
2116
61875340423744
1
4
1681
430313536
9
6704992360000
576
400
36
12544
3168172164096
201170310636304
5625
1
25
1
4
1
88028516416
1638766100449
1
1
1
1
101022601
1
1
225
1
1
1
1
394368998343076
1042902436
1
287443303947409
1
183548304
39564100
847128796816
425853369526225
1
1
1
1
1
11236
408321
1
1208832081961
6200100
1
1
1
1256641
1
23372851803803329
1
149196966173641
1245809592576784
1
1
220688108580625
2253001
1
1
1
1
4
1
13819036724251201
4
1
995686533359001
9
115555684600489
12203179024
1
25
1488046221025
169
1
1
461633278096
8765590534276
1
1
415611013041
1
7251785811396
54722044579225
1
1080765625
1
1
625
1
1
1
25126990858489
11059887556
179776
1
136796416
103684
18819998596
31136400
1
366645904
4
1
169
35070052900
1
1
11586186828000801
1
5197904447092036
1
4
256
1
17153926729
15412533774400
112987970976400
1
1893376
172210819359744
1266932836
1
1
438609249
144
17326193641
8649
1
1102500
10215549184
1388772685444
1
87616
105271047025
33856
187393752100
595408801
1
1764
1734589093444
1
361
128421431253124
74529
102394161
1
169
1444
13924
1
1
121104
102799321
4
6895876
361
79899502225
121
1
463363381264
321320682176400
1734472609
64
1
2334784
1
576
1
1132096
1
1
657204496
19518724
2712609
1
257049
1105958742497764
1684281600
1
1398876273081
1
1
20736
225
1
289
2566404
14534713600
8721638310564
1
1444
167219605920964
231089007398544
1
3319684
1
655749433836025
1
484
1
121
10732903284321
1244851201441
1
1
4
1
1
3561941124
44944
7809615895761
463902760713604
1
467856
16
1
1
1
1
1
587577600
24038021764
1
9
1
144
1
206487559605625
1
1
222248464
4
2044133591824
2809086617089
12264898009
1
1
1
1
271248264225
1024144
4
117180625
807333346886544
400
625
24965896036
307511296
1
974169
1
1
112296409
4
1
1
289
1
1
1252161
1
1
100460529
4
4
4
196
9
2402238977794881
1
4
138095478544
189255049
1
55923736324
1
1
1
196
89869247524
4
1766241
1
1
154975833247041
115154361
2554946496400
4
1
64
1
49
1
1357886800656
1
132802576
1
1
282508864
1
121
4
245925124
1
1
128881
1
397462158916
1
2750602348036
2062463632384
1
28561
1
1
29584
324
1521
1
625
2979076
1
1
288073970998564
9
8281
116387460043204
1
1
10391967481
12442287025
1
18421264
235683904
1912689
160123716
31012266609
1
1
36
1
1367950124836
52441
1
33283258969
413515559946724
11111268100
39933627556
1
3005490313225
4
16129762009
16422678801
1
20222546436
1116762832900
16
1
263900025
178084
48916036
1
1
7267733001
38809
4
764854336
1
1
1
4
4
243272460673636
2431771969
151395060232900
504843827812900
17689
25
1
1
49220528449
6342998397961
1
431559076
1
6606262170225
163507369
1
1
1
4
1
1
1
11025
1
3139984
206928225
2617613353216
1
196
1012036
1
308810329
5863526646784
1
152175613058704
1
1
1
32036346169
1687551687364
24789242916
353026521
1
1
1
1
1
16369155364
4
10609
27556
4921440538624
574869962790916
1
111054987057169
1
8065264883481
21316
1740452224644
1357169080576
529
25432913529
119716
121
1
792265430784100
2808976
2125764
1
17161
1
1
4
1
1567132865046841
1
1
10764961
1
168974001
1
1
19288765456
1
1
1
4
1
1708580994129
1296
206755641
1
1
1
14641
1
40772090241
46376100
199487376
3337929
1
116079076
1
1
1
1
10244071369
3818116
4096
1159929
22314711584025
1
1049817455236
64
9
908759625814589409
1
21492496
46504922500
196260794694721
109561
627270336016
1
1
3640464
12713239009
272349009
1
28798764136704
6935891524
1
10458756
467561926225
1
10361814849
1
4
1
1
361
1
3457766283049
11449
1
20736
21649002496
24309642891361
1
28047616
1
1
3025
2073127706896
1
1
23104
1407552078409
93231294244
16
1
1
79524
266832225
1
1677066304
1
53361
1572281104
1
34969
2753704606041
1
11236
1
9
497370952294225
2256004
16
1
120409
1
56641620025
40000
1
1
1
1505389125249
483340225
1
1
2621161
1
1
6916900
1
1
1
1
537289
1
1
1
21199068801
15239498288400
121
8145316
25865870222500
16
1
1
279464140586761
205234276
1329842089
12321
225
158296859865664
1
2304
1
63274383936
1
4
121
48841
1
16900
49
16900
1
2490084
1
3136
117777971733136
1261129
1500625
20736
462766144
114921
1
1
1
1
4143754384
1880806530625
1
13228450225
6022116
1822500
1
266309761
147223448143489
44526908196
1
1
1908495279289
10877029849
1
32221516960000
324
1
1
1
1
1
13541619851236
88661413808361
1
1998010520100
676
134884996
163898757267025
1
1
1
12321
1236544
169
34969
3342284115625081
1
676
1233414400
1832524864
174066621551761
1385975805860416
228862732816
1
13456
1
218089
1
835396
23716
650352412032064
1
18415195611849
36772096
1
1
276676
71770945801
9
2151604917225
2012868225
6254595396
1
1
12544
4
124200883257025
1
192224372356
1
20677002025
4
1
1
11641744
4
1
324
1
15376
1
1350048049
4
1
19131876
3231265095184
13596726025
225
1
1
1
1
1
1362200464
3020644
1
15792676
12874987024
42436
19611807104484
1
238826116
5920389244225
1
1
1
2096704
1
1
528894435267025
15073946176
1
1
1
14400
720386566240324
879834244
12512228942705625
1643524
4057086236841
1
1
1
4
625
1
1
169
1
1
625
12989616784
1
2079364
1
2045071973790784
30976
121
840033012122329
4
1
1651225
1
1
19234916100
49555212100
1
1
16
42849
1
1
25442802064
1
30558885721
141538609
4
1
1
1
139940145936900
1
4
136212241
163004357843856
1
1
10975076644
1
1
1
23078416
158432569
1
155236
109090483840321
1
1288329422116
269019207258025
9186961
14927463684
1232100
1040400
50818234041
1
1
2071479319439049
1
1
6570850376689
30340762596
6577357812496
164288460060036
1
1
3732624
7921
1
12061517446003600
1476225
8666219886541156
547885677249
108368100
139170247137936
2398047364969
488981938540096
49
1
1040062500
9
36
1
214886281
24649
162715536
1456849
4
15376
1
1946214724624
11735516409796
31316611225
1
15831239364801
1
1
718132804
4726276
1
727547098632561
1312037375364
1
1
1
1
21911761
1
9
635947524
110730351076801
4
213422881
256
227436561
25
1
58564
157568068022544
1914150001
10609
3964542925456
221503689
2714410000
1692601
1
95248156129
1706461491856
1
1
1
140849424
142062561
11236
564632644
186624
4
4635934346884
1
63087373584
1
44100
2637769022641
81
1380625
4475217551841
1347921
1
1
33124
141991056
1
20224821796
318362263696
211741466692921
4
16129
428532229040400
1
1
840856572115729
2732989284
1682209
1
209183517859684
1
1
12544
1
113699569
22201
4
14782182724
62500
1
4
1692601
6724
1
1
41332041
1
17161
1
105144516
1
103815721
1
540225
4
28785533569
345655805625
1
1
10476546025
1
3256000104721
35001171396
10484121664
1
1
1
1
2608015054225
13916898847296
42104167249
1
1
4235364
16
1
256
10404
27737237025
1
1
1
1
17714216298276
1
90294883579044
12996
11110522230025
1
4
1
1
135274299039504
201522299181025
160098409
1
11502652101136
1
17689
236452677696
14637893402500
1
1569738363664
4
1
11025
1
79941481
164711556
1403443008900
31329
16192576
1
25921
9
1582564
73538592400
1
52077065616
1
454276
1
11449
1
25775929
20164
1
1
2788900
337443049162129
1
5929
1
17084058436
20804654908944
520588702186569
608349645915025
24088464
1
1
3090915610000
75076
1
240764192830084
1
169
810716558404
1
488557662961
1
4
12352321881
1
5184
784
49
152881
1
16
1253620601104
232745536
1
229977225
223957181109601
676
2396304
11950849
1
3319170215881
4
1
1
1
1
1
184104273661009
22991656900
1
1
446992530625
4489
2916
2330119819729
12464159449
1
9
36864
1190281
183106112281
1089
328329
1
13225
1
2643502225
441
1
2481231359041600
147520519056
1
206273478226176
4
310149434323600
4
1
41525136
70392100
11014610808666256
1
69589347732529
176278729
408265139847184
112550881
784
1
1
1
1
2149156
32798529
1
71067260419600
16384
1
2929975088089
44863204
3196944
23180671504
1214404
3508548289
3413370795961
3791850084
25
4
11115556
1498176
1
1
1
1232100
361
160579584
9
2087210596
4
17993003044
1
147720310336
169
1089
4
2390595284025
4
1753934707044
454585041
12021806736
1
4
1
1
12849356025
1
1
1
169
334414369
1
1
1
6400
28561
14884
1
10447310772900
24673993510498929
1
9
1
1
1
3832644105796
33856
1
101826444446281
4231249
1
1
408200807840400
1
4713241
18925780041
1
3172498884801
4
400
389115716951874025
1
184711801720384
1
106028209
42025
225
1
225
1
1
170569
4
22500
12099340009
1
546195274214041
7425625
361
1
4
1
1
1
1
1
1
33716671641
6310144
377796969
10446903515889
1
3086887358116
3193369
1
42438006686916
16345849
350812900
4
1
1
41209
16
1
506205213361
361
43148429284
2152089
4
38905984516
1
221153872900
11398765225
206323863984484
13924
59120721
1
1
1644880635841
1
441
1
1981362656250000
1555009
1382976
1
560600329
1
225
1
401681764
32761
4489
1
1
1
1640812407364
1
2916341752900
15781138129
44944
53304189129
1178757518436
4891323844
1
2601
3905532442564
9
9
1
1
1
4
30742011556
4
751429037786436
3534400
13089332787938884
1
1
1016336178225
1
9241600
13924
1
262602025
208898198862721
1183241397361
1
171793449
1
1
5012073616
12996
1
1
214440307929
1
7532285739001
529
1156
9
1
1
1197207988900
226878837124
70756
1
1849
1772778562558129
33489
9
53706672009
7590025
53021290791184
12578662382881
1
1
51998521
10233601
2734662436
1876900
1475965001449
1
30276
19044
1
1
1
1
1
2209
1
1
1
48400
1
2783897551598409
18225
239878144
16
1512900
8111104
792952765779889
1015136851600
1
1
281961
9
265331521
40322246416
1
1
1
329349904
5712100
15643255329
1
216090000
1
1
2059225
2945452480512529
76221270724
38809
1
1
1
576
50412925242436
10203626169
1
1
1368900
625
939116025
1582103605743556
22801
1
392475721
1
1
1
4
9
4
4247721
53187890625
1389127441
107236711626256
15124818289
1
1
1
1
1
1
1
3766580429824
4
45796
298944100
676
1
150430225
1
16
1047114237796
1
1
1
21482471761
1
23104
30976
483516121
144432324
1
2013787793311009
1
17305600
101494361462481
1
7130875936900
187701836986624
1
193460281
3116460622500
1
3567888528558025
4
220126118976
1
324
1
1
24964
1
324
1
60092542755844
3613899852676
177328266729156
1
34225
256285327459396
35721
114746944
14218893049
1
1170537903396
4664480209
1985334542361
1
2093809
1
1
1
1
144
225
1
3979179506624644
4489
400160016
2339129986889809
779087782676736
1
1
1
1
446831404961769
1
1416100
3459600
1
164364565561
1
4761
541850618959225
1
3844
152014991881
284387919078025
64
1
1
15876
1
3481
1
1
26875037964996
28224
1488400
18884213286409
1428025
4256127121
4
170641969
7678441
1
14884
1
17956
190781136225
1
1622639524
938870881
1
33385284
1
25
1
33574698756
114688592444176
1
121264144
1
1
196
41209
20736
1
2286064226342416
1238125769521
14943817042948836
4
2348605290256
117350094096
33586426756
1
1
1
241569400291404201
11560000
266799556
3893196922758144
1383627580729
4
1
4504102110369
1
4550260661956
231219029868544
12168737344
134011323658276
1
5611552296987025
42094144
1
1
295280404875625
1142823002841
1
144
6035645130025
58433029222500
1
13456
4
1
1763584
1
90000
1
1338649
140375104
1
1
256
225
5431984804
1
1
9
1
10497327841764
43810676100
1
1
20611600
1
34810000
1
4
109846414023696
1
1
1
1
268324
1
4400282359225
1
11729424574891024
1
28864311025
1
1
1406596
1
784
1
985774951044
63504
6724
1204040954944
36
7341823776400
1795600
25909596481609
289
1
1
1
1
650140150639716
13572716004
186322500
1
1
37249
37373009041
1
142611364
1
21757135009
106276
1
4044121
1
16169411281
4173546641476
4
1
1
144
1055015361
1
2132130625
1
1
4
1575025
11368464129
190164100
15054400
14115049
1849
76387600
4
1243813789696
1
4
11848757904
476941921
9
1
1
4
1
11601228681
4
1
2116
38987536
187489
1
122500
4
104734756
73501730089225
1
2832489
961
1
4
31684
1
1
11449
7545618931041
67600
826447504
1923832802529
2678898186756
130034703532176
41616
1
159892817956
1
1
1
1
40605071049
324
1428486307249
1
1
256116397227769
76971073635856
1185921
1
1
1
1
1
1
1123600
1
841
1
147534401347876
1
169
275625
4
5041
248418136373796
569779382482704
1
190096
1
121
11236
1
400
1
255488256
2509059168001
2005056
441
7469289
444535056
1
1
1
576
1
8620096
12100
45369
4
1009608972849
1
1
2209
5267025
25600
67207187604001
1
9
4
1
1
2913849
8386816
1849224659044
1
445125604
1
26229745936
2187441
1
401956
1
1
1
1
61905424
1
1
1
4
9
1
1
4
1753640711001
145161
1
24752099584
221870730516033600
1
1
1
1
2849344
831745600
16541149690984801
127604857397824
1
1276900
4
1285956
1
146251145912356
1614601642595236
14027086096
1
256
1
3744225
12285025
25
1575216721
23701526209
4831204
2276434944
4
350464
39204
28935254722500
152877101465104
814334784025
1
16
48997150609
34830383641
130644900
1
2601769
1
1
6671889
201878658976801
22313961955359396
19474569
13924
1
64
1
5507141692900
17173556521801
28900
1
31063710001
2087982029691364
1
1
4
1
1
1487465626689
536676251043076
11923209
269292990202201
3567911824
148051487504881
1
431933089
9801
2213420209
1
1
9696996
289
1359556
16
20620681
11560550400
43264
1
29380359649
1295044
9
8662211041
1097861956
1821716579308494969
841
347002384
9
1687401
1
4
595717757728900
1
2056356
1217760804484
420404912273284
1
25
1
318761423839881
9
1
1
25979959489
1
3187139362110025
2801887645456
71117689041
9
1
1836025
1053262116
673425076689225
1
1
4
1
1
9
1
606642712693924
4
195442916408100
100463014719376
20017365717907600
1334025
1
1
1
377812674259216
134189056
2422313089
1
327821442105600
1
1331716
1
40401
4
47300595169
394173255317209
1
144
361
44944
1
1028196
18128198881
4489
1639116196
215296
1
2072595001801
258722431692201
28364285889
175513186963321
4356
1082756789136
2536190021764
156235175351649
1
256
141610000
102334083192961
1
400
159201
1
1
778548780785169
1
419697961281
5895184
1
5513864778244
27846729
1
210715885444
1
1
145924
170224209
12460810384
381850681
4
1413721
2119936
484
1
27152478326416
10549504
12321
16900
1
17161
1
1
2371600
1
149791446841
40564376836
231843317865604
1023049308681
2155024
1
676
1002001
256224049
44521
196
1
1
1
9
289
1
1
1
3025
1
126697536
301024477903249
394760868588100
228010000
1
2704
1
64
20079809102500
1
593010885184
1
1
1
1
2428400622228025
7675531725625
1440000
547600
384400
12758154304
146342102673636
1
1
3231045795121
16
1
4
1
4591146564
456120594720400
3932289
1357225
1
1184851843081
1
1
1
1
1
10254600225
961
1
1681
361
4
12321
121
1
1
1
3748502571025
4
1
20096181121
3189231648964
47295247139716
1
1
1
1168561
289
1
65851731848464
3205571653301824
1
1
196
1
1546856850529
5769320567481
124157569600
1
26034790609
1
1
262893796
1
1
31026356449
1
29929
1
22195040400
1
2666689
143227375159696
1
807753241
1
4012978352813329
1280052383236
1
138718221736900
76176
1
13456
9
115390564
54117182161
1
42513078969
1
9
204232681
1
11512431616
335695684
1
630482721642225
1
12996
25885270321
333099001
1
10724052249
1
121
97385188356
1
4
1
1296
22342177729
1
128550244
252929709367696
451584
4
161878520476201
207025
1
1
30625
1
135424
768029491089025
1157949224994409
162511504
9
514749200967225
1
59421713083770249
1
900720144
376631649
1
22071204
8020224
1
1
1
140064715991236
1
1
1
1
4
1
1
1
828100
1
4
561546102817296
784
1
9
328561047820009
1
11434880356
44886837655696
1
1
159896816641
1
1
487759766404
2421808345744384
1
142406775431761
864670433067841
8300391481600
1
1
77284
11623435587856
14768649
250360525156225
7025960041
4
1528390710961
1
1082136706564
190467186970225
1
9
31854736
1073296
29241
1040249045476
4
25
1
1
1
23418486961
9604
25600
5870929
1
64516
1
1
1071225
1
10816
3079572493258816
1
75238276
1
5645376
1478656
1
130507776
1
142748634480516
38080790449
2915672361156
1
4
400
1
109689761530944
81296265625
1874161
1
58798224
3261636
118336
36190877121
1
313750510704016
17534261889
121
1
1
15876
4
6990736
663819611501809
1
1
237681422286400
1
1808328357081
157971540980929
133087065721
8309051716
4
4518908066534976
5281194667225
1965604
1
551169529
1
1
1
605851555858704
1
1
3494618972100
1
1024
1
17424
188101225
6295246595089
1
144
34012224
54289
28900
1
1381795574045121
1
11664
1
25
1
166903041457216
16
20340100
1571963904
1
11289700009
2059225
38210866576
441
4031646346816
6226655531905600
1
1
144
540562500
39909251529
11945397025
1
109998144
796989361
1
729
289
5008644
1
106152156100
1
198262761297561
1
53722332520704
1532908943449
244513392181776
1
1
1
18726827716
108159438400729
1
1
361
536339281
3701776
104976
136773025
1225
1
2030625
14641
16
1
12982095721
1007636523721
208854725565249
582169
172225
1113025
1
1
1
9
1
5958481
49
114112893636
841
4
1991220143236
1
174609796
25
1473439105609
1495729
27414087184
1
9
1
1
1
1
20736
10404
183900721
1
1
1
4
4
1
135599620325625
119190670832704
9
1
4
1026567303127921
1
6724
1
9
1
132496
1
1
1
1
1
1
2839225
1001622657721
1
1
1
225
63139628176
9
1
12996
1
16
1
1
110358659759929
139686539036836
154107396
130015772929
89485615484063296
8133864072049
1
1
1
1156
48841
1
400
1
1
4464769
17093470564
1
9
9
1
1874161
196
1
1
1
1974207654225
114643146779716
1
1204695027396
1
1
1
4
117649
2500
1
1
197824225
1
4
4
1
4
1
1
924220801
521347350313024
441
3794068978569
102151449
168610225
1
1
291633867898681
513022500
1
2328108362596
1
1
20449
1
705592969
11265219576900
1
26244
2547008524225
144
306934836289
1
1
2764035926521
54657336163600
1
661466961
583886959045009
449337355461241
1
1
1
1
5787628251001
9
104573121210000
1
256
3960100
1
1
325011956935744
1
16852713124
1
24443759025
4
306282551184
4
1024144
2181529
233845264
1
1
22500
1
11840659932676
1
1
10913132071009
1
1
28408091209
55696
1
50358501649
1
361
1
3161284
1496849477764
4
577416094641
186624
541911841
5875325671352929
1
179755371514944
4
9
40047545425969
1
1
37593097205041
4653593813961
1
25
1229834761
7614313708201225
4058999972416
1
3598609
288932004
260435044
1
225
1
9
1
4765489
1108809
441
5975669394422116
100303323849
1
1
1
1
363588433320025
1
1
1
771257878540900
1
932597233787025
452106578788804
1
1
1861232164
1323737689444
743044
180840931139521
45400644
5305453469449
106324639995456
28449231561
1533427281
275893927103025
1123850173924
1
1
1
66990898276
1
1
4697020242121
1
2014004726096896
36
35129329
121
6594624
30636225
1
248031001
16
13953515625
167281
1
163216
53813800252521
136193054551684
1
25
196
2028391214656
1
1
1
144
1
117620900830489
32890361449
246016
1
1
1
1
35912524036
1
4
1
1
32370126889
47822691856
13704804
420332004
36
1
20434702500
2658742969
1
1
1587844449409
1
1
19881
1010025
168212358769
1
3864381434809
1
1
60516
2341882449
1692601
1
38809
1
646153522202500
1
1
76020966961
309865609
115487412701049
152720164
1
1610256384
311769649
790751215849401
4
1
1
1
1
2979076
1
12609601
1
4
1011396285124
144
177749089609
120613122436
1
2289169
1
26298784561
8008266092544
106031195151025
22201
2062096
2456491982400
1
49
149321336923521
634384969
1
72361
144
19461087009
1679888171025
1
1
1
23409
3193518437978176
11019330729
1
1
1345600
37534800121
765836764641
73153809
350646359716
129185956
289
1
961
1
11236
232627591553956
1
110620204252996
1
337164292617156
3001043451904
1
1
15812811001
21025
1726052046849
824895841
1
1571359964386689
1
190937124
4
1
1
1
1
166152100
145588356
14459341009
121
1
1
1
28720113583225
8281
1
179908569
1
39981732718321
28900
333603277056
1
109201099704489
1
1
480803327763984
1
68644
9217296
71895841956
1
1
44100
21817062436
1
1
202914668915344
1
1
1
1
289
374352765847204
1
20808062500
22201
1234321
10404
961
15317125960690129
1
1
1
1438381476
2720253163761
4900
1
4
1
1
101949409
26352661315760784
1
1
1
4
1
47089
1
1
1245313521
107391769
4
104060401
24649
1
2775556
176845660578889
1623076
1
2745236025
1
31239855504
1
169
1
20179338916
1225
1
4
11053368225
2250519029929
1
121
10342483204
1300252161796
16
47549975131201
1
4451872122916
4
1
13924
385872042427876
1
4
16
13577609529
4
227132309056
171692225447044
1
285510602849481
1470916480695841
11881
1
1
1
169
16362025
1
1
2809
253088262927504
1
496532089
1
4
869193571803921
38420621242969
203661441
1
2005520474896
4
2862864
1844161885014436
7852655503081
10065581116900
6068287541817796
483777473583364
1
47766725136
1
1572516
16107417225
9217296
3060663328459124964
1907161
1
5563518921
1
11449
97491319696
1
240100
1444
17677563849
2729510407129
400
1
96485454935401
1
1
9
298909521
46951955856
558344905438329
1
1
1946395453392784
53775204296304969
65536
225
1123600
1
3736489
1
2210515727918884
69888324496
1
1
2608225
2008141233921
900
1
184900
1
1292690116
1
1
9406489
1
1
177129481
1768415913124
1
12781433025
149022249156
1
19896230916
121
1
1
3844
1
1
149352841
16
1
1
1
1
2962450265329
1
1
1
1
1024
423783396
2601
3127717476
36
29948134089205264
1
8423118912121
1
27889
8468973022500
1
1
1
200848843573225
1
443540069072881
12321
4
500926125941641
1
1
1228706709785569
661510568889
1
176862302500
13689
1
1
1
313600
1225
1
1016653862700100
93025
1
1
12996
100
10609
1
504631296
169
417230218373796
25921
7549615429121529
1
128896078441
1
1028196
201530962084
453828375349504
1
4
248252066001
1
2557223761
1
1
1489063753984
1
225
169
4
1
426883409611706850625
1760929
1
34919743759849
784
2916
1709830836025
1651225
121
1481488567812100
25
14876436961
7551504
1067811817212100
23765625
1
4
4
1
1
253191744
216825625
5600555015964736
1
1
1240996
15752007049
1
1
18696976
1
1
256
30976
1178121380569
1
1756824220473169
1
161772961
1
10865769121
1
1
1
120741923757169
3792465889
2265025
4
247014596023204
26244
121550625
37083975184
1
4
1
4
57600
1113156496
4
4128382085685169
4
856147600
26640844821529
96100
1
44061788281
4
76071707721
1
225
4
1
1
2196324
1008126001
1
1
4700224
3249
175705894268100
219523634668900
1
137540848225
705600
2560000
1308319617124
2401
1
1
1
1
1
1
1
1
427745124
1
19279877904
1
1336074756769
361
682411129
400
1
20164
1
412031213296704
1
2729749009
24336
40666129
1
119421184
12544
854983974331881
4
144
1
12620500281
1
415303641
1
828633796
1
1
1081541760784
1388062738077796
23541904
9
1
1
152233449477264
125370121734400
1
1
1
1
361
4
1
1
4
1
1601652506463801
125381852649
16
1
1
394578496
1
1120040089
1089
123201
42849
10927639267204
529
1
1
1
1
123632404996
134490409
1
1
1102500
3236401
10816
1
24479280103716
7541554023721
1865693737216
361
1
1
1
4
67626522601
2474190577936
10747972128100
1
256
1
172528225
484176016
1
2719201
900
9409
4
361
1
1542564
1
507736089
1
2712609
207072100
4
1063542544
1
1
1
106502400
103673124
34367598225
296027716167936
463705016183721
2116
249103089
9
2246539331716
38047233249
1
6567572527194721
36
1
1
5494336
1
1
1
438902458100001
9025
1123600
34619067844
169
1
1
1
1
1
1
1
4
128465109720025
1
18784347136
28248555313969
1110916
4
1
262851036100
4456321
1
1
20736
1
122581367292609
1
1
1290496
31664778916
1600
1
1
1
19638378769
356409
1
1
9
1
209388800694529
1350244
379384547364
1
16641
1
151584506785156
125316
1447878601
1
1
1
624550081
1
1
1315609
1
1
1
1
1
4
68924626225
3187505764
37636
100487592922500
1
1
1
1
657717316
4
4
2025
1
1
1
2069557274957769
1089
1
57121
1
12996
1
1
121
4
1
1
1
196
1
5986122780121444
163701277376400
224059275801
1
1
9
1
31081690000
36384806848324
17689
1
117483921
1
132388036
545362609
27889
1
5530896900
1
1
1981836081729
3115225
4088484
647977287338404
1
121
1
1521
7086244
1
289
1
1
4
1
1
130416400
1
169
9409462157740223569
4
123899161
4771908241
1
196363104013444
9
100487732004
144
16181112025
125126596
4495568401
147306769
1
1
17424
1
46225
1
110965156
1
98262813961
282072025
1
32996359201
2446096
1
1
1
1
3644151189156
1
16
1
11376355600
1
1331967583881
1
1
1329409
157301764
1258333729
1
16
324
4
17956
196
391208841
1006960060577956
1
1240996
27229319021584
225579372490000
4
289
1
12769
413048432429649
1365228664900
9132484
33176072449
9090773738281
4
1076568106084
441
1
1
14641
1
5513104
16
26436483649
1382976
1
1
1
17311454329
158785201
183184
9635716181025
5499025
1
1
4
1
121
352356635457225
17424
1
1
169
144
1372170931609
1
24373454400
1
1857769
47524
1
800875906662001
1565471411344
9751605035536
273529
1247286912400
1
124456336
1
1
2284032538151809
157502500
4
1
4225
4
1107265839289
18428483851281
125059489
1
144
2477476
4
1
1
1
446099344492096
47831221984144
1
45478974564
109789322241600
1
1
1
3197564792316196
3955277881
1
16641
22937405401
1
1
55225
1806912210684100
4
1
4892944
1
1
1
1
2153817472921
1039740025
169
1
1
16499916304
256
1
1640961
9
1
4608763120809
4
1
1
3070001588164
113209600
1771561
81871732890000
15376
149670756
25
4
1
169
1034087643801
1
1225
81
1
1445976676
1
831284224
1
9766850038416
1
141114584855556
69940678369
298771225
1
5417270215009
32320313736491169
417793600
1
1
26279327881
1
1
1
121
324
12769
1
18496
9025
1614744372589924
212926464
193587875379396
236196
1
3186225
1
37620869521
1
441
147715923976336
606292129
2232036
1629296520721
834972401100321
7526603536
1879641
1
8357881
94864
1361889
32695524
509796
1
11131727049
1
1
1
1557504
1
1
7319908814089
5387041
44521
121
2044305796
1
1
4
1
1521
34175735221174416
2400129085225
1015824384
107598755572324
12379455169
339457925779456
2229049
445833765530176
1
10093329
1089
6421156
1
121950013437604
48765447241
1
1
320445801
1311478459204
11321385604
1
1414286449
4630010848516
1
15402795664
25
27556
1
264373128798025
314876977321
9
5838488100
1
9
1
1
1
171269569
9
400
1
1
1
1
1
1
1
4
165650465257729
324
1
110979187731556
1
1
112632118157584
1
1
1
1
12321
6561
507632127060249
529
4
656100
1
1
121
1
4
143387955729841
1
1
1
1
25
1
4
174724
28154155264
1
1
1
1129969
647482732445124
1233745569081
1
19044
4
1
1522756
2025
35430839569161
126636339600
1
354170606775241
1705636
275625
1
25604480196
222821986491729
6889
256
1
1
268375297322896
2042041
3614641290841
49
14161
1018081
1
144400
1
805367641
1
28900
1
16
1
1
1951444157481
4
1
42025
16
1
42025
107041517584
225
1
1347479856100
400
15716383225
10601997156
169
3370940064144
118336
1225
61633027600
186767755690000
412496100
1
15625
1
9152869687641
19044
40407432256
1
1
4618218192016
1
1
2003830110033921
1
4387776468804
1
1
1
14691889
121
7452900
1
1
2381703898729
1
1
256
1
1225
164996594010000
2114116
1
2984176785529
273935601
1442880129208644
1801949162689
13452288256
441
1
1
1123600
4
1380625
150279133627921
17129574400
1
256
1
1
1
4
1
1
1237449333649
404991877848100
2160818223098404
3733957199025
29964676
1
1
144
1
1010025
1
1134225
787644225
137126020446724
3969
105435934681
1
441
51796809
529
13924
1
1
1
1
1
1
786388816890625
25
124211025
2934198983053009
361
1
1
6434846890000
116468861221476
1
99021614329
7380208955716
1
1
1
1
1
6275025
1
4
218951209
100
17237851849
1556148096529849
121022001
30976
130424965140625
51577589449
1
1
1
2226738435076
1633284
729
900
5745609
1
508006521
1894487971216
1
3515783891050116
2026480367025
1
24844379641
16
1
31684
1
1
1390041
1
10538879220496
17161
140169080633524996
1
1
1
1
4
1
1
1
2822400
1
1
2322923484996
106461124
1534950022761
1027205705002500
324
1
1
31024230439411225
3508956179292249
155002500
1
1
1
1
197136
196070118270016
531441
36
169
16
1
1
1
1
3969
1
321374819224900
2535438397636
17866683610000
1
31816927129
1
324
5475099251449
112731858360676
1
2082249
1
19044
1
1
102788614494784
16949689
36751957264
26086449169
293128641
4
1
11198084041
5921888181049
4
4
1
27225
1
64516
26569
1089
12321
10233601
1
1
576
33856
22676745744
1
1
2437826313316
11716330564
1
1
1
1
4
1
1
170851041
1
1
68936061673741284
250148323302084
1
1629325071280201
1
625
1
1
4
1674436
1
1
19307281745916025
1444
1
1
1
406544875309764
417221476
4
153462544
22812779521
1
1
9229060624
17736646041
1
13091421894849
1
244288005025
125305636
3137673737104
1731856
1110884380225
1266849295936
24306763575721
1
1
1
1383335879409
1
48400
1
103778208491281
4
1
67600
1
1
4
499849
1
1628176
47524
2310400
1
1
1988100
170145936
1
1
1
6553600
14902549776
1
729407108821444
1437601
1
283455980494801
221533456
45625387201
7698038917156
21025
201838849
1
9
1
1
1
1
2401
1
1
113202301077649
9
1
324
1
34969
1
49
38422664289
196
1
114139330327201
1
275759236
58845238234225
1
340291292484196
1067089
1028613184
1386140957275396
1
36481
1
1
35116511236
1
1
1
289
4
1
1
784
1
1
1
325380230813401
1
18618053156352169
1
169286121
1940689011775504
1
1
1
1
1
14400
1
25
1
1
293402641
1
29669809
1
1
169
143918939410884
121
1
1
134337998042329
131997121
3880900
16129
1
1
1440909063838864
1
700660900
8987420531228049
2013629112576
3261636
1
150528361
14596762766041
1
519289297926400
32400
1
157609
11025
48841
9
1
7096896
1984435209
427215182689
123054227466361
79524
1
151573672448676
134884996
389944009
20164
1075369
1
1024
4
1
1
1
1
1089
1
2116
5586815025
235591801
667005364643809
1
1
30976
1
9409
1
1
133844537574400
1
11881
1602756
1
56793562596
30331705600
39917242849
276862477464225
9
1
1
515153809
256
1
1340502322862641
200109316
1
16
1
1
625
3072360424225
1
1
21329434116
9
319765924
1113025
4
1
1
169
1
1
250217191245025
1
1
1
13060996
52733126049659136
1
16299118224
1
1
1102500
1269129367524964
1
1156
1
5700624209604
1
1549990915765776
1
1169118862564
15642025
1
1
9
425104
4
1846881
13014246400
144793089
172614243699076
453472808599801
287020562049
45941284
1
421109183693025
19881
1
1
1
2619535776004
1
1
9
1
112225
1
1
1
1
1
1014868449
121
5316838153929
1803649
11370384
77284
24649
718564799111481
11881
159835157763649
1
1
37249
1
679218670206976
1
1510441
1
1
1
4
1
481012624
144
1
2521569323025
23011209
1
1
311331636841
1
166309811721
29084449
4900
1
4411483561
1
144
1
1
17689
1
918919619533969
15376
153718685975556
1496287608243129
25600
25
28616797225
1
1
1
44521
1
4
1
1
81
138915146895529
556516
256
1
51777182116
4
1
1
15884281989081
2514019600
506282940535824
1
8433837467449
259467664
1
1
5008456009764
1
5503716
1
4
5876766945685476
1
1
11406026401
1
1
25301037969
9
1
4
1
606699461812900
119784444273664
121
193877776
1
13924
55279225
85925783161
9
546998544
1
1
121
4900
64
1
1
4
4
1
12920641561
1
1
16
1
1
625
252744750610704
1
1
64
1
1
1
25
945501001
1
1
4
19590201225
49521278790412900
1
1
46656
1
1
1548539607814144
12730624
1
1
1
1
1
185041609
1
1
18144090000
1
169
4516611053824
1
1
676
1
452929
196
1
1
1
6954607591281
251539600
1
19321
195411770008576
704258318401
1
1
961
1
2541151162268224
324
4268356
49
169
2138507536
1
1
1
117735021232929
41110605022795009
1
1560001
1170724
1
31533946084
1
2090088969796
100
31329
16900
4
1
1
1
289
1
1
1
21904
100256704531929
403219331623684
15809290225
13101778369
1
1
1
1
4
1
2910436
1
4489
11089774864
13227769
1
22771111801
1
502208100
1187905156
25
144
1
2602326169
12321
59869571676849
1059389879992900
1225
1
1
1
21316
3047196166884
6054163591441
685794426656329
25227286561
9
1
4
1
1
213539769
136971373889529
1
2209
1
441
117913258225
170459136
1
4
4
1
280900
2253001
1006618916416
1
1481089
1
96100
14008852881
1
1
32636590336
1
1
3136451626009
327184
1
150896656
1
163946590130569
22201
1359018271468225
1
1
14235308005476100
2078389322244
111344640688009
65536
109977169
33856
400
19460808004
664608400
17453316321
1
1192464
1461681
89401
176384961
2071139893609284
2978637612129
2560000
100
11249572096
87616
11619977616
1
1959479234596
2480625
1
1
1
1
1
177049636
10686361
12689887770957604
4
1089
1
45153992428217344
1
652353868005961
1
3224536225
177381190313209
1
7070281
11381475856
1
1382827827969
1
18594196323649444
1
12215025
11330003124049
1849
23409
653160249
10201
1
6502500
150849636511396
510812840166561
4225
103652761
4
1
576
4
35374838724
361
1
2043678962329
400
4
1
210569121
24336
154181889
1
123498769
753088989249
1
121
4
176745990322225
7615376921580129
12086143969
1
1
44521
752997441864079504
1
48116177316
1507984
1
1
225
1
1
9
3381921
1
1
894048332210881
1
14402025
9
201600128371216
289
166215213025
2442969
986022801
1
1
1
1
226802666280961
1
1
22297284
16112196
28749237136
1
11664
1
1
109558089
110355025
61009
3072994976016
320356
24481609156
4
1
1
495952900
1
1
1
29303961856
25
144
1014117477156
1047946384
1
1
12544
1483524
1
20164
1
1
3249
1
1729225
1
25
1
5625
169
6889
1
676
1
1
20164
373586196110884
1
58097389156
676
228432996
9
1
1
1
3464579150244
1151826669399184
1
1369
4289726016
137147521
304200829353316
9
48492444100
1
24964
11125819441
36
1
1
1
77622417664
1
9
1
4
27892340100
100
256261538765241
144
1
1267876
1
4
1
1860496
1
169
15420672400
1404056735041
1
1
8745073240849
96721
1444
1
2989441
1
1
10946159016004
1
19368801
332332900
10721567025
16384
1
196
96220620442521
187279225
1
9
144087613322500
3632836
3878749058116
1
1
1
278784
1
36187072441
17393125689
1100401
274576
4585915175625
49620681049
1
81
2709316
3047960797281
4
86081284
1
14400
1
1
1849
118722816
16
1743633098089
196
1
25
93799225
1
1
1
1
3708416775625
196
1
6558721
1
7918196417041
128710953657225
1
1018567225
1
3017169
1
6503777316
1
1
1
9
120843344737129
121
1
104121616
1
1
1
4096
67848169
121
1
4
1
1
10201
529
1
147704426663641
1
1
1
1
352836
11687772100
1
1426390707856
1
13169971212645025
1
841
1
1
1
5893479361
2464900
1849600
1
21866128384
1
1
144
121
21224449
1
32041
547326025
7800849
30091147024
1
1
11812969
1
1
125447638516281
1388197238073361
1
1
1
1
1
1
1
1
329476
63721375909489
21740370299649
1
1
1
1
2351959009
9
1
230400
9
1
1
1
1
3182656
627727669596036
17161
1
4672726399201
162409
1009168921476
2078739065562481
1628760460441
23818674889
119025
370687404523536
1418481
1
16
2521744
1156
1
1
1
2287326276
144
33759652644
2833616722225
93326584036
121071092439361
188540361
15374241
81
1
10816
6723508009
576
172659600
1971626409
21025
36
235015185342025
42025
3232804
49
1014049
606841
1
1
1
20550942736
1
18496
257795136
1
1
6217193164900
441
39080545344
2500
1
4247721
324
240591121
75076
58564
19144319769
18009974241856
4
117671185093225
4
10520810041
2738306777089
1
171020640080196
1
1
1
361
158176425796
289
1
14884
1
103734225
1
1588237624009
206255855716
1
121346792125504
46656
1
4
1
11871845764
1
4034803377124
1
1
1
169
480217122529
121
101545929
307465814016
1
27955382671225
281961
1
1269853225
34969
1
1
4
1
9
505995961877316
5476
244245198695716
400
1
1
4
13924
1
256704484
55225
11449
254016
676
1
1
538666036272400
34969
1
25
4900
458329
121
1
4
225
76729
4
1
415099264780225
446772769
4
1
3284436100
1
931908345316
1
106276
169
1
49
101304225
16384
4
2393268839576209
7177041
2088025
324
1
16
1
1
1
1
1
820468389991598404
1000718128881
71824
13040041249
2113399775305984
4
1
35498328100
1
14498568100
1177225
164121721
108241
1
2977395113169
4293184
1849
50305555521
1
1
1
1
1
330446774025
1
1
27802883848336
3933843825664
14037747361
1
3751969
1
850363921
1677803521
1
51570322281
4489
1
6355441
24828304900
1
1
7645341130441
311769649
1
185477161
196
2589257519689
5296346176
11449
183904111265625
292744640087524
1
1
18655735396
1203376090225
1
778257785041984
1
12219975936
1
1
1681
34173589321
525127014922500
9375844
21904
10131489
1
1261741441
2505889
173666800192900
293639240169025
1
1
1
21771556
1431913783876
1
1392400
1038361
1
1
40804
1296
1
1
9709456
15129
622602304
232653804964
14271886225
22435546225
1012720078864563364
2755590009513796
337274510551225
225248956816
4
24956100625
1
1
1240465792644
1
1656109036201
1
72900
4
1
9
3365166444721
225
1437601
126020044998225
14730244
4
1
1193617430784
1
142354798150009
1
1
1
1225
1
2217198428676
1
1
1
1
1349214664249
1
1
4
143031482018929
1
1
1
1
18976440025
1
1
1
1
1
1
11881
1
131687628123529
16129
2401
28993235076
87025
1
713056938171876
142208844768225
1
1
1
252564849659521
3136
350438400
123904
1368352494756
1
1
9903294302500
1
1
4
247621696
2056356
409900516
211411600
109864357824400
1
13689
1
1
29224836
1
1149184
4
2596580954881
1
12544
1
225
9
1572516
14161
1
199883044
1
632170449
99225
738426276
51085492441
117765947408004
533761500551841
4
5017600
1
11881
3502549680100
134653396200625
4
1
2361877185600
1
4
4
121
268511614232976
36300625
163942416
1
1
1
1
1
1
1
1
1
3786916
30704501529
1
90803251297476
1
1
111344704
1
732743808316081
1
1
12544
15376
1127844
32934264484
16
178141020914704
1750329
1
3272481
14363303409
1
343064484
10404
4016016
1
14118002156449
1
1
4900
1
1352569
4363130916
44242915600
8185321
529
1
19045656036
1
20675209
1166400
1
1
1
1
27889
4
128881
196
1
16
1
1
1087849
4
1
13766563561
1
1
1
1
16942666896
121
1
409738564
169
1
256
178373306788609
13924
1
1
1
1
155274128497216
1010025
124609
106357969
1
1
9
497271134378929
1
1
1
20541099708441
1
1
186147376704
4
4
30231124641
1
1
1
246709849
1
1299634200225
1681
1
1
8838729
29241
1
189502756
9025
128164
63504
113076894272644
1
1
1
1
14400
1733401328569
70756
1
579121
4
1
1
1
1458174587401
1
1
1
13436491398724
1
400
205549569
1
9
4
1
1
126951215511169
1
198025
3437316
20164
21447309601
415221110150625
1
1
13440039916356
1
43681
1
11449
29986576
1
1040400
1299600
4
1
1
1
16900
15876
4
1
244828609
8053705537153600
4
1
156831715423009
19572289801
1478479401
27582517240341904
5386672924117849
1116896400
1
1709577170064
131813361
1110916
1
1
1
1
1
4
1
1
82578566925625
3025
1
1
112809464592400
81
5239521
1764
1
1
22466112769
1
2313441
4
16
47275085473344
1
1
4920109569424
21609
14050072089
1
1
13567124484
1
1509327731209
7639696
21316
420465277562500
371294361
117137329
1
21609
1
144
4491491830596
287811225
1397124
178084
3342476123536
6691710143556
1
1
1
1
1
1
5481625444
1
43059570064
14161
12100
2090916
1
6400
1
576
1
1
1052676
2809
30625
27621442809
87712522569
1
1
1
1
1
1
1
1
3630285789933609
1
36
1
1
2916
35204641641
7290000
67465771200025
3674889
1
1
157251600
19881
319094057145616
103876864
1181008174564
142884
1722476680458361
27369387443776
1129484086408804
25600
19695844
1
72361
178589814062500
256
140177501556964
1
28224
160799746707856
703384142400
1
1
1
144
4
294850086001
6314591023225
1225
85849
9216
1
78307738895556
88804
7678441
1706798538025
120375787128100
1
1
4
1672180024384
74419294401
38242931364
1
1
1
28224
33856
1
1
4
4
29280000996
715115466025
100
1
11576899216
16
1868689
14473634362929
2416756286464
784
217651009
1
1
1
2669956
206116
169
1
14203872400
1
3122289
1
9
1
1
36481
36
458567704669636
52441
4793725473460225
2726897374224
101761
16
11543138721
1735397849025
1
1
1381931909136
1
50119567876
1040400
1
1
214931450449
1
7828804
6218405030929
1
1
169780900
4596736
1
159365376
1
1
18769
116294850112081
9025
1
1
1
1146946753936
1501562500
1
576
18760780900
1
220041058755961
1
1
202796197866409
1
1
3988140803089
1
196
169
108215997444
2999824
1
1
749131794576
1
1
237258675889227721
2939486247049
1
28077358969
1
8492204713679281
1
1
1
1
24336
1
1
9518057968225
4
1
1
1
1
121
4
4583881
1
169
1
1
9
12100
2004571757241
100741369
1
1
102159979486084
1
225
395008479009
1
49
1
1
1
1
1
808670078265625
1
199021269924
65531904064
1
1
196
2474329
4
19296393130756
1
1
217148576065444
1
1
1
1
14737921
1
2492865397531609
91084252053249
1
27027271898176
583415716
1203303690304
4065251965009
1
251729956
1
1
52505597881
1
1831320530432761
10609
121
1
1484527801744
2752281
4
1
1104601
1
1
364706080281
1
1
1
1028196
441
170429056303104
121
1
297912018576384
369681024196
1
484616196
1
1108809
1
11236
120868036
1
698333476
49443080164
1079136756947089
1
1
746619884327716
4
1
128029225
425968321
4900
357324165120400
1
625
151388416
1
114186428498025
199233225
7345324971076
18275625
92496881689
1
1
121
1233943288900
1
339591184
11460130704
115154361
1
1
3912484
56295629289
1
1
11710084
91204
576
223984658057689
856440225
1
102738496
625
25
9591409
169
94650658526449
85849
1
1
9386704995529
1024457744025
1
10554701440000
1
255639449664
36
1
1
2081582387361
3176156196615609
4
1
2718271043524
1
1
43681
4507129
2430481
11280564100
1
3240000
1
769129
400
1
328443129
1
49
142064917225
1
172247434230249
324
11812969
4
1
1
144
2092224626868964
20059056900
1
6943140680256
109641841
171502518234609
1
347859801
660284416
2252736369
1
97969
1
4
514089
1
1
144
1
1
6465928921
736351153195681
50275056841
6195121
11453066361
1
1
676
2862864
1
47157639248164
225
1
1
1097838629787904
841
54155340369
1
473344
1
81105344100
259404825124
11996163729
1
1
4096
1
103671087610000
138481481161
18496
1
1
7832100390921
81
1
847624996
1
121118543019769
28571140900
3481
1
4698732534336
1041187588996
36
1
348979761
1
1
1
1
1
97344
739350481
2209
122061883578244
2947961943369
1
1
858958864
2488313689
36
39853969
1
1024
1398610404
1
441
386252829795856
1
2896804
1
66049
1
1
1
28465426089
7815444025
1
1
4
4
1
37852815364
107559694467801
1
1
12100440004
36
22231225
1
2112426789561
1
1
4761124
1
1024144
8656835062500
1
1
422500
1
1
395691664
50879689
177235969
26022851856
1
166926400
4
81225
1
1974025
4
1
664428880204324
1018081
169
4009153230369
214275728185600
10916697289
678624277974724
1
107090303177916304
1
1825201
1
1
1521780100
1268013375721
1
1
4
22701147561
843786304
25
4
31481334737329
11449
2401
110040100
4
1
1
1
1
1
31745261584
1
14506949822401
1
4
1
1950230928093561
488977604414244
1
168206529546916
130507776
169
1
37467022096
1
1343369104
1
35344
1876900
523664980609
1
1
225
1
1
29929
1
441
1
98604900
1
108122334479721
1
100600900
11236
9
1
19899616356
1
1
1094881921
256
11664
1
1203409
25908100
1
106633596304
14846017602735225
1
1
1
1
4
4531174596
1007186866569
4
16
1
1
729
25
1
1
2250000
241025625
1741893696
16
10404
1
121000000
18225
1359115287721
1108809
1
1
1
15007720036
2140369
1
7672046289287524
7849960000
108305649
144
1288225
1
272778256
121
176026795065081
1
103763620992249
1
22203384064
1
3250809
25967711025
1
784
1
10943624853225
48870618489
3492449205185965761
22801
192835354391289
3254416
10201
53824
2064969
9
52629865744
2957728225
1
1
13182713856
1
225
144
11336689
9
65025
196
463006808513649
16
1240996
1
1
1156
15876
1520289
526473025
1
1
1
57600
883350680518656
1
1
66467332562500
1
1
1475428659093481
2829298930704
353445188819044
4133089
230400
1
129600
1711642384
4
33720842511225
1
1
1
133028542440000
28462225
1
9801
66493326769
18225
289
121
2264808100
919822764816400
261986596
1
1236544
7438776217744
1
1
4
1094116
1
1
1
1
19321
26587027500121
254785444
23738797476
1
3323329
35721
36913729494889
25
1
1
1
2020183097923809
140386193947024
491401
3724900
1
1
1
113493120489225
1171877696089
1
208455844
1
1
1
121
1
1
1
1
21025
9
1
1
214212496
224370441
1
126403714089
441
571536
1
1
36
81
1
1
49
1
4
1
1
72361
181774004204881
1
14884
1
1
1
1
1
4
1
58863493924
1
1
396127995769
13417569
1010413369
1
1
10631409995995441
2428376805625
1
19644264964
1
1
4
4848804
1
4464769
3041536
1
25613832342121
1
6818856354436
1253114546812164
510015935716
9
16
1
1
1
33489
1
4609913879041
1
16
2073012521616
162992714259600
99179015329
4
1
119793025
1
1
1
1
1
4
121
1
29241
16
1
6022945480561
1
1585254769606564
1
613155455424576
41209
8916196
529
132572196
313148416
1012036
656331680449
25
338428305609241
1
601475625
441
4
1
1
76070604481
1019871752769
301922700101929
289
25
4
19749805156
103693489
26967249
1
1
1
1747015132009
1
1
1
53005852900
1
972732457984
1
1
1
94627964597528569
853660494765961
1
196
1
1
30872872889381961
1
1
447438409507600
9
4
2815851802500
1
1
153490616491689
16641
1
1
729
25361296
1
1
1113025
1190368281600
199809
52272900
1322131411265625
1
1
30398619904
289
25
1
6255946413721
49284
461621048329
1
1
1
1
9884736
237930625
1
149964516
13225
1
1
56644
1
122337712967044
1
83521
1
18410147856
43470165025
15376
1
1
3249
5792113435761
1
49
314140176
1
1
156179088025
2036355876
118396161
1
101214364486225
1
2189491264
243141649
52900
1
1
29588472169
3632836
436475664
1
361
2931009056361
131568034436721
1
1
135094129
1
109740475441
1160342604864
1042155480399489
71396908804
1
1
121
1
2401
4
1
22240651689
590044422088900
4
2768896
625
1
1
17931049533049
1
34596
1
364164552945216
2621161
2985137340025
1
1
780364225
113068961625321
1
71723802969
11843315929
4
400
916393984
1
1
3364
642623564700441
7566306478864
259081
1600
1
867125809
23716
481231969
625
8729912356
1
1
11335435024
113390424468036
11675018601
26569
1617984
9510716763025
2320418517264
1
5112121
25
1
1
3308761
2300833089
1
256
9675253797049
863618749786881
1
225625
1
14243076
1
256433111033841
169
566916100
29530016649
1024
9
1
1
31726651752373824
100
1
1
1
1
1
1
5255006064400
1
156600196
150251503474944
13630864
196
88209
1
1
1
35792112987801
22389436161
265134753795681
173027716
833823376
1
1
1
178166701368100
1
1
202234793181184
1
173889
3628823072809
1
1
9866746892250000
354807327868900
1
674648676
1
1065395552400
1
1796200370176
8281
1
1
1
169
408644850381156
1
1
1
3925362822176656
16
400
17292250000
196
1
1
1
144
163226176
126884882533761
1
1
100
24649
1430416
1
1
1876900
484
1
4088665982025
1
206116
1
12372271595776
1
1
1
75923845653552400
1
8836
28671294276
1
1681
302675372314624
5476
1
1
510124492900
11737476
1
2291956068886884
1
2231428644
17897355961
11557307609196561
368234569134721
484
8736493531536
1
2304
1
1
1
1190281
24649
15768076041
1967668285696
1
662596
1
12148786931121
1
58782091634704
1
1355955447025
1
44218350497344
208617822009
304051270688356
1
1
196
159631272513729
17161
71383549329
1
142157929
11449
1
104764858276
1
1
422878096
25
121
1
196
1
47961
7529536
1
14428333924
12680721
9684921744
1
12544
4
1
2957728225
1
1
1
1
33489369
1
2443324900
1
121
165920161
600642064
1
1
1
196
1359105961249
1
1
2051314282081
178759840000
1
1777342248900
1
196
1
169
1
200704
1
1547346917776
161501908129
25
144
2463167024704
1
1
1
9
1
225
1946270527744
9
12769
1
24647430025
18124159876
15943458828108100
1
1296
2458624
1
1140624
1
103286569
63053651720039044
1
13225
1
784
101545929
272481049
1497767401
1
361
3168400
11188139076
121
1
130622041
206669376
492226716109489
16194344049
4
11236
1
1765255019641
890025311557264
423855252170138889
19018321
4
2111209
1
64
4
1
1050625
336638645721225
11757932356
153827388982089
1674037225
1
29241
177982281
1
26569
1742400
1936
35721
877462884
1
1025235226521
1
1
307651600
18647541136
236359876
33509612264703481
4
24226084
1
1
1
1
222218649
4
283440176881
93545445904
15446472040000
172633321
580761801
815236119475600
198551715542244
202206039486889
38013215113248400
1
16129
1926544
4
91374481
4
30977408016
1
1
1
13456
4356
32761
40081241209
1834361436996
225
285355306206369
271359729
1993744
4
1
110292402609
2101696776729
1
24815700900
638623441
1
1
11624069729281
1
1
1
42025
118856700188164
1
1
1
2116
123520996
1
716044081
105370225
3481
4
1
1
3321422415529
1470342980929
458338478049
1
11114008929
10201
4
1
1
38249999156644900
175975427018329
204304
1
5934096
425858652413649
1
1
1
196
1
16
677329
441
40211478784
4060684432996
4
1
12655575009
1673799412516
1
744769
1
4014056327121
1311646678855569
120409
1
9
51490110786921
1
1168561
1
1
1329409
1
1
1
19872822841
1
1
361
66662592481
121
621804096
1
1
1
484
1
4
447491716
1
1
1
1
7360596893764
751368244225
4
2670560614225
1343281
1
4
1
592564327524
18899925529
1
529
9
569173292166609
1
1
1
4
1
1
25065392119327296
15289817104
1
1049860489129
1
29011042716100
36694084249
2856100
11744273641
9359157407076
1
324
182063045969476
2247001
1
1
7054336
1
1911245420484
1
1
457489321
1
1
14400
1267876
25
22004899319844
478428129
2187441
1
15876
1
1
6039502851600
729
2104130115844
4
1
1
144
1444
2173100532736
1
4
194667065954596
1
169
20164
1
1135232713729
914881009
1
1
12424835412544
36
304704
19972755625
1
16641
25921
4
1024
22579269696
1210000
1
1
16
33840545764
1
279239105781601
6568969
1
6356469609616
1
532928859903504
25
20736
18799974769
1993744
662381844768400
1
25
1
9902734153321
17536380625
73984
3207681
1
854977600
1
176544369
1
1
140991876
4
1
1
1
19044
1
1
1
1
1
1
26832400
85837866361
1
13263437889
1
209589080481
1
1
1
1
103286569
1
3794704
1
318051556
1
13061746944
1
4
1
1
296976289
1119042258463921
42849
119709485439489
992758538141041
1073296
121
4498641
1
4
847450321
66884304400
103053398916484
5776
1
1
14402025
1
1
241081
4510050963689569
1
1
13456
2281972784400
1
4316621401
464905570065561
112204445875600
1
103868771709609
126675025
1
1140835473801
1
3018944475121
1
54122241395524
4900
1
1
157749379868224
1
1885892465284
49
170224209
1
15350724
1
990591273795600
1
6241
2182335516529
164836
1
1
1
1600
101797889176036
1
396288649
197700612966025
1
3572100
2249121085849
11540560329
7011904
986106594841
225
1
1155960424336
1454436
157609
441
1
1
1
1
1
4
4261421191041
1230185476
26895674698816
324
1016064
9
1
1
12099780001
1
1
1
9
1
1
1
13734436
1
1
1
1
39838023957169
2973411841
4597366357609
1402097546404
1
1
4
1
1
3249
1
47089
121
1
1
1
1
1
7440478102338436
1
1
196
4
1
1
12321
1
6487209
361
1
4
12321
1
206899427232001
128890609
3924361
1
1
34030387272249
1
1
1822500
138382512004
178568325798916
1
18542609168769
1
1
1
80089
535849209605889
1
708964
169
36
144
1
144
1
1
4297329
4613904
1
204318436
59017900096
4
1
1
310249
23104
1
1
169
4
9
12299049
49
55056400
1
1
161604
708964
18225
18739967236
43264000000
256
1
113018161
4
1
1
1
1
56985574156641
16030092100
733109776
2176884832329
1
1
203975524
10404
1
1
2025
1
1
85849
1
457133434501041
1
4
64516
1
2185518722500
1
2647129
1
24219763129
1857692672784
1
1
1
1
16395265936
827213897169
529
1
1
470022400
1
795212815432324
28977912441
1
1
1
1
1
1
1
2402274169
1
16
1
580520836
5139289
1
1
12544
28331622400
456292321
1223236
7038409
1
137703348375849
1360945881
1
1
1
22191674326416
2064969
4
4
1
4
581438275441
4
16510451049
283013329
1
1
29999625616
196
3025
1
1
144
1
1037894350441
2025
1369
1
1
48028914025
1
121
12996
1
783355985476
202446626683876
9
1
1
4
6076225
4
31664778916
135908964
1
199363330073664
11377129
2067844
585204481
31684
1249924
888481988982225
1
121
1
256
1
48966608656
14884
1
4
57206594041
248812413721
1349744386225
16626813025
9
183121517329
1
3089581056
1
4
1
3456431285904
256000032000001
49
35391015625
731025
1
10816
1
524089123600
1
16402500
85807224455404804
1
1
1
1
1
39781898116
10304483121
1
128709025
1
1
1073741824
1
1986346346884
37636
1521
1735638921
146971178109889
263802564
24869271348100
58582393444
1
1
39835768921
1
1
15319051569936
1269369515569
20977177225
12100
6688766650225
1
4425309529
105104343204
50519305225
225
1
21224449
1
1
4
529469027917636
1
4
1
1
1
1
1
1
1
17656804
164827595790400
4650242099364
839244734817841
1098524736
1
643465478569
1
1
1
3136
1
11841357124
1
196
1
1
1
256
12909731641
2499561
900
12100
125507209
67081
900
1
1
1374259041
225
1
1
1
37636
1
220005132804900
1
1127844
6241
1
3539080326628900
9
1
1918225
1
19744465225
107719834849
6295081
808549225
1
2867337326530576
121
576
12255818436
1
11664
10944925924
1
24025
961
17336988900
1
1
23290276
1
1
3286969
11551090576
1
34975396
289
51566761
1
1
296702209702116
100759717471396
1
27985560059044
105345684900
1
17161
1
920090889
2046501913600
36
1
13689
12169619856
113407971121
31684
1
1
9
1521
429134301820249
1600225
1
1
4
1
36
165817129
1
1
1
1
127893481
146482609
1
1
1
81
1
1
1
1155625
109451135556
13253074884
4
361
36100
1684804
4
25416011776
1790244
1
1
448392059572900
1
1
1
267387904
1777030300809
1138489
5040056430049
14001074723601
64
1
4
196
16
1
197250231103104400
289
1
60025
3088352831641
845530084
1
60882601536
1
1
29658916
5354401625764
19122289393216
1
4
5792618849796
1
4
1
1
1
1
181467841
4
7933999329
600625
16005896543169
139769472787396
32041
4
1
4
1139688623844
221265625
1
1
26005879363216
14685051723664
14400
16
174626201689
351929758363681
14134118769
33450306573376
676
270405136
400390695355225
1
47573280769
457524656310276
256
1
1442485641244761
9
1
40018002025
4
1
49729
25
17631059524
2480218187600521
162231169
36
1
1
1
1
103063104
64614081249
1
1
9392686433001
1
1
1
5716881
28314456361
1
103684
1
1
361
64
39681910109363344
625
1369
1
4536005444100
1
1
225
49
1
3108169
1
48841
49284
100639314169
1
1
1225
2912329156
187873734543616
3712635312400
1094116
108014449
2941225
6687890382107529
6365529
2025
1
346859298457281
80171657316
113081956
5041
19044
23857891600
6889
2862889895760400
17161
1
1
20007729
1
1
822542400
16
29008996
198077476
1
10922549121
153269896769284
40433510800225
225
1
1
484
28990851289
1
14884
1
11957764
2535342860176
324118522837264
169
289
1
16964020516
79108484776437636
1
832495609
16641
23289201664
54353793321
20281061902500
24000739893025
215640355351204
2676496
12737761
1
13281410025
169
734946461130816
350464
9
1
1
225
1
1
1
4
144
9
76038400
1
1
2118896543449
132151578318400
10259209
20548649104
729
28386858256
12047038081
1
23104
7419418747321
1
2653641
1
1
1406596
15499969
1
729
1
912885796
139129
7452900
1
1
81796
946116696180100
4
2493241
3198675018256
1681
13924708009
841
225
1
1149184
1
1
23104
14251666919044
1
1
141497567325625
1
1
41004225025
2287014994944
1882384
202658229412864
243432639019584
1
450390728652921
1
2716606093369
63504
1
6400
9
9
111919726540944
17093732049
1
1335908314225
692637124
1
2899827540544
169
122531502025
45369
4799674745856
1
1
729
90102028900
717704100
1
1
1
1658944
20530591225
2152089
1
1
196616484
1
1229426352025
1
1404750400
1024
1
7139584
92127574052721
4
2929441056721
1
39354624400
784
150430225
1
16313762478115600
1
65733780996
1
1082278404
35249687001
145902241
59536
9
1
1
1
4
1
1
25
1425636
1
1
1
9
1010603962944
220225600
1
11664
576
296769529
49562335876
39601
1
16
1
1859509988785296
264558064788081
1457527412961
1
1
309372921
441
866697879111289
1
13456
1
18225
1
173475241
1
1
225
1
1
121
1
1
290479869640900
4946176
225
10474511509225
862297960000
1
1345600
1
225
480388247253121
80007516736
113032457209
90504705600
2689600
11449
1
1
1
27573001
25
1
1
3574527172164
9
23588045056
1
169
784
1
1
3467237650704
419904
5953951365184
24649
144744961
1
577403413808400
162559756969
1669264
6790949343025
407020698960516
400416348284836
351450009
1
1926544
1
1
645639569289
1
1
3154176
1
9
6746782866849
36264484
576
784
1
1
47448584067187681
1
1247689
7867512601
40280088601
1
9
1
256
1
484
144
4
1
4
529
2958400
10417876624
2832489
1
562500
19177541289
261145600
4
1
1
28561
1581977758039056
11148614569
1
10930706054700289
133273748580625
2344199842084
2602969210384
1
1147048942708321
4
246584209
211324369
777000015078400
3210733589904
92308415329
92091613156
1
1
49
376996
117657409
6364585432969
1
1
1
1
1
425181018326724
30625
864319777344
4
4
150136009
152100
1
1
359998800001
5026564
14982004801
1
289
1
400
1
400
1
41679264025
4
44521
17453580544
171875508616900
1
1
5018805192361
26188625241
3175524
1
1
9
1
1
1996569
1
321700096
8328967140025
1
1
1315609
2111209
812478016
4
1
4
1
4
1
1143220716225
1024
2601
452929
507105361
1
6948728882849296
1669264
1
272484
1
144
1390041
2822903161
68644
1
1
11025
289
28224
1
1
9
11881
2013945129
232633265382400
10910011401
1
3397922755223616
1
45089124964
11664
6335289
1
148707220426249
403329052731869476
1550306382769
625
427322984491264
1
1977047296
11111268100
2454019190411364
1
1
556772914913296
13456
1
1
1
1
1
940871209293376
142699867947025
1
182985789146176
1
4
43161309009
1525225
33489
1010025
1354896
4
120165444
6906384
256
225
1232100
14388722209
1
2067757720900
1
1
196
1201216
1295376317316
1
1
1
1
1
3904576
144
144
1
434305600
1
11892497102500
1
127893481
156725361
1817104
1374928105680529
4526281780036
1379107317316
4
153002303748100
1
269189649
52441
32681235574548484
16120225
1
1
289219545679936
1544015842597089
110325045766329
15625
400
10023814161
256
1
51608534813383538116
1
1
16189508644
4483941771024
1113025
4
148454754008401
9361917049
1
34351321
1
28900
1498176
39422499601
1
1
29542964398336
1
19600
1
64009
17424528004
108737678085696
23716
1
1
1053586681
7225
1
22372381476
651474576
183448062490000
1
3681091584
4397409
85849
1
863948449
2197320016896
960938001
2724843504100
1
103358291574784
3308572257636100
225
144
866761
1661389524601
1
35319332202049
329751823264900
1
1
1
33051001
190952296465401
2914060671844
1
3568321
1
1
10201
1
180106304096161
200332347362161
1
2069132648704
1
11447930025
27355175236
1
4
134976483371844
6400900
209764
170208552960000
1
194481
161518681
5062500
4
11025
228041469485764
1239895612036
79834225
685706596
1
1
1
103836100
611424529
1
1158174154225
2332875123623716
1
467727129
1
855504001
1
1320201
1
16
1
1
1
22435546225
1
11449
1
14161
1104601
121104
3343514646784
324
1
1
1
416690569
564300025
1
4
576
1
1
1
289
1
1
1
15303235444225
1
1909924
251920384
44944
2407375671184
50583158649
298235181243169
1
1
1
1
1
39036275776
1
1
1042644100
41447844
1
1
9025
20659750225
637954238155536
1
434764201
225
1
21025
1212201
1
9
1849
16
1070200595025
1
1
9
1113700862832649
676
418609
1
6419534884
4
1
1
1
3249
4
1
1
11274192400
40804
1
304778900894724
5523355433124
9
43232479169881
1176685312305409
4
1005491819479081
3249
49
1
3004758763776
1373382423396
229601832253924
4
1
11587216
25559906590366281
1
256
1
4
20164
1
1
1
1
71289
256
1087849
4
1
1
1155625
50130762201
144
1
2621161
64
10846457212816
16
1
2916
9
2691772015644100
103530625
30734294997904
1
220413633239556
10093652850611929
150082933695556
32761
71050485431025
1
1
1
1
350176369
199006292227681
3024121
2193361
1997619336720225
138384
16
1
368908849
107357142405384004
4
1
1
4
4
1
84681
1987434535696
1
1096209
1
1
291609960181281
238455364
1909924
1
1
1
1
1
4
1
10987232400
1
1
1
119115396
60025
13097161
1
256
247546546566544
4631104
37269074704
1
750595609
808720640264196
1
1
1
256
232871170853689
28019077321
5272371117099025
84954760900
4
1
1
426372432784
1
25
1155388081
33381539960976
1
276935262042384
1
1094256168489
1
900
1625186429584
34386496
4
1
4
2030625
4
1
396527569
225
484
4
1181778129
231701459958049
12321
7376656
1
1
59049
188740419788089
4410686569
2060077478209
4598018201401
196
163772934864400
34619439969
1
1
1
2209
48720050951916100
27556
1
1
10527170404
1536326416
1
2585664
1
4
1
18305007616
1
12047792406049
1
445431155457600
1
1
169
156816
256
1
4
142146435460324
1
784
1
1
1
390107373290496
1
7193124
1
121
7026965929
4
1
1
1
136702864
1
1
104611984
1
25
30625
1
1
169
1
121
841
75501414614025
441
1
9
1
1
10050062500
1136356
144
9110267695684
18496
441
4656609843773449
10004200441
12201411600
245988232416144
960194169
1689443645796
1
1
1
9
4307550815296
1
76176
1
1
287429672970001
309426300121
1
755161
44381006224
42992363716
1
4
1
1
155080073203225
2981230437376
144
4
77545636
1324639864900
10609
9603801
138384
529
1
1
1
9
1
289
49
1391871410176
1
12586820481
1
18496
227587396
144
1
1
4
13823175184
13436689340881
1
11025
538008025
622056734844478756
4
2304
20925936964
4
1
132572196
1
49213872964
1808129340889
154756510973689
206905353482025
1
9847044
1
1
1
26896
1
1
3037027687849
17956
255232576
121
84100
59049
7927053156
1
667808964
68727341281
1
1569107533489444
12638025
1
770118001
103144336
1
4
1
45140526369
1
1
41616
11794611609
397244761
1
17960644
1918225
14447601
1
41740533025
1
32041
14400
53509867684
1324801
1
4
143161225
4404420604224481
6754801
1854779781409
1121481
117758524755600
225
4
118081474240900
15565556644
1
1
1576322937289
41209
1
289
1
2220100
1
1
1
1217264270209
73441
1
196
828796502458276
15743222784
577488961
17735047929
80656
4
1
1
22457420164
1
36246067456
119443041
1
144576576
1
9
29584
72361
18769
1
387054196258249
1
25146347776
12321
37215039744
1
4
1
1
1420864
676
205451936935771969
1
1
14884
850084
687525370697025
732426537024400
214369
5391684
1
1
1
24336
19315734931089
1
1
49196196
9
48841
341891342012416
3556996
1
23694752761
2401
64
37695052689971044
117273933417481
1
2271049
1
2299678227961
1
1
1
1
136492489
22775337225
183629601
1075369
56908224412516
1
5686255160569
1
2030764096
1
1
25
8826841
86829230224
16
201601
1
131534222132569
247758049009
71015321169
25
1
1
1500625
9
4
573581998983184
1089936
845995396
1
4
4
316555264
184233739932529
43681
1
1
20736
815580725523876
1
1
1054476373129
1186210691689
1
51529
21860509609
676
1
240331443901129
1
225540324
200466831794161
196
5688225
2753310784
65536
1
81
1
4132719002281
2524057600
576
121
2771180164
4
1
1
121558526194646805625
19219456
1
1
1
1
1
1
121
1
188720719604356
1
1
1
13689
149059681
1
1
1
1
1
79524
1
1
1
37636
1
1
1
1
81725252200804
34596
290662127001856
1
4787344
839056
18769
1
1
1
144408289
1
4809249
30916892224
27225
155944430404
147808234684881
1
86436
11632269609
12504383329
1
1
1
1
19044
52784603001
24621444
670499236
797765153329
1
1258677560464
1440000
9
101203600
14077822500
462250000
4
21696964
1447033367329
2806032148336036
171813765450625
100
95844100
1
1156
121
3215157403396
40199530896100
18336269075569
3092694544
1548394479025
304192352914321
1
120049165323025
1
169
1
595896921
4
4343469025
102400
1
39992400361
1
2595321
1
23315152249
1
3828997151389881
3395072306028001
1
1555043747325849
1
7507600
94864
1
169
17761959076
3649609744
16900
4
1
304048969
1
1
4
1
387066276
1
22978054492849
478864
136126635998224
345178089102961
159201
1
1817104
1
52441
2798929
112896
5290000
1
1
21904
1
2025
4
1000322025921
4562496
9
1
1
841920653825161
1
1232328670609
1
1
1
1
1024
1725276996004
35344
900
196
16106909569
1
1
1
27588545604
1
201593852640625
127577025
1
1158346350225
14884
1409025976576
1
361
385897815295524
659344
1
10609
1
7683573749476
2532819712074129
1
1
1
1958342750464
10138878864
136161
22339316010584329
1
387785180176
533051911398889
1
37853514655441
9
1
1
1
271030369
3066001
1
2021851225
1253562379876
141795927364
1
5977965224789426176
12911407474078090000
1
12321
1635841
1
58081
1
53065268881
1
1
58564
2347024
1
4
3950184075049
25921
37625956
1
4356
1
154256400
1
1
1
16
11827718331025
21316
149572900
324
1
136163214009
12769
1
79909113124
22433149729
1
104203264
25921
1
1
9
197166305894464
1
1
1
1
36
1
4515625
13456
4
13719202641
1
1
128439790264384
1
14122564
10064904976
32902694881
28395294202595089
1
1638400
407927470864
3932258147598400
1
1
13689
1
79429786450921
4
1
631114884
1
1
144
208868021439289
2196324
1
4
1
1
8262628201
215383240836
1
279993289
3704450843025
40208281
400
1
1
1249924
1
2177457335641
1
1
1
1
1
1
12180433225
1
1
1
4
22338590521
1
291119598025
9
10535938219921
13049635225
1
2304324
400
1
1721990717759376
1350244
144
4229385563209
56644
16384
343396
1
196
1
103684
1
2835856
16825981225
873025209
25
4
10201
1
36481
17956
1
158018802725809
516123017792281
34969
1
124716294846025
1063748829924
1
97969
536169353719561
2656482824484241
1
4
1
1327104
1
1077444
361
1
390773824
1
1
137921536
1430416
6299715796821001
66049
1
7056
4678387309764
4761
484
4624
109765161210769
144
1
1
1545049
441
1
707932449
12544
5546246372209
35424101794225
20736
1
170882517417616
545453082273969
123406059533584
21752746752256
1
42849
4
1
1887876
1
1
4317369197584
4
1
2461761
4
1
835667665278889
1747323601
182034064
1
1
37325467204
4
28288548864
1
1394706014052169
1
1
1
40221104704
24336
1729740518416
21754480036
4
2697638717601
38678695561
1
298116
1
169
1
1
15625
5139289
10705984
207244816
43903876
321814286707489
1
2621161
4
1
9
1
4
9340914676681
1
914279736969481
79497494209
1
1
1
21255015681
1
1
1
1
1
1338202435249
154855898580321
1
1
17901361
169
116810248478641
144
274205133316
17065503225
152374336
4
44100
9
176957359569
19269641678400
1
441
34279041316
1
7573504
1438457329
1
784
1
1
1
16153156771801
14884
1
1
1
2252356681
224356637569
1
2065158135768121
86729521997527696
207216025
139169209
1
1
1
961
9
1
1
243049
1431384924025
1473800856004
17243891856
5934096
33489
12022930174669129
1128090397456
1
1
5568335111824
1
1
1
1054729
1225
13577842576
18233641024
87692976900
4
494209
1
1003192544025
12737761
1188100
168013444
4
16200198400
1
563255289
4
452115169
1120843441
1
363906175505625
1
729
1
1
1
1830609
1
1
1
555780625
1
1024
392585474912217889
1510441
25600
16
1318360836759121
81
184041
1022121
1087903356224400
9
16
49
10201
201399353442576
4
4
202409207789481
2086161366025
175296223042704
1
6036849
380608416419344
1
1
4
1
1
9
1
1
417040849369
3710674068721
410644650968161
1
1
1
4
1
96808721881
1
1
1
4986405915502144
1
2835229586596
184610427728164
11922456100
1
1024
1951036272025
5534642066724
11124131841
1
1157776
85599504
1
1
1
900
1
4
729
1
1
14161
1
3143791858003729
3969
1
225
1
14641
4
151314601
5161984
2041949650315969
1
1
3080025
225
1
250000
737665600
1
1
14861025
1
1
14652466245316
10497641764
144
616032400
1
1
20843274384
1
1
137710225
1
1
1
3173051065636
1
17399192836
1
1
223143844
16152361
1618332051336004
282777856
1
1
15705369
1
1
64516
41990400
18369796
1
1
1
1
14400
1
6247953936
1
1
1
1
43077130042489
19164336088681
1600366683136
1
1
1
269288100
1
1
159415876
4
144
1
1
171714816
9
250193432790016
9
1
111788329
1
16384
1
324
24964
256
15128622539809
2876416
1
1
80089
1
1
11198084041
144
412131575448576
3069689714809
1
1
2178171594769
12996
1
1
1
25
1
1
165846861049
490932649
270989081368516
114896961
1
1345769365329
1
1
43217476
1
2704
1
1
4
144
1
70225
729
112225
126654844996
20903376400
225
4461705616
1
1254400
1
645566464
1294914271249
1133136976410000
165251025
528529
177240948096969
4
46714532048809
1
1
1
14314686736
886371984
851932163767129
294542001275076
22426560025
118336
1
282653849104
4
1
9
1
1
1
448900
1031437456
4
13924
1024
329280473411569
324
4345973776
17039647296
3866516681305041
27625764100
1
2078377788964
4464464733184
3415104
41616
8273175849
1
4
20552089600
12320556004
144
3788371747876
1616658847441
1
4
9
41346494655376
9
785063337444
194524834150656
1
12996
25
1
16327217284
318038474601
4694129560836
32615521
1
1
1
4
1
1
16900
1
2067844
163574405323641
1
1
1
9
52771216784400
1
133956
16
1
169
91204
1
1
62773298116
2908552761
253418731795161
1
4
1
169
1
1
1
1317904
2205639181278289
14069992689
1445878787809
1
13942756
1
1564044304
17749369
1
1
1
400
1
21457562256
719848900
1861644665241
20049690868618761
19044
157351936
1
1308736
81225
1
660969
1
18769
14930496
6975784251241
1
9801
9
1095848861584
1
1
676
1
1
1
1389338404804
1
1340964
1
4
4
8008900
4
293573956
14577124
1
45796
1079713881
4
1445070856321
23716
662444644
9449476
1190319001
40569203875788289
7849181086321
1
43681
2951524
1
289
1
15952036
5978025
1
1
21609
1
1104897401881
81
27889
1129969
947133811264
564243774561856
804062736
1
106750224
19321
9
1
1
1
10797796
1
1
292170649
1
1
1
1
1
584527329
6162558002500
2411809
1
9
1
255910759778521
1
1
1
1
1
1405301186116
1
4133759917225
425542438542400
1
150013504
1
1
1125721
1
136235584
88804
16644096144
100922116
30625
16281225
1
7728400
1
2576025
121
324
1
51238396881
4761124
209799639429444
508953600
17689
4456321
1
1
1018439569
3526884
1036904401
1
1
117861069481
116385690768400
1
100040004
141034815652864
14927708041
121
1
1
23237648721
305072823399556
1
1
20214868041
37249
37002889
2295225
10201
15876
4
17065161
1
1
1
200704
109002984336
142778601
1
1
1
2972176
1129969
1
1976836
324
1
2220254913615561
1
1171226101824
2149903725025
1
2106363783829321
1
1
1
30976
100
1039800326436
68119948617361
1
117649
961
164096100
1
1
1
2229539524
1
17161
58564
1
153664
1
1623007204729
1
1
1190095537225
1
1
1
144
2073600
50176
121
2277081
144
8100
690428176
225
5123123776
6456681
1464210225
1
14400
1570009
1
1079521
121
9
1
421079798212441
130914205922945124
1369
367236
1
21316
34225
12369665961
1
1779556
1
1
1
25
336223968360921
2185628121769
16
1
9
20736
41391088704
1
1
121
117845983664721
1
1
244036
2823730716816
1543546944
282783018078106225
1
16
1
1
5520341401
225
4
1
18907625025
1
1
574134648665449
4745436541862641
1
1
1
36
33856
1
1
2813538737925601
1586816376721
324
1
4
1281424
3431030625
1
1
398500248425841
1
7939540362961
113444290946529
289
4
1426651080625
3027600
1
1
1
9
1
51443229721
1
1
1
1113025
1
1600
535735093986304
129891609
1
206698129
1
1
252560018426769
302931449065476
1
1
1
4923952124004
1
1
1
29584
11997259024
169142190361
4
324
1
24880014756
4387814173521
31109904400
1
204542725696
1
1
1
4
110889
19315996324
361
121
1048576
1
166464
1
5134756
1
1681
6612344816704
4
1
269879052576016
1
4
1
669586420871424
1
6937956
1904963081616
315226176252100
196
508417625341924
1
1
1
664754425940224
18116890801
55696
1
6349996806400
1
1
143472484
1
71396703417649
1
1
242642929
1
1
28047540676
36385024
1
1
100
1
1
4
196615951164361
1490552857924
16
13519875625
1
11244693681
144
32761
1
1417692667561
102677689
1
1
1
10721774116
1977030488643721
4
1
35402500
19321
10687217641
516961
36
1567605649
172470094387369
121
12769
1
1
1044484
1
4
11767693441
31102144164
1
1
68644
1
1
1
8884608258436
1
26556939369
109741023790225
3971829773025
1
1
4
1
19881
1
361
1
42487515625
281389933444
1
12974349025
1
1
841
7464960000
1650040442521
722626893330442825761
526886116
1
1
21904
1
50936427481
1
1685024505902500
3268864
1
1
11664
17154076495504
66796919401
11761402500
1
1
128215628218756
21609
1
1
1
25195530361
1
28224
4
1
1
114447204
17829192676
169
4856707994436
2096576577936
1
144
15655014400
1
1
131769
1
121
1
1
1119364
18609052225
1
5864190084
84100
48841
40633286929
49180158756
603665287681
1
4
1
1
23692858035961
2927521
1
1
1
27172856392081
1
104404595689
4
34579703963401
2653119745600
22886656
1
1
723932836
1
4
292991689
1
1
1
54289
1
115853405844484
1
1
108972721
5392053750666025
115519504
54346384
1
4
4276218681604
1
1
1
243049
1
43137628416
1
1
59950543104
4945879896302500
2515316700625
3941451825481
181764324
185309712348201
1
2861263591729
225
1
100
1
4
58266718225
191733620997681
1628176
54889607887507969
27557328016
49
6164514328336
114137892649
1
3249
159235476273316
1
1
1
13748974777521
1
9
1147041
122611329
7712578785409
1
144
4063566557241
27556
5257124436964
1
171450871905625
1
7461158884
7963684
1
239135296
1
42045420251536
1
148011556
9
234702798320169
121
1307818672801
14637128256
1
1
1
1
900
1095624851841
625
4
324
1
1
2418454199044
1444
341658256
1
2500
659000241
48297973824
1
1
1
3726614116
1
1
4
1
1285738281216
1
9120400
55465902144
337460390309025
1
46225
74763964900
1
225
35179121577601
25
1
1156
125818474681
1
1
1
1689966200169
190096
1210000
15653012544
5329
153664
1198405924
1
14400
4674136113463716
1369
13689
1028258868961
16641
312254239294089
16
1
15878772121
50183056
16
1
182817441
1892982484449
4
400
4255969
1
1
106031854169329
576
1
1
139370113582144
8132426731081
1302996585537936
18454135716
169
1591513448704
261533584
576
1
1
1760929
53145820453924
2859481
161080644138555024
1
22478705041
25
4
10816
10201
24730729
38025
16
674159229184
103551912194116
1
5507101985442201
4
1
1
1
1
178417142714944
1
23934490385386564
183806840529
1
1
25
1605139497481
1
176199076
1
1
196
192040366926769
1
32400
121
24025
95037174961
49699122489
1
17189316
229007689
23442365881
8640139928236609
1556062179878116
1
95111176801
1
1
100
529
4
2042521860055824
14343415696
346823131283344
6795906754816
1
34963569
289
9
1
1
1
1
1
347412321
1
837510504336
1
152000813557321
1
113569
1
4
126045529
4
1
383973558336
1
1
15238787808721
141276996
6318859780457536
759283934161
1
1
196
1
16
121
191820200906889
9391307346576
280119336138756
1
154306084
1
874680625
1070271225
2706025
2826623556
1
199656900
60516
196
144
1
14884
1
31601817361
1
289
1
4515625
1
43448484249
12394582112836
1
4
1
15116544
49748179849
1
1
1
1
165100005625
1024
2209
3375101760331876
29004474249
374158728571489
4
247181284
117137329
1
77832630225
77445324100
1
847089091992025
727974361
16
841
1
96029952769
8486693455249
1
115209653747776
1
4
61504
9302500
315475435584
130393561
1
1
4723609873761529
271679168532249
13364978449
1180010231530729
18769
36
1
1
7546009
635752670281
3205031769
12802084
144
1
1
1301509060569
1
25281
1
1
1
1
4
14884164
106051955211409
3861225
1
1521
390378564
115842169
67600
10259664100
1
1
156228096049
1
1
121
159831516717601
17956
1
488586816
2304
1
1350244
164382836088969
1
9
1605289
1272908552488336
1
1
1
16540489
49729
324
33261126424516
1107807414955081
275080319361
4
4
1
132440393475625
4055664321424
1
1
906424223334400
11343424
2163026142729
433888566720064
1
1
1
54018591561
4
2704
1
1
196012509289
398422318749361
1
400
16149568107064401
115016617881
625
289
1
96721
1
1
1716100
1
41473600
169
1
11611571049
186896241
436475664
1
44100
1
61402896
1
62500
1044905625
1
176331841
1381781442064
1
1094116
45181753600
1
1
4652787049024
2229049
2234382562793536
294607736267881
1
1
15544063219216
2857138967692944
15129
4
400
1
1
40000
1092025
8753192548016004
38416
1
413508849396889
225
4761
2334784
37150249536
1
1
1
1884426089536
1
140517316
1
124780383024196
169
484
847898340265636
1
21406908721
1
1
144
16785534481
1
23409
303675940624
6155361
1
1
122434225
650352004
1
129070934961721
1083718476324
1
1
1
39204
198352690083076
4
534620826053161
4
1681
64963600
1
1
14356832400
196
1
4
354576206077636
68644
557101609
538426080080100
195160900
1
1
2092107673744
360561819024
10609
588887289
484
1
225
1101261348100
1
8357881
9
19321
1
1
16129
1
9
1
224065811693584
2751806546449
203401
1
1
23409
484
28561
16
915667600
410079388673889
1
900
441
1
1
448207938330084
467553177588484
2511766412360676
1
14516100
2256797125696
1
2563201
2166198183601
5080516
144007032085849
36
289
315844
1
1376867560000
211408683264
1449629476
12254403395641
1
4
8149477663441
87025
13924
185243124264025
232932306894400
863041
4
9263409652225
4
1332606117794884
4
937024
1
1
53326609642802500
1
778098645801
1
1299410576886244
1
5280440922241
1089936
788860076742409
1
1
1
1
645464836
14972604608025
4
1
16
147209689
1669535331025
75367269961
1
1
1
167963751366889
6592970311684
2245527769
1
1
16
1
1
121
121
4
1
1
1
7513081
4
1
1
28900
1
1
9
3189796
1
4
4
1915456
1996569
290088172400625
1
1369
51905033027751121
1
1
1
80089
1
2530693636
62463557685321
1
1
1
275275383530625
372566185924
1
19231032976
1
20368142089
118897216
1
63001
1116352843776
5527901620201
302062314403600
413471556
1
942305809
1
1
1412632225
1
6041764
1
1
13647483062500
1
1
1
1
1
1
6990736
441
1
1
998981082782244
284765625
40309801
244359424
4
169
837005414400
2127331129
1
59536
3959495063104
1
139334416
1
169
4
3616192853641
16475481
13436750889
375390625
121
103480305565729
607169782521
405071735443236
1
244287178236721
74211350389201
132089049
324
12769
1
1600
1068533622601
1
26569
1
15904144
3436069924
1
13151273041
795664
361
9
1
9
1
469339641405504
15376
552049
1
3910878028836
1
2334784
1
1
8910721301044689
94090000
4
11881
1
1182259456
1
1
1
25
1
169
4
107584
441
1
8191044
1
1760875920400
290667105277444
16891940961
11025
1
33184087225
1
116769636
1
5329
151630433896561
1
28628305661776144
1378212604729
2181995756964
1
141657604
215179561
1
199785673317136
12559936
8076867372289
1
1129926480400
342102016
1
4
1
1
1097140548564544
1315693879369
15020463364
1312115266576
3499314025
636098841
1
15144009721
1
113414086656025
3694084
16788903184
10609
289
2088025
1
1
1038361
1
1
1
1
37249
1
1
1
4
1883371969600
4
169
1
4
576
26244
2506620399361
1
1
1
144
1
2762244
1
4
9047053456
46730896
109782882225
2211742642772224
4
1135997852224
2500
576
289
3286969000000
1
1876289029729
3261636
1
1
13569687121
14220441
1600
1
81717654769
1
1296
1
2116
393298228735504
2274977671119076
1
121
1
1
1681
163481796
1
1
558235129
96530625
1
134689
4
132779529
4
5478960400
1949558742756
1
1
1
47961
46656
24859513561
1
1
397045476
11992369
1
361
196
1
125316
15543855625
1
1500625
16
1
22467600
10404
1
1
5089536
900
3710880889
121
121
1
181640473249
222367744
1
1
1
1457759220129
629906843223025
151968193141444
1
170534999799025
72863176496049
1
51984
1
870489
14641
25175216889
7396
1
1
2421136
1
1418481
1
1
71495750826256
41616
256
1
361
1
409086880801
196
1
55813590001
2561289762409
9
2919361800996
27118514329
1
1
1
451987600
1
1
1
784996
1485961
1
1
1
202737872346025
2581443115969
1
1
31609995264
1
1
1
198862088811409
239289961
1
32198123086921
1
19881
64943935281
1
543917456473444
470664260260804
1
3813642651025
13377004281
7313498105104
113569
427340679728400
98208100
15625
1
1
1
1
420713673825636
1
1
22297284
2023213225609
1
1
5166529
1
484
407397045078241
28224
16900
1
10686361
314955476590225
100380361
240976838729390724
81
1
1
1
1
1
1
4928400
31228898089
1
1495628715681
4
900
125529616
1041036577344
1
1
1
1211899344769
298356529
7059649
1082804836
383161
1
11799225
1875713767489
21847204864
349063568997049
13062661264
9971620164
75030244
196
1764196229456896
2470513462147600
64
200882999822400
1770161064676
1
1
11529460996036
16
3025
49
121969936
4
1
1
1
24461272801
1
1
15347245456
1
1
1
1
1
1
1
2019701430244
4
1221025
1
24354225
1
1
282172804
12166144
109878424608681
289
4213308100
1
1
3347897235076
107735722494724
1437547225
1232111100025
1
1
187602631569721
256
172643574016
625
1
122733210889
121
1
5262436
1
27667600
4
27220563000794916
7756225
193697279445289
1
14832560521
1223236
23104
459143670259044
1
322023025
144681299949316
676
1
401228461753344
51018160384
1
10211909703352036
14579412982657600
139483375054864
1
19321
1
540748516
1
1
1
1032256
14003454810405636
100
49
4
3006756
1
1318226786456449
1
60377826961
1
203689984
21813222249
1
9
237127119849
13293316
169013962288369
225136190602521
1
1
1
3003040000
1
391927333681
1444
1
484
58564
1
1764
350658993743881
4
2472307216734601
2022618707344
1
2673407025
1882106866201
16
841
16613776
11106419769
1
1
668636164
1322642603844
360710460079641
1
144
4
1
1
64
172291876
1
303925109168704
268597878769936
912644100
1449616
8021968606864
1
1
90601
12840969124
21328849936
1
66564
1
1
400
6071296
326603328508900
1
529
25
1
1667011512384
178795356964
1
1
156725361
41616
387407734520976
79103236
40704676516
1
14826471696
1
1
1205019934756
1
1
13471780624
158404
268009641
1
159820164
313219204
136352329
1
28514331477620641
1
1
150038001
1
236021769
143641
1
1
1
20857136400
2201745533584
1
1
1
4
1
8994001
1
1
4701338418049
1
37636
1
1
962361
5654884
225
1
1
1
27225
1
1
2116
20295025
1
1
1
1
1
15062161984
5625
1292769
4088334373369
9
233886369924
1
181494784
1
1
1
441
1
1
2579890144879161
25
106276
1
1
14347008841
871159781653056
1
12315450625
1
100513978743556
64
450241
106733879401681
2709316
41616
1
1
1296
6771699858001
1
1
154412086702756
1
1
324
1
25
5437796876133561
87016740196
1368900
5119349709604
74620756224
1
13429564996
2224718419401
815806368400
1
1156973443129
1
338044996
1
5842614969
26640576425401
36909695362225
83192805178081
27811974974436
1
441
1
1
26569
4
17250458281
38609892036
1
1
1
1
1
1408855205478400
19166017165801
142884
134420836
1
4691556
1
9
1
13431651025
3364
1
1
1
1012639690000
60897129702339844
1
16892100
1774205352049
21502996321
1
49
275625
1600
169
1
1
1
152324964
4313929
9
120186338480209
121
841
67942592964
3112093304527321
1
77033447401
529
251589910435396
1
950954366652304
4
158664355209616
315427758801796
208022929
16120111225
1104432289
289
9703225
1
137609345951401
853340944
7396
1
47513449
1265610152422225
1
891679321
37636
114725521
1
43738703044
1
782376841
1
1
1
361
1
1
64
1695204
1
1
1
4
59536
1
1
4
9409
1
1
133718278850244
1
1
1049055286756
400
5365843312041
485283405664201
1
1
3080025
48826330157056
1
3437316
10925684676
994205285302441
1
1
641375137881
1
1144969503410404
1
211067694492561
1
1150155326323600
2035743972025
17622828001
268317274834449
1
1
498384148581361
1
1
25897921
1
121
4356
126585001
1
1
44065566724
1
169
1
12012598404
784
1
393067460713041
4
1
5253264
1
655974544
259789924
144
1
1022121
369550920649
2025
1
1
1
1
12476323809856
4
1
1
1
55987131456
3095604481489
16
81
972273719140416
112635769
1833316
1
3108708501409
4
36100
1
12769
1
194239969
1
1
1073719214199025
4
1
1286513424
367347247353025
9
40151743641
28502796117601
170293861009561
1
1
20356726329
6588842131876
3444736
9
256
4
1
4
1
1
2656900
1
7921
1
1
1
2951375990658624
1
137796142468704784
12602606500225
4
16
2452356
196
1
10122661281769
4
10243059264
240498064
96982416400
1
652802500
32041
1
676
1
1
2199289
1
6651241
1
1
1923827254441
4313929
1
1
13912900
1
127148176
24025
25341156
1
841
218801400211969
764743716
1
231070401
119716
15376
3168400
2271049
35721
2572816
1
100060229066121
935766576451204
1
253497028128100
22500
1
146689
6400
1
344882041
19044
7562500
355397904
9585185040025
4505286424356
2326982018395204
1
168921
4
7917272228693025
1783314526464
219040000
11075584
1
77667558721
13555944900
1
1
1
1
12769
1
4084441
81
361
18496
2202638248946529
1
178783641
80065229764
2526395807296
529
2223081
126967531032169
18156340607557156
1
1
341067024
1
16564900
1
1108809
3319684
1575025
6977073202225
1
1494131716
155326369
1
1936
169
120099439902121
702038016
1024
125888400
1
1
102811548997609
725763600
24025
1
93636
144
121
1
1208049049
24964
379003024
792009222601
14161
1
9694666867876
9
5103081
1
1
230923278745600
259697318226129
1
1
36
1
400
1
256
14161
13689
1
1
4
13225
1
16619077225
1
1
169
1
102267874366564
1
1
441
4
121
1
124935254373136
10523536
8494415172324
1
38425800625
1
1
14002564
6827769
3179089
1
1094116
1
55774905874201930816
15630250441
8381025
4
1173902907024
1
144
71485112689
4
1713481
1
1
2203490861056
1123407088281
1
1
124367104
81
1
4
1
1
228843597376
1
1
196
2362937724225
4826809
1
312278519331216
1
119716
18235402305849
4
1
1
1565547489
1
136336518800329
720439281
126476812008481
36
16900
44662489
1
1238769
1
1
73984
1252420621456
1
1
1
1
134487301021956
1
14641
1247552766828369
4
935136317842585156
262650123642256
24649
1
1185921
169
747510158159424
1
769525853028241
1057945959225
1
1
238300969
1
13988502529
24973480900
1
1
1
1288633632400
12397441
124047670753561
1
8333316369
1
20814698529
1
16129
26937343876
602826778505961
1229881
1
17424
1
2875771556100
1
9796900
4
2054030709721
21078924610041
4
4
29929
1585081
2809
1
4
205402898989456
169
1
1
4613904
1
400
1
1352569
1
1
1
2682217151095876
1
3401874069889
4
1
1089
993321289
25
9
1
1
1
176289138321664
217170912256
921600
204178363321
1
1
1
1733438193201
1
1
70338996225
1
5058001
224940004
9
6889
2073795844624
1
2601
1
1
1347921
1
2157961
148086432400
1
4
1
1
8195476303476900
144
1
7219969
494442275379364
208444236009604
1
17161
23409
9
8202496
1
9
437855625
1
1
9480875284609
1
4
12072917551095241
169
1
1
1
1
1
264973284
218776165895056
400
4678569
981500601788100
501509644036921
1481089
11567002500
4
1
37249
9
1
25
1
1
1
1357935743025
144
282792856070916
1
162880385251600
4376464
1
99225
256
1
2665347129
15129
169
1
24502500
263169
35250813504
1
14540265448900
121
1
1
1119364
19264225144609
1
21904
1
1117249
529
117649
1
611127841
1
108951844
1153476
522824440356
1476497172544
36100
4
1681
4
1
14362584336
1
1
1
1
471063616
62761272484
1197005481386289
366195629881
4680390423241
1
117872603317225
1949832420496
1
1
1
1
28740749881600
1
1
334926601
1
1
4
13887444025
55225
2689600
1
1
1
1
475585418342241
31922500
1
17493501169
1
1
1
240436036
1
1
34037142866496
1
1
78397902439081
9397296381001
1
1
1
16
549808704
1
1
1
18225
4
1656369
4
4730816401936
1
1
644753664
1
2627641
1225
1
1
1
1
121
1
1
4
422508025
126736
109205196116641
9834496
1444
1
3523372164
1
16
1
1
1
2025
164814244
4
1029388574455396
1
1132723847025
4761
19510072467328521
1
1
49
1
1
1
14258176
35609577025
1042441
121
81
1156
14400
5120739039025
1
100287626525641
1
14400
1
324
17096870025
1
4
1
63202965604
1
1
9
36
1
101124
1
1
11372089600
278856601
85948622639104
20759576329621921
1
4
1
1
4
1
48841
46026124369
4
400400100
1
1
1
1
225
49729
18568834050649
485661247236
32886371716
221034706279696
1
59526240400
1
96100
1
26152388089
1
28124631616
1
202310171122084
1
784
1
228553924
1
1
2608715983104
1
1710225755536
1
1
1
33856
3958488264025
1
257647955605056
959017024
1
1
18256913841721
11409657856
213014025
1
116343016482564
1
1
1
3018561060093489
568256441896900
1
37468957761
1
10609
129823213212001
413591250585249
1
1512900
10998975376
4
1
1
1314652575889
92246445841
1
1
1
1
1
1
123201
4
1
7686554929
12769
112270564624
16
4665709636
1
1
4
1
156871391578561
1
16
1181814674769
689745169
2076481
209924282247696
1
121
1
324
1030225
1
1
38809
1
1
352505813284
10404
1
85060305801
257442025
8493768161649
217916644
4
1664100
1
1104601
4
1247689
12123586878768010801
1297321
122850250000
1296
13225
1062961
1
1521
6132556960000
641166410557696
1127844
1
4929834224329
32118016225
1
1
39601
4
45264690025
162027441
112836082839489
177768889
796569000390916
1
12992808196
289
1
115408503837225
1
18101818849
1
4129044320025
1
1
1
97934573025
16191799009
12478148667341956
729
1
1
761950918404
4
1
113811536726001
65260322521
1
25988115405316
115345301651449
1
1
1
255995104023409
324
249956100
8747299167838009
1
1
400
1444
8910225
4
384865924
19600
1
1421488676644
1
1
269451272930841
1
47089
1
2365444
103684
5135881828114489
1
1
2654019938186761
1
118336
1
3602301508729
1
8165929196881
1
1
4
1
9
1
14460314339584
1
1578229388176
15705369
1
4725736863376
1
329567716
387006980835049
1
1
1113025
1
1744816441
1045746244
1
1369236980736
144
4
2812329
1
25563136
169
18769
9
33124
1
225
11747989321156
1
1
4010102370576
4
1760400893601
1
1
4177936
20736
4206601
1
4
1
1
16384
1
19036548729
217448746596
1
177555625
1
12100
1089936
85236995058600025
1
28514361133456
2229598457856
125260864
484
64
1
4778569768036
1
1
1
1
5670541809
15381952576
4592449
1
2812671118404
11881
3382020306729
782656576
339155427965929
64009
220760164
427290241
311204881
1
1510441
1
1
118954970595904
1
1127334297600
49
242181110161
1
1
1
4
239630400
1
36481
161984419836100
1
137898049
1
6086089
256
144
10144989414400
1
4251844
30127586329
158608836
1760929
4
1
4
3437642311744
2401
1
529
23386896
1442401
10816
155077209
235776025
7056
9
42436
1
168921
4
1795600
150096899971216
37499689442601
1
833536257776784
144
1
2985984
1
1
133956
1
1
3968064
104657646773824
1708249
2562789376
1
140896900
1
284089
16
1
3228037462276
1
145161
11881
1
1
1
1
1
1
1
1
558706539876676
1
1
3116969064036
21316
1
6697130896
1
576
1
1204670880625
12971843236
1
1546117133924416
100
571257801
1
3320890273561
1
1
42436
1
1
254021040025
1
1
1
1
11498145725571649
1
1
5717842222401
1
441
21025
78783376
1
35721
232181162450064
16
2752582946281
140014414225
23679717524761
73742661136
1
117983044
1
1
36864
1
4
69581222839296
1
4
144
1
25
1
4
1
9
1
25
1
1600
256
1107652584402225
19600
1
24025
144
1
1729225
48028914025
1
1888675752681
1
1
111135092295969
1
18769
4
13660416
1
1
5827396
101761
1
4761
3829849
1
1
2087250551824
16
1
1
265494436
4
605887345218841
1
784
36
1227398094400
1189598131969
1
1
12321
625
1
3991632380649
1
25
1684804
14481956281
529
1
147456
6007401
91366547202225
169
1
1444
1
289
34969
1
1292948652241
159614632324
29562675844
212176571303524
256
181284843210436
1
1
80656
10955808900
2594315833344
1
1
19938569616
1
163341614787289
121
1
105513984
144
1
1
16
1
1
120362841
217415025
1
1
729
1
40640625
19600
1
111556
27965143851264
642661962244
28783225
386587047741489
169
5654884
1
13924
576
49
4
121
1225
1
1030241240064
3025
1
67104312025
1
1
1
340963943413681
9
1
1
1046529
499522500
15311340121
1
9
1
228402769
625
1
1
1
1
1764
1
289986841
244771281748224
1
1
961
76331743524
20444424256
1
1
4
1
31569116329
11269945600
16382464036
1
1
2357738753049
8257036732036
121290926662656
1
225
12009329840704
17689
1
17309875489
3249
127238400
1005884631844
32761
1
36
1
63026604601
4
1
1
4739329
379158784
1
13689
67909232836
1
1
281769796
1
13456
6221876708161
4
289
4
4
1
3193369
279257521
2401
1
2553875667225
1
1
360128844197721
4464785904016
3186225
1
157251109401
5005421001
1
347355818161
1
1
10870564644
2623415132416
877996161
18815883241
4
47974448996881
3802184106561
196925089
1
174631216321
196
255413648135556
1
25
1600
1402665972964
1
289
265430009601
395612100
143641
9
400
250351123201
1
31945104
27225
1
6084
1371241
1
1
313902825593809
1442401
9
1
1
8399529669506704
1
207025
1
1
1
11236
266113969
1024
1280691761856516
1022528529
1
1
1764
1
1
1
125316
15376
5692996
1
5731236
21904
1
13225
1648656
1
1168561
1
4
1858772502618256
415466689
2116
19881
146918641
1
1
1
1
11808299556
2058246446281
9834496
48950235009
1
664458110449
4
1
117711020979841
11449
1
499981924836
2822400
212595675196921
1
4
93025
324
1573010114809
1715636291329
1
196
2805185296
1
1
28561
1
1
1
1
29428716304
1
1
1666270487281
1
1
1794763937344
1
1
143904016
1
1
1370628484
1
13007231754916
1
1
47839750729
1
1
374948888778409
1
4322241
5751406407681
1
1
1
144
9
1
27261312100
3721635155716
2421136
296321796
1
1
476318490377284
110972424579025
1
30215491847044
1
1495729
1
16129
1
1
616637979169
324
1055716807305616
17000769769
4
1
4018678788302500
1
38365056900
9
1
1420864
36
2053489
481275844
1
196
289
1
1667613232321
4
1
1
11664
1
16
1
1185149476
1
15625
1
1
2794333483876
4254145503364
121
13253765625
2531281
3366412652432025
6983197345476
1
139027681
114921
1
4
1
20584369
1
15161390300169
37415164900
9066121
3143986450641
18969001984
378574849
17424
256
2908187926281
41209406001
1
1
8576405102500
802137553253089
307363029459984
1
73157623687729
1435955236
1
196
232119607062784
15667779241
25
144
1
13225
261307225
1
36
1
1242844516
366025
1
1
54289
1
652097357222809
720385600
1
289
1
1
1096209
4
1
49653786031377025
9
6155361
25
4
128994123723364
42508955329
289
9
196
28162545489
221330752541721
4
1
4
441577520952516
1
1
1432809
1
1
1
1442401
12996
1
1794115449
1
1
1572174930496
171102514939456
1
615753901443321
784
4
8462281
200420649
1032745770081
89053531312334689
64720377604
36529530129
1
31787044
36
1
4
1
1
1
15854083569
326597184
1
1
1
614345796
52615184400
1
1
30976
2529683888004
1
4928400
1847881359424
1
727596676
1
1
4
12769
168921
3711560224681
1261129
1600
1567430652824100
1
3748823971344
12996
1
3626448400
1795600
900
4
19881
16534359396
1089
2443750562500
20377848001
2025
4
131657403330436
3025
1
1138638384900
324
27135972900
4
5966876112961
13046436841
1
196
1
1
266766889
2829635573873761
1092025
1713476150952336
4
1
1
195664144
64
110326279716
1
1
55398249
151191616
11449
1
2165662481161
31684
1
482065936
234824976
4016016
17578121161129
1
1
1
20164
1
2913849
15152625216
361
1
40424164
1
1936
1
144
44944
3291753433761
17024769441
3478225
1
1
24745806864
1
1024
1969054432900
256
1
1
4
1
116964
1391408976400
256
1
3454150099792324
1
8618151556
64931364
5234944
3546656928049
1
1216209267652864
11449
1440000
7871082747025
308158855238116
16
1257163440289
1
173378966544
1
808283834490889
627352209
4
1
1
7683834312729
1
9
691900416
4
1
1
1
9
6044907001
1
1
1
12769
64
156700324
1
1330661452849
30901069369
116467091328064
1147041
17742506401
8117974830436
1
1
1
21693460369
1
1
1
116281
239940100
3556577320321
1
113655300533776
121
102454884
1
441
1
1
1739761
3600
1
1394761
1
1
1734918368569
1
3959371693489
1024
1
16641
37884025
1
1
1
1
28980976644
3514260132496
196140025
1
4
4
100392764905161
9
1
1535121
2829124
1
35004539025
10120963609
1336523278561
196
48003495409
1
1
224280576
14161
224795416526041
1
18050856876900
1
4
13155129
1
1689785449
1
119797818957961
1437601
469077410658025
484
1
25
82944
144
10602460724164
31329
1
10609
1
1
1
1
2671260091201
1
1
1092486938841
1
104780445557824
1
1183744
1421224006801
58081
10784071455921
1
1
18769
1182712800676
1
1
1
10169721
1258884
1
1386037644601
1
1
1296
1
136843204
144
167490473536
12503296
1
25
703623529965409
642876025
1
1
36206382946276
18177241329
1
20492217009889
1
117215527398544
1
12996
140537263689
2601
4
1
1
1
1
5523825479524
814645764
10201
1
12546016081
10404
1
1292134631841
7656289
30276
1
121
3104049796
1
1
1087582008384
1764
1
1
1
1
4274734056849
121
1
1
1
1
1002001
1
4
1
11735388900
1156
1
4
1
444711884005249
9
1
119490258945600
363609
1
4
963667849
56353537321
88566950404
261075470308900
1
1658281284
23104
22565392243809856
110691441
1546200232369
137496754261801
403648281
1
214417449
1116986167923649
1
1482788419204
1
26142769
1
4
1
327268940011776
441
766075005363600
4
1
1024
10609
1
2368985800801
6889
951259436140036
259623677316964
322281019204
2477476
1290496
1
25921
1
1
59625022981710736
324
9
4
118071477244900
1
31937264100
1
37628618203089
121
1833830911855504
6955452914812164
1269448383204
1085764
135978921
782768484
1
12769
1
1
9998244
10447088521
165558814045156
16
1
1
81
1878749955625
1
810540900
2356225
102475857857296
1
1600
917764
1
1600
218626091720100
54756
1
1
625
16795735027600
1
27888961
10201
24964
1
1
4
1
371353480645156
15129
1842789960036
101002500
1
167281
11881
1
1
9
16
171138724
7595536
1
1
13927824
441
33621989769
57121
324
1
3263995062409
230239806059025
4
1461681
4
1
1
2815160488336
4511626333786881
432964
1
324
21188295844
134528473046881
147456
1
8113008058328644
30625
4
1786553024400
315672152137225
1
1
301057201
1448419471009
225
1
1736541492841
1
1
185292043288804
6661561
1
45859984
1
1
48874081
1
1
330766969
2240351261857801
1
484
187854436
25
4
4
1
6170256
27718920100
29111184400
15783600688164
40000
12029167319481
1280138370624
1
1
1
144
1
746395513657600
6180196
1
1
2371600
1
4027230185616
17348391219600
1
4
945378009
863301924
320002913344
1
1
484
1024
4
2812255212484
3649372170889
1
1
50568765625
1
1898884
1
718591766259844
16641
2181529
674881423110400
13456
4
1
1
169
1
2569476100
1
576081
5583769
1
1
1172351893504
18871615876
66961489
196981225
1
1
1
1
277038006336
1
1
1
36
49
1
11102224
65025
9
10441569856
26606176996
4
1
13279566169
1270129
310863117601
1
18671041
24025
12015009769
1
1
289
1114361030689
1
24407187984
1890625
519657616
1
1
12514578384025
4
529
136576669056844864
13155129
14881804081
1
12904051216
1576817649796
2122849
1
360126529
4
1
1
676
55225
6780816
1
1
40245968048841
1
1289768636395801
1721804899761769
324
1
1
1
729162009
1
15928081
235332566345809
16
1
13689
1
1
4
1
324
101288791081
42584456203520256
4
151677106907076
1
951259436140036
81
132848676
196
104257306321
31063357504
156150016
357685152704356
1
1
4734976
22201
121
1
27846729
484
1
1
1
1
37636
9
1
1498176
145799080423441
79448182583641
34225
1
5494336
15944365441
1
405114122737809
1
1
20194399449
423801
181844604690529
16129
1
385022884
204385368100
5776
320399940278961
9030662071236
6110784
1
162887889664516
246238864
2152089
1
199054597386241
1
1
227529
32312062296900
256
122744241
2170430204644
1
12803827716
192721
103917636
4962075364
1
1
1
4
19430173073089
9581416843322944
1
52884107445316
2480625
1
1
1
200191183416162436
25
1
1827717428761
1
1
1
24336
81
4
1
2571811006076676
1
121
368755209
6453169815481
112784400
108222409
15543107584
82455625538064
1
1734489
1
7535304992601
29608984832938225
9753435056401
12054632185500921
1
1347131635600
1
9
1
4
3780036324
1
1
1827904
10404
901869310224
1
4
42247894026244
1
1
1
1
1
36
423783396
377913600
1247461142404
1
186896241
196
1225
1
1
5303809
169
48614807994624
1
4
168742282327056
1
79930501828996
87254281
217701290127616
1
264095001
11009675329
324
1
1388379107025
14594982434244
214457133366025
1
121
1175056
29584
1538256170330881
1437601
1600
234671761
451307536
1
90620867089
1
184627480489
13344409
50234705161
1
1
1
8876669431876
514089
259876517110596
1623076
1
144
1
6847003755684
16
1
625
178620343225
3690241
289
1015124761156
565440841
11881
121
19321
382010524900
18225
1
1277115229089001
2209
4959529
256
1
144
1
1
1
1
159740904976
900
1
1
69445659635397136
1227451225
63504
1
1
4
9
18945870736
9
4
935503396
109537156
11025
1
24298886161
241367296
1
1
1
1
1
1
243172836
181274583630625
1
1
1
1
1
117558938851600
12769
4021589056
1707365582244
1049528536225
319493424635641
3541924
1
1
324
1149184
18225
1
434138896
21316
28839851329
765794929
3769682415489
2238016
112703218369
14641
2283121
1
1225868994057744
1
1355678320896
1
289
1
65434151601
1
196
244677106896964
32844361
1
144
1
19190006784
4
3025
2908119713041
1
1
377800934158404
1
27920656
38068900
3969
1
12544
12617295845067169
1
4
1
4
1
169
166466171339329
1885129
1
1
15466901956
1
156025081
1
395641
43281865299929481
805651456
1
31659084900
157628025
187580416
27303362968644
231891984
1
2113243690000
324900
121
1
56169
12544
1
1149184
1
1
183454509633444
1
1
629477038963161
1138489
10319512225
1
81
1
1
1
4
3045258834489
1
119639844
256
1
121
1
1
2194060087696
3201855733129
1
324
4
12602756644
1
96200466244
217976934400
17956
1
476505241
1
187991521
25
625
1
2480625
144
1
9131939887481856
1
1
648669961
523326611526889
1985281
1
702244
1
13924
1
1
16184529
1
4
1
4
256
474721
1
65642404
1
1
57121
4
3052009
121
1
1737685513369
262482510521344
36
1
2973741598116
13691953669696
1
4
29695905625
2500
4
23409
148884020854416
215208900
135839025
100
1
48400
1727910250000
3495897711497689
1
1
1
4331901267684
1
1
169
196
542424100
42025
1
26052542464
996004
1
870296492620944
4
6951675379609
16
1
1
1
1
4
1
1
82944
1332212266225
539150964361
2505102601
1
1
1
1
4
37636
1
1
1
1776059970721
10404
1
1
169
1
206857169200900
4955076
1
4190209
1
1600
39782260353124
9367142656
1
3175755664225
625
216462864506329
1
1
4
1
318151077504100
4
3469210000
127441521
23900232409
963020344896
42188749201
1
9922500
316270656
1
1
1
3290679444529
1225
1
12769
1
2169982363396
3290596
169
431185225
60025
1530169
1
10809826108900
1
1
121
1
353364804
37249
1
1
1
81762827364
1
1
1
4
1
2451663876841
1
1085764
169702729
1
1
2544710896225
4
256125391350724
1
4
1
777924
1
62001
21025
206962214761
3323329
1
1
449440000
1884500218441
3000627701824
245828547721
196925089
1016064
196
1
214952310207504
1
1
1
4
138376560100
1
1
2147117569
167442098963364
1
1
122170909079025
9
3825936
12961822500
1
1
12431358016
5329
1
658127716
1335537025
4
12293709129
122760993019536
1
2849122704226276
303765160899600
174124967792164
364848201
163320323139856
1165320250000
1
1
5007762266809
1
16
1
1
1
225
389680865392896
798797169
312370276
3186681976384
2588823076324
336869316
4706646025
9
1
1
1
1
10201
1
1
197136
1
3937311504
1
1
1
1
1
198550448100
2730177905625
4
1
1
1
11881
100
413837649
121
152036421393025
22339487296
6438366929119225
11000653456
4
3496900
1
188552828954116
1
10750348838164321
1
11881
1
1
1
1
1
169
115355225526025
1
619512100
1747684
9
1565163634225
1
1
118853604
26896
1
1
19881
1524664361529
4
1
1
101564330435569
583029316
1
1
206008609
1
1057255269073444
2311686400
11181370564
1729190810169
1
2712609
1
1
1
3356224
457712072143789369
1350987951500944
1
16
110576200900
62504836
66048129
4
330062234788225
441
1
1
2304
307581444
1502036531776
1
1
1
1
9
4533782215824
142516065169
1
1
1
289
16048036
1
25
1
18384376921
19321
1
46389721
1961543103601
1615504550625
19586282401
38468545956
4
1520289
6875061397680100
31684
77284
1
1
1
1
121
1495729
1
1
1
135536164
2276106506439364
29241
576
1
1
111907179947161
1
289
1
524176
123080164222500
1
1
1
1
349154898661969
1
1
13428637924
1
2393209
529
21565803609
2367403817769
29170248849
1
529
11016601600
1
48400
256
1
1
22039480849
16
1
1
103611165607849
1
1
1
1006703195716
1635841
51529
1692601
18836464516
19368801
15376
1
516789289
1
4
261121
9
1
196
289
1
973939264
1521
4
1
130321
11025
349244932105216
30367538955625
4
4588102566265156
1
20736
1
19175879529
4
1
32581333009
9
2147673649
11449
1
1
1
1596961444
1
6482116
1
1
16060239441
256
1
125298300625
1
784
1106704
16
1
1201216
1565001
15876
1
23716
109809441
163576093557969
1
931531441
1
121386628353600
169
1
12996
1094406807321
12738343442632900
12670794875236
1
157609
149920898919961
1708526095236
1
49889242881
303890138678025
4
1
144
1
1
8281
7569
1
32917933489
69186885156
3413282115049
9
1
31259940741481
1254019228900
100
1
1303928758609
2682857271249
167228244168976
34969
11236
1
1
445632100
4
4
55927993081
1
129226217508441
1
9
105625
6657091281
225
20452020356881
36864
1005487507600
14837904
1
1
8076964
4624
1340290128681
2500
1014049
3721
1125935332201
1
1
384044211926116
196
1
1
1936
1
6053094719879769
1
9
169338169
1
10390739500089
1
1
1
1
16384
8620096
199120321
317552400
1
1
1
1
2013047689
16
1
1454436
784
2359296
1
625
1296
1089
112444816
484
8464
257848251983716
487217329
2026947316681
1
15457700241
843429171456
175085824
1
12544
2883204
1
43264
175023136396161
1
130393561
1
1
50028559709569
10196758441
1844187136
33792365929
4
1
1989554818789476
1
26125549956
169
1
1
1
1
1
13177662436
8086145929
1
3248281685401
1
1
29062407529
1227664
1
1
1
12201049
2064969
1
6295081
335071597211521
20028759529
1
1
4489
1
1
4017707554084
1
1
111154849
9
1
25
65017350225
1
1
45676665841
1
1
1018183920601
1
364695409
1
205620916102144
1
177524429378790400
196
9
42091446244
12946115961
4
11449
15437041
1
4
1
1
558329641
1
1
15250027081
1956459600225
4170736048644
4
366025
1
1
53824
1
10819073463696
3774739951161
1
618824281640041
25921
1
39158868996
1382976
1
2259009
1
1
183304521
1
30924721
126736
21742977025
1
1
1
1
11492100
58081
56169
62374802563984
329749281
1
4
391723264
383337241
4
1
215133630625
1
1156
1
24025
4
1
1
561001
122877225
3865156
529
13402921
1
2054294424961
4
25978025329
1
4
187251856
16722627856
3222861524289
169
1813606276804
55257041186064
1
11467772688100
1521
9
1
3382343983225
7828804
7439507182116
440118441
204661636
1
1
1
784
9132484
1
102131236
67782289
1
1
1444
1
1
1
1
14884
1764
1
1
264539132386281
100
220849321
1787569
1
748225
1
6734025
74632321
9
81
1
1
1
23128630561
22460717161
6270814889579529
967489298160100
1
1
18896626225
1
1
453754924722576
18225
4
1
148612239998244
1
529
4
13225
1
1199025
36
1
1
29987502561
1
9008074952552641
1
1
4
1
779693929
1
22801
1
18651364900
121
3721
1
384238404
1
1
351184901445184
76523603641
24025
1
1178184335364
1
17789904324864
1503094212918081
1
1764
1
1
576
1
1
1500625
10080561604
1
1
1
15731179776
9
1
1
1
14400
9
539772289
106825020113161
1161028821220129
29929
8603952878675025
324
1
3602404
20164
3435206471761
3873024
15720645924
9683150409
35931098025
4
153660816
1
1
1
625
28900
146313433728081
20694261025
5007807022969
324
1
5260045923441
1
1
225
144
1
350513284
206719781329009
139651226377744
1
145924
1
1
411724681
1
31684
1
19740249
1289301204676
233661796
1454436
1
1
1849
1
1
1
900
102515625
529
1
84345856
1
16384
91743563664
785221331283601
4368555631881
107039716
1
1
14416324624
2592492854884
2604237475225
144
1
39300361
25
4
1413721
1
1
441
2889561416641
1270129
4
1
1
5447556
2226064
173762039425689
3763600
1
13050878760000
4
1
289
12814240000
1
1
10404
121
228746975625
1
1
11881
1780076298025
169
1
41525136
64
5678689
1
4032955601284
1
26242475353081
1
121
1
1
1
1
445973133941776
1
1
161699690161
1
232415543722761
1
22420225
1
116998835560000
1320959170380004
4
31219429879225
1
5602689
1
12931216
1
2087676710592201
373920020100
177342489
1
23136100
724086046869409
1
5929
1760929
165971689
523741075452100
1
1
7210755531225
1
24025
1806588680836
1
304886521
4
44631111145104
4
1074199582096
1
1202057875456
1
1
1
168922009
159239892902841
1
1
1
9064952769636
166100544
1
1
1736388900
1
1998123602500
1
1
1
30749025316
225
1
1771353370084
58129210000
5041
34077529201
790733443920289
1
13688766001
18662400
4585244707369225
1
1
27556
62500
178287573838969
12782119393681
146770753550404
1
6724
16702977600
9
623104339595364
1
4
1
1
121
1
1
1681
1369
1
76467181729
18335326464
1
1
14161
158404
1495832976
49
1
1936
1
1
1
29533333753764
1
64
1885129
84474481
1
543248319905344
1
30754755215809
226879207500100
188944094329
1
1
23123155969
64
146119744
1880534933568225
1
322273155073024
1
3117760055524
695702765887684
611498976256
1254330880573156
10142705521
1
30976
137699475949764
3028536192361
4973916676
1
6305121
1
1
10816
15826898025
1733140654144
1
1
141310231210404
13689
2918376484
3781978662361
4
1
7604743828900
841
1
1
2344089605764
4
1
994951764636736
123010281
169
1
4
1
1
168298729
1
1
9
85141404100
9
1
159109363188736
32041
1
156922145956
11755127335734225
1
314956009
12100
378419209
2658126620622529
105625
4035171529
7420176
633679929
104481208776025
1
461922784927321
1
19848019689
179467498316304
1
1
1
400
9
196
1
1120926152644
4
1067431983556
157040096286096
1
10363625621987236
1
648297352115856
1
1
1137851023401
4
403487569
1
42436
42025
1
42110733681
33893178201
194610675609
1893376
484
73441
1
16016674249
1
1
3668646401699904
16384
10609
227949604
34969
29789764
172134400
487445537929
5299204
1
3869089
69754620321
269060705424900
1
67106384401
361
1
1
1
181252369
1
1
4
112805641
1
173889
17034165225
1
1
1979649
34344984976
749062161
3713329
1
196
1
5383713200089
1
1
1
1
1
1
1
1
784
1
1
265884951148441
48731004001
1165827670225
1079521
100540729
1
1
1
1
1
1
1
1
105637284
2051858614122916
16
208715809
1114892100
16
7732798585681
1
2278949525161
165649
1
283833370496025
68805382599801
1
1
1
1
1
1
32087198641
1
38732574602500
1664100
148949063571961
14295961
1
4
2288349027441
1468723424281
1719237572809
1
1
255992640052900
32638369
1
21316
13625425984
9
331713369
1
1
1
1
1
794034568747161
1404225
15876
1
847809472340224
6163977121
229160618354704
121
107640625
1
1
121
242642929
1
1
59312705764
126357697919236
1
1089
41301213529
1
17424
1
121
144
144
1
10150596
242269225
961
103754596
218366486209
1
4734976
1
4
1
1
291870060482025
10695075889
1
12069219600
6081924752996416
41246360464
126784041864964
1
31011210000
1043133352921
9
1
1
3412312225
1
249134656
1
1
1837665424
769737758409
1
1
4096
1
4
225
15782429811115881
48400
1
961
1
676
41616
1
1
1
1
1
12544
1
3554499923619129
1
1150608056896
240452193523441
243343027495936
1
1
101816394148921
493639524
9
1
2949692896089
1
1849
1
9853321
1
1439308882944
43534405201
784
144
1
7927879291201
31640625
729
207646630182601
1
103760442846369
1
1
9492381396895609
297187292852641
330548761
4
1
1
1
1
110102209561600
5184
4
2209
1
219024
1
47972468078656
81740047951687225
1
1
1
196828871716
111788329
1
194267844
4
361
1
1417942719076
1820416195984
2233833422321809
1
1
1
20137312836
373726224
64
109785403489609
4787344
642281587725625
1
27556
136161
117914601604801
2511412996
9286984161
168871246532209
256
1796968394360896
3090564
42230250000
111060382713361
1466785009881
10546468416
1
225540324
1
201242596
1547725093776
7203856
312127376434129
1
1570009
361
64
1
5670541809
1
1279161
1115136
7814289114025
133079296
1
1
3910376089
19847737924
148636159039449
10609
1
1
413836957338289
1
3577325869924
7518564
849256164
1
1
484
1010025
1
729
1
1
196165711010889
131446225
1803649
729
1
1
576
12320778001
1
1
9
1
1
1
185707559844
90117038025
1
1
1350694893636
1
1709284909563001
1
9
210224509772641
1
1
1
1
1
394260736
1
7921
123594092474944
841
1
400
1
1199285624161
248031001
4
21222079684
16852453489
1
34225
1681
1
1
2500
1
1
1
41616
7921
1
4
144
392911684
1
1
16900
944148529
1
1089936
4
3149117689
213861376
5294601
10942206025
1
8502239539600
1
4020025
111907964483084484
1
7921
1
32273044609
119597452067844
111444801654564
1
15129
1324801
163332438504964
1
1
1356700800625
1764
1
1
1
1
1
1713481
7986276
1
1
139310809
1
4
1
1
14760641273764
1
361912576
1
86327366462366481
1
252798789681
12623196609
3600
1
1123600
1540484001
1
261274896
1
6351791116176
81
653109136
1
4
1
113367116935913569
107246736
1
1
1
256
1
734807014440976
34440307561
1
658812958691904
1
144
21629290761
1080903312225
1
189502756
4
9
1
4215001984209
112826884
1
1
236975236
113976976
11513504601
390908416131216
150454756
127449
4
1
1
8649
356707625757025
1
1
1
1
222784
34297928809
390626250001
28561
5974988695641
1
1015922884900
1340964
1
1
1
1
4
1031308996
1315609
196
699435398879281
4
1
523532610297225
1
625
1
256
1
1
1161650889
160945455399184
4
21949904025
1742400
1
5364152452096
1
10858682025
625
1
173527929
76317696
1
1
1
1
1
1
784
4
1
281299984
1
1
20391844527289
4875202592667801
1
100271564117761
1574480377089
2373443524
10816
1797173504569
1
1274641
1063086025
2954218438656
1
123849232365049
2083963636836
1
1
5968249
1
1
26590595752449
1
116510436
1005383439359524
9
1
5712100
1
166539025
28383488676
1145242425600
1
1638400
25
4
121
1
62547008836
1
169
81
22921657201
618417424
822943969
1
16384
1
1
1
1
1
6400
1
1964325583936
17214201
10201
197990291521
20292002500
625
1
1
1
1
1308992268544
1236544
1024
9
931897729
1
1
1
2809
868624
1
1
2002225
1
1
1
1
39601
11768995225
1
30276
102353689
10816
1
1
837225
1
3405656164
2209
4
144
994009
105751585706481
1
1359556
4
1
344569
783776016
302412100
1
141372100
2099601
17358222342400
13202009770849
1
1
9
40456092769
1
1
22201
1
301401
1242990861025
1453317047296
1
6084
14171235849
1317906296001
277944547245561
1
108900
1
119100684382276
1
20449
1
4
180418624
215187599687076
16004488314721
1918948038121
1
186950929
121
4
9610000
1
1
1
28224
13721545321
1
1
15876
1
10368400
4
13390886961
493333718387689
1
194964636304
1
16
9
5351602102609
21120017305104
34922265625
3612565455625
16646400
3364
1
2504581296907264
1
4
48008315664
1
4
124810291225
169
21902400
1415657354596
37249
1
1
9
1
1
1
1194048025
6558721
4
1
103002201
1
196
163942416
1
28900
228191236
4
289
1
29235528256
2085136
1
1553794659169
1
1
1
17552540196
1
708075442237969
10580796769
1
1
1
1258884
18507204
1
1
1
9
29778849
1
34225
1507984
1
1
198606596409
4
118035534969
567154225
59049
1
11025
1025099550784
2560000
2500
784
75819274609
41209
1270387235970064
10843265161
148025912228100
1190775359417918521
1
1
4
59587739236
84433249476
1
4
1
1
11198968548196
1
291965569
256
1
6645491073225
1
1
1053651600
2081178431641
1
1
81
3492219025
1
69169
1
48072742746720784
104639437752964
144
52916101225
4
3081384857509729
1188100
12769
1
225
1
1
11149468995374116
1
1
116337796
1
1
1
1
26780667904
204383559744
8503056
1
127750552577041
447974580468100
2576070025
1
1
1
1
12600725062500
1
1
5237987482225
526473025
28709235844
4
1617984
268324
419707581138756
16551593773225
21429153769
13244787396
22477205776
3145527225
12881342016
1674436
256
1334025
1
1
1
148487677544704
1
1
1
4
1
1217242321
100781521
1
1
289
1
1
33124
3222025
201086466806016
13445098209
287653947012496
4297551900272656
1
2199289
191844
1
332727477790761
34734355939396
1
13456
1
1
929971189894041
464531809
4
409600
1
24388940282256
169
1637307062329
1
9801
1
729
1
127711887424
116964
5212089
1
1
107264259067716
1
12371314874944
144
14925508900
44886526953461649
1
1764
1
1
4625488983025
4
1
3321105312100
16384
100489
1
2114116
1
1
1
483516121
1303490307025
2615232340224
1
1
5574321
374676203664
1
9
1456974530704
1
7107358717369
529
1
1
24096973824
559417104
1
93636
16192817001
2319529
176172529
1
9
16384
1
38273053225
150111504
1
1
1
1269898339310689
49
146101636737001
4
162656532093969
4
1
5888426385664
7649693892864
161570004018361
197936761
16
543575142831204
38416
18147536597860849
4
121
1
6507871408809
16339486276
540357779886409
1102500
1
1
1
236913664
1
64
1
1
1
5627109855409
1
1
4457298169
3265791381292609
15023404900
16636098361
191454100849636
1
14775131809
1
38690496601
484
370881
25594240324
1
1936
121
1
93576033604
24498510400
1
49356708837489
1
169
9
1521
2019269420100
1
1
1
28224
324262096983841
1
1
1
216737284
4
4
10336382224
1
125993171710224
11449
4
169
1682209
4
2809
1345798909857424
487204
293770504036
1
1
1
1551053298295396
1498941974333584
121
1
11236
66564
361276997114944
1498618944
492262969
1
18095580132100
988036
492065772676
1
121
1063999161
28214592784
1
1
1
9
2764750864516
864242404
1
12582315688336
1
1
1
1926544
361
105657841
114896961
1
1
1
1
1
1
259216697643264
1
1198475161
1
1
92416
11881
21904
841
1
13168939536
1085245146001
1
1870116420484
1
36
2424249
8657141059204
2928324996
23716
1
209294089
1142761
1153476
1
38025
1
796942328847889
1
1
171201497191201
1
1
1
1
1
2304
1
7193124
4
36494357595136
24025
1
1
4
1188100
440116888555369
4
29385502084
1
1
167390990093089
662589865754041
1
1
1
1
1
1158367875625
900
696009924
13924
25
1
1
1156
4321047736369
324
227437425216
1
1
55696
1
1
1
16
129738276864
289
1
1
4
1
1535121
1600
409359395344
1280760733849
1
1
1
1
1
92030929956
1
11664
1
1
21904
1
1
6761736911556
3364
4
1
9
361
1
10189691136
1
346443769
2372124618709444
1
49240941409
1
1
1
1
1
324
2149156
1
1
162854216704
169
1
1
1
289
411523175449156
9
1
318235094331025
1322500
147598201
1
1
31939766089
1
21025
3374670472183396
2916
1296
51507664209
50534127517696
1
1
1
4
1
39601
1
615784225
3956121
1
1
1
4
1
3182656
1032256
1
4
9
6517809
1
1
4
1
4
148225
1
1
1
1450374619225
1
1
49434961
1
1
1
36281106576
25
1
39655544769
5854619015424
2323697799424
320445801
192071881
1773917653225
1
536673456400
2343954876004
281763685929124
1
15342785956
13225
4
147310116100
12835108742544
312264241
676
10291264
1
63504
1
1024
221473924
144
1
1285724449
20736
1
159072457186449
1
1125721
1388449805625
3313492090000
1
4
171714816
1
4
2497240630756
66145689
1
1
3668779776625209
317338596
289
8208225
5309024273424
189638210104561
1030225
1
5990877931129
4
16129
1
1
1
1
324
81225
1071837807616
1
1
1
1
1
1
3763600
156000100
289
1
6565330044100
1
1
4
1
86044176
1
2198447221310404
841
289
110733529
55508302404
7468529245321
59049
2850004990451844
3969
1
1
119880601
1
647906116
1006009
57600
4
4
4289041
1
3025
16922107225
10104585070441
60126472849
1
1
4
104837121
38124124516
4
8354142801
87616
137338430464
5234944
1296
1089
141310564057744
1
361
1
1
1
1496529225
730764328218409
1
1
1
1
1
1
9
1
101042704
15625
1
16
95801392324
465159464676
820823187600144
400
1
66049
368449
1
4
18914775961
119311929
4
30033583204
16129
570025
14808212721
3039994499364
1642761961
1
9
1230776684210329
1
3536428989565924
133323925373604
120840420649536
1
1
1
1
1
1936881596340289
1
54503104681
32934627441
1
1
1
1
1988105640004
12198539809
1
361
1
15228300409
1
9
100335861534841
1
1309416898169956
184400403106921
1651345792209
7160521087225
1
4
5776
1
64
11336689
5806866145536
361
1
1565001
169
5470921
256
4356
1254400
14546596
39564100
1
12445856721
922428315965025
1
5212089
3003478416
1
196
1
1
1165711057385121
328479376
144
1
1444
4
1
1
1
1
1
118135161
484
741263026013316
1
1
1
144
15376
1
40000
11968360000
12981609
150970369
1
1
51529
1
122497281486801
280663009
1
1
443144601
1
1
1
26244
417482684641
1
10423309105225
2226064
67916008449
94229966961
1
1
4
1
225
48841
1
1
182763361
4
1
209520964075921
324
235223569
1693764293809
1
1
290702500
15511457025
124255609
4
10150886313082449
4157025625
25331089
4
1
9
172435241731600
4
1
1
9134786909161
1563807025
2321601489
35900396676
484
145066318745104
1
9
1849
53047302400
1
20749826304
61199329
1067958347655424
4
1
82944
275652300676
1
8596624
1
1
1057425569344
3572100
1
69455556
1
1
7182400
144
1
8779831234084
1
1
1
1283689
1
152601871423369
1
1
1371241
1
6791058793156
10609
120409
1
4
1
1
11664
1
1
1
1
1442401
2821748197636
1
4056196
14248241956
145924
1526510924806921
216211050225
32552536263289
4
53824
1
1
5909761
1
2073527296
30517294864
1
1
4
1
1
3379445689
270393760036
1
500301119577744
215649225
326777929
1
289
1
4
4
1
1
11236
1
9
1
196
40804
43264
4
1
41209
1
1
2391059153025
15127278049
1
13384870249
2892502941696
1
1420864
17968330116
130160238270841
1
108532952947225
121
1
1
1
1
1849
121
1
2328676
1
4
3493366593025
999713986008516
2976522067600
1
4
1521
1
1
157653136
1
1
13208827016025
4975929409511824
11236
2510310609
1016064
1
10875778369
279666990223009
1
1
1605289
1
1
1
411318961
156460771031184
1
4
1
25
1
263169
132791651472676
4975999667866756
1
1
34389106249
154506913666561
256
166168908985104
50665924
4
217943659297225
1
1
647914566755556
152462114478025
1579787554816
3368450891556
121
120409
1
361
1295044
1
1
4
65925697600
1
110040100
17689
623700676
15405154003600
3905888174224
104517717264
1
1
1646089
4
3237678416025
1
119268241
1456849
1
9
1
1518171443881
1094877620496
37040851600
7851204
1
134722449
1
1
4
287302500
18481401
1
1
15625
1
1535121
1
30625
5208409453636
146481011408356
1638400
20736
1
1
1
1814409
3166100657316
4
1
1
177390065329
2047761
212297780075364
1
120890025
1
451952331076
53181433321
324
1
1
17100792900
1
52900
1
935317225924
1633284
1
89536199076
18147727800225
1
17689
1170724
3364
1
1
23588943354025
31152250000
841
184638010656649
98049029684841
1
5456190550801
1
31840119844
33124
15920130625
2013561
1
1
1
1
44633745289
1
1
1
3837195183376
1
601414265015001
462821696100
1
1
16
264192516
1
1
1
1
1
912704521
1
1
1890625
1
1
1
24751470276
239121
14161
4
9
1110916
9
1
1
1
3572100
121
440360978409
61504
3475428062500
7545681108174400
1094116
133194704082001
1
121
1898308039681
238177489
233122969773225
729
4
1
8968515583504
9
144
246961225
658647260687376
1
49
1
9
117614784151225
379456
1
196
1
2601769
1
1
4
1
4
9
484
43681
1
12059993124
64
1
324
1
132496
1
15465297427483401
17689
11317980996
1
1
3877801984
7290000
1
6213817519009
16
9
3984016
5041
1
349699649266564
1
1
1104601
1
458369387850969
108391086498816
42175193956
175138756
4
1
36481
1343281
1
1319360329
6275706378496
32815322500
10650446401
279825984
444029184
19572569604
1
28224
1
190164100
43332667225
13675903579872361
18413133025
1283689
7703550127729
1
208542481
1
5712100
1
2219606407064601
1
1
62130049081
29517489
38047233249
1
4
717364335860964
14309183641
3568321
1
9
1
1
659344
431649
289
49193446550416
2500
49
31329
1
1
1
196
183184
1
1
317528913674281
1
9290304
42025
225
22869178601929
1
1028196
1
1
1048576
289
1
288712635470116
1
1
1
106543684
15876
7200540736
2840027116644
7056
690437004764224
15082145780934544
1
1605289
53015062500
127843432704
279060933983689
1
10816
2163841
1
11025
19881
1
1
1486256704
337273225
1
777071376
15625
4
1
17161
1
1
16086609889
1
743038197660529
1
729
1
1
27556
752699527036900
38263923694656
4
1
1504964632900
257643547396
124150804720804
6400
2340900
1
108908634964900
2111209
7601049
15625
324
13856663782116
8392609
539086343642289
1
13924
10222018816
6200988898264164
1331413669161
1
1
2588881
9
1
1
59049
26950475556
1
1
1
8649
18180339963229081
1
235376964
289
207648100
1
1
1
16
4
9
1
127644804
1
26569
1
1
1
1
1
1
1
1917214083225
5396253183129636
1
3122289
22221268624
34969
4
225
11246411623489
1201384921
130971544718400
128992647245049
4
1
1
3988009
7549350769
2574040225
5253264
1
47961
1519521167633296
97638666787984
147624030903969
17355954564
1
225
146753351056
1280852521
30149113225
255025
11449
8357881
1
386554921
1
3422788606084
640086508604761
289
1
180462629915044
30134876836
1
1
1672492303885456
1
1
1
144325551792249
1
1625984569881
1
1
1
4847222884
283024
1
1
9394243390009
1127599753225
1
14985941684224
15625
4002820497025
1353404474513316
22801
1
1
169
1
1
14178139259769
3538232478361
60956088123844
3592450181376
52332361960321
119105093406784
1
1781363571677209
16657257969
18496
4
394671464995600
2025
1
4
361
1
344779573834081
1
2749582442204521
1658944
42849
1
138203536
1199128649062969
1
1
1
170919147696025
9
313042249
1483526436001
109767529
1
1
4
422960356
317190828261904
1
1
9
20520900
2170311299560000
1
59049
12733768336
1249979900625
1
4
1
650690675716
1229881
305201002500
230939159213199616
23532201
217835025984
1426729913764
1438381476
411434692525609
1
1
1
43871397025
1
232831374168969
146361604
1
676
1
2634129
17424
332369361
868952484
176673946276
138379979304004
10816
226576
111236150391025
68616754704
82369
98346889
1
1
25
19678096
1
729
1
197136
256
1
1
1
100180081
1
1
40401
411116176
4
1228031883556
1
4
1
2689921449604
1521
1
1
118915033803489
145517102924209
1
1
1
2500
1
449991369
191241241
1
64
9
4
6538249
1
1521
353568829337476
4871760804
1
145747332727396
25
1
1
20082148278721
1
352108073998849
1
38892572944
1
1
1
423289476
15625
22175975056
132568511545600
16
1
13322930625
1
130919364
9
4
2595092243041
1
119889062500
1
1
55225
1181365641
1
225
1
3515407503364
1936
4
144
1589314699764100
1
1
4862025
222636241
3165107855625
878555659969
1
4
150356644
1
12955220041
104136044955849
400
8428105734400
1
2370034489
1
196
3147322201
1
121
1
66685831696
1
196
19600
28561
1
1
25
281367076
4
1764
172397635280784
4
1
1
1
1
1
1296
1
1
78149984701504
78400
4
5769877831249
9
48245243904
16
4
4
1
411047727073344
221898859912900
305131024
24964
1
56108803717561
1
1841449
256
4
1
188583918247396
40401
1
1391696808804
1
1
1
1
1
1
1
1
1273362843324100
4
180935803732644
1
1
1
962913341414025
1
1
301401
1
1
35776587609
4
282240000
1
49
30322731665664
1089
1
28776830275216
1
1
14495279889359025
7396
859476521248900
7182400
117072400
1
1
52245616329
65025
2358122641924
2405601
35438209
1936
27126090000
1
1156
21081588025
103683356001
1025360785201
3863638396996
1
21709370281
1054375741584
1
1
1
1
108266376542769
5184
1
148089331286416
36
10772961563961
145564225
44944
217002361
225
1
1
441
1
1
21609
646163385025536
2119936
1
1
345179241
9
31329
1
1
25
51213373947904
191113897116025
9328595775625
1
44998288384
1131460551096100
1
2189936933684644
1
121771225
1600
1
125686521
196
8375236
4
1
15598261449
4
18496
1
8898289
7109862400
1
11025
97969
1001849104
36
719044225
1
25
1
2890000
1
1
1
128605602074481
1
187042686086025
1
1
218971587136
1952447290000
2490084
42849
1
1
12942020169
1
1
289
1
1
4
649636
1089
4258007488036
222903168123364
72564506884
1
1
1024
2019241
1
4376464
326624823121
1
1522659749521
1
1
1
1
5774409
1
11594025
1
1
4
2401
155550784
296059306227876
1638272002500
4
1
1515361
1849
13417978896
165469154841
1
174200349456004
177565112526736
149330086364761
225
1
15032966881
46034935859025
1
1
1291539844
21904
16641
1063933924
466819236
676
4
1
138617303752225
473758756
1
1773155896801
1
4
1
1
13059004176
103734225
191844
7616706217230049
1
14400
1
1
289
25
13924
104611984
1
76696871364
111042826234596
121
1
1177225
121
1
6019795948974336
5184
784
1
104240485691329
1
9
2718234771849
413552896
4
45369
1
1
4
1
1
1
3793492440721
9
1
21596947681
21022970049
1
1
1
1
304997163932224
12705572961
1
1
25
1
1
1
417088758408001
1
9
1
1
1
1225
144
1
350251225
1
1
395641
144
1
178824398130576
1340964
16959852900
1
1
6561
1
11449
21741887346203025
1
1289342082064
1
1
169
1
1369
36709027216
1
4
1
1
1
38416
30276
1
4223025
10201
3857296
1
24649
1
1
16
1534602276
1
1
1
17229975169
1
1
40000
202500
1
31559553248521
30276
1
25
1
1
42436
121
1
1
1
36864
144
1
1
225
1852314203790400
2320235725824
1
163216
361
4
1
455310244
627502500
1
1
1
29539225
1522756
1996569
1
1385329
1600
121
961
441
361
1979649
18241441
33489
279436123293649
576
4206998903409
32219532004
169
1602756
18769
1
20138448100
441
1
1
3978377300569
4
1
81
99304395876
442302961
16641
24998510022201
4498641
1
3126798008292841
1005086451600
26873856
1
413958210397369
1
1866180030724
11675889
13456
1
80120401
225
3627524015236
204747481
3762416693025
1
144
225
1
778856464
152896761410449
12769
1
220581904
1
1
464186680280064
1737124
68194564
174026199226201
4
1
16908825291855721
43737152147649
1
1024
453903025
1131547042564
2215490761
1
1
64132308310225
1
1
361
9721924
20935485481
982132921
1581703644964
1450848100
10989225
19976430244
28124057516944
1
1
6834658605124
4
1
24649
11044538649
1
2017661221171456
36481
1
1
1
824464
4678569
1
1
129095044
2704
1
157786111729
1
1
4
12366700623424
1
25
1
1
1
1
1
428904100
178897606818121
9
73587505395856
324
25
1
322741225
1052676
3249
1
1
1
1
26676362241
1
1
4
1
1
100
1521
1
1
19454112484
1
680583744
3570191322162084
1
38725729
146232401690281
1
19321
1
1
1
1
1
1
1
1632381856609
12673600
1
1
81275167744
123698884
33124
169
1
158132083703364
729
9
1
1
287660765119225
4
169
4
1
1
9
5266634857225
137154945874489
25
1
101183481
141063129
1
56169
84681
16825981225
786578116
2117071560256
4624
1
17383104025
1
1
2916
69483378409
1
2540836
3198263680161
1
156400111036009
400
943411225
7401506566041
1
1186458025
11353968025
1
2116
172308047611456
11100971203344
1
4
1
14400
1
1
198105962800144
100000147984
1829602506384
1
24604754661124
1
1
2669675847236836
7338681
22900466241
1
1
1
1
1
92083216
11296321
1
1
13923056016
26641094841
1
19321
1
2637376
35035978041
1
1
1
44417670025
495641169
1
25
14522901121
1
1
4
1
8355423830625
9
1
1
1
4
1
6320628415396
1
25
50974350625
234768351841
5683456
118309129
213861376
105874096689
247086961
510443649
441
121
7723985990436
1
1
40401
1867795524
1798947396
1
1
9
1
1
25
1
6896795130625
46457856
49
1
1
189225
66103599289744
1
313837484944
1
1
1384584100
1742400
1
5102846066704
9
581728669378704
1
1
17161
9
1
1
10609
1
57121
1978965849253761
9
51154225929
19881
1
4
28489310288846289
1
15376
1
4056711600384
1
31684
1
4
30360971536
623351089
1
90522756900
1
67269684496
189947768879716
1
1
498887942400
47961
1089
1
1089
1
1
188183524
1
137463853352004
5692996
327184
1
242705241
613089
1
15634116
221841
1
1
660228913806400
16
132659532555264
376825744
1
1
42025
35817455025
77437532176
5929
256
1
196
182329
1
8065600
1
23453391025
2138850675361
372643489408576
1078173146789209
256
9
1
4
144
10579857856366096
27306571009
458045604
1544889900096
14571628369
1
1
1
4
1
1849
2186216559396
1
2473558290025
1
1
2187441
571544649
144
1
1
1920996
4322010564
9
1
1
1
133956
4
1
2042041
1
9099718697476
1
623137505159329281
4857585144049
1
1224979676944
678915136
69169
1
1
1
1
1
1633291396
1
68644
1
169
1
2265025
4
1
1737124
557483051544241
1
129916751998609
4
4
1272384
115191342994729
9
1
1
121
1681
1
1
8740986858256
6135529
1799286890625
529
1
1
2586751122244
1
4171738921
604339278055969
1
24009502500
16
289
4835601
2263568394256
1258884
144400
1094116
1
4
1
1
206090515357609
103133367811600
23461967929
1
580495923071289
71289
12170502400
1
1849590781183161
1
2259009
1265625
1010025
1
1
1328989341124
1
46406638084
8596624
13084156996
80478849570947136
1
7190351079289
1
1
1
413715600
1
10881619225
19208296836
196
4
82029249
1010053890009025
54756
4
1
91809
1
61059892609
6737995935225
12716356
284085058361329
1
5952848503716
60025
1255475430400
1
529
1
1
15639248713201
3268630037300356
1
1
1
1
2308418116
1
1
237252409
5148333772036
2101656184681
471412594113444
9
38328481
1
1
1
13710068100
33856
110187009
1
281758012351201
9
1
681290964605601
79745241664
1
361
90601
10910638116
121
400
64
31684
2277231902500
3766511091560464
1
1
81
121
1
4
12769
1
4
1
163046416095369
93636
23091841600
18777003563536
4
23502423025
1
535199815596996
1
71783805625
39587867089
324
6132621346569
1
708964
1126013855044
9474453363600
1
9078169
1
1
30625
4
576
116386187027049
1
4
1
1
56097430800477444
1
1600
4713241
1
422078699058916
1
1
1296797112900
6263432209225
277955584
1
1
2455202500
1
16
99836408961
1
22570855696
1
23457679281
1
2413724277790224
5484964
612263391659992996
55074233041
45953154096129424
12321
4
3218436
4
152078224
1
485464743009
2286503870161
4
11881
169
4
4
77305685521
1
86789749201
1721344
720618643724281
12546869128336
11181582049
225
1225
4
4
36513859396
143400625
144
195412441
1
1
1
196
1
13924
16641
1
322382025
3618547453504
237591396
121
4
1
664394649429316
322876839063076
13924
1
1
9
11198295684
17161
1
160047801
4609731025
9
607636057575625
16
324
1
38809
59049
536292964
1019679883264
1
1
1
196897024
64
1140624
1
1356957063225
1
1625625
2062842787600
187405942157641
9081137025
1
35119929406849
269919828402169
11614464
14315404609
4020025
1
1
1
1
1
141376
68121
198916
186022321
4
1
1
1
1
67251724737890625
1
1
14641
50268330436
324
16900
1
1
1
29631835321
1
1
1
729
1
4
2704
2079364
4596538754116
1
1
1
1
1
1
14884
684417017025
1
163353730942081
1196836
1264471013169
1
1
4275193063716
1
54756
225
1024
99840064
119482694702596
100317772047376
9
15103426816
4
28224
1
225
71381946276
42042256
1
42715831990225
1
1
25
1
1
1
1
5397106225
113699569
256
17161
1
2033476
19321
1
1217870404
1
99541586564809
38025
11926387264
1
1
1
1
144
228146656609
25
1158653521
437475207464464
1
1
175833593571076
249723968259649
75453246279376849
36
11236
1
1
324
11309396210466025
4
1036576479376
1
451584
1
387105625
63769003402714009
5476
1
229205731969764
18649452969
57121
1
118129748300001
1585081
2259009
40000
12321
1
6400
10095426576
1225
1
1
28003930431876
1
1
2551511049025
16451136
1
1
593539835704929
9
441
1
1
2778889
1290275625409
220640246513296
1
688170289
383731310861721
196
1
1
30151081
114877474684281
21295225355625
12769
2724708147561
10843889956
2722839910609
1
1
1
100661089
1
1
1
1
1
1
218350301375761
35442661983876
1
1
740003209
4
1
80051648356
1
5041
1
2129197517329
1
672711636100
278030746456516
1
661055521
1
470394806056569
251099772592384
1369
108139201
2783016485015809
269649241
1
1
4
1
1
1
4
1
121
64
106449506248969
1
1
1
4631104
184010391591849
1
4
87025
6953769
1
1
1
1
484
141918258573025
529
1
1
4096
147980193713521
1350660256768900
100
1
2268036
90601
174106124925184
1
1
4
185140815369316
10426944730084
54756
76176
1
64
196
14400
1
1
2894547601
324
1
176570944
1221506827524
63525474862369
1
58081
5550736
1
2244004
625
1
225
1
1
1
120737682324900
544688280900
1056784
15876
1
27225
306367785025
14191242129
49
17780305888900
1946025
423289476
196
1
4
2411722032784
20318565942544
4
1042790211241
11664
1
4
1
1
1
283563705049
1
205779025
4
1
2518569
484
4
198492989272516
4
279792529
10552836529
22201
112225
193515921
9
4
1
121
30247818561
1
169
1
116273089
30625
192920543693056
1
810000
1
107702884
14961424
1
4
138590861541444
1
4182025
1
1
4
19600
1
1194649
281545311193344
1
361
1
225
111598096
1153476
631244551081
9
34595628001
256
1
1
1
1374155995536
46689889
1
1
1
1
581622068052964
25
4
1
36
16900
1
4
1
1814409
7477309774089
5166303129
1
1
361
910141529776704
1
3651921
15876
1
60861078972346689
1
1
1
1
2500
8100
55376914329
1
1
225
1092025
21609
1
1
31329
1
225
117476191504
1
1
3121617576100
1
1
577296729
1
4
2209
11505664
166420594893814416
1212201
1
1
1
450949475696041
1
1
7916016784
18087291121
1
30823420356
1
1
196
94441059450241
216060601
832439981345296
1
6791163032196
563132975758929
1
1
191392670856676
3041444187504100
19044
1
1
1
1
989417025
1600
196
1
400
1
1
36
1
1
17444862241
121801
129185956
8011481167936
289
199368949717249
9
7150276
1
10000
2319529
1
29264260624
1
28561
460190320490209
78589954921
145924
48995310112225
1550632619536
1
1968409
16900
815972136431076
1156
4796835868224
15061425625
168921
1
78504754969
7739524
141203122283664
2635795600
1
243516025
777405924
70225
2456574136417921
2163841
269091216
1
1
1
4
4
1
1
2041414569824256
1
634939204
10201
3622627022400
7995361346449
3330625
174002481
15868188961
1
1
126292644
4405801
199037751989476
1458550265922841
13225
1495291561
75625
1758276
167226071654464
13344409
1
189612900
576
39739646915721
31077106369
120301060257856
8543929
1
36100
1
4
11244269521
7377242667664
4
117905703876
31909748689
1
1
1
4
468419449
363248495401
853431094612849
1
1
5329
442743417677961
92525161
13924
1
1
1
100710703880852004
360000
1
1
196
1
595761684736
1
11025
1336336
1156
25
1
1
1
1
1
11664
5885476
4553685361
1
1
121
4605316
4
1296
2840443789922596
4
400
140271500515129
1
1
15365337849
1
1
133518025
2509056
1
1
101384761
858127597254225
1
1766241
1
125735046890896
1
124233316
1
4096
12769
36
4
497691481
1
1218816
1
1
625
30976
5531904
1
1
1
1559186758276
1
15956742400
2809
846519025
18020025
34969
144
1498176
47279718721
1
4
16
113465104
1
673327247102500
100634001722500
9788805411545664
4
9
2477251984
308072704
1
14916713956
1
265103524
81971095256521
2023304260041
1
164126265625
676
65041321024
2048553866468209
1
143568324
1
1
1
5018289943716
95824521
4
955799056
1
1
1
6302484725625
1
1
1
3097033801
1
19343819135679481
10404
1170724
10000
1
49284
400
1
116510436
1
2758665529
1860496
1
1
8836
1329409
1
2239754689561
1
1156
468413691979689
3286969
1
1450391056
4
1
5924356
1
529
512656
1
1
1
1
1
16
1
121
967645449
2407890820644
1
1
12321
182207752164
1
1
794643512694084
1857769
4
5479227600625
1444
1
319225
4297329
9
56629244961
1
64
2203294922500
4
1
1
1
305122918901824
14261375241
205405249425156
8352462203941636
1383319249
141467259788001
32008072464
38809
225
1272384
97746896025
493106436
10119957604
1952523932641129
5203605381440400
2322565249
1890684324
863360689
289
4
1
1
13492523129089
516395128500241
1
3073009
1401856
1
42436
26274235705600
821852846721
163942390392001
25445992324
256
1
1
2363592610404
4
1
1
160731684
256
20511841
96118416
9
1
687241
41062464
9
3389281
828901469841201
1
4080400
1
163021824
2016400
1
1
115364634268849
888336410256
1
243866202158656
4
6600156631929
225
1
1
729
6433314814404
1
115881010569
135827906357529
1
13517550225
1
169
1
114996755111716
1
331396283629849
1221396308224
1156
24856360281
1
1
1
1
1
256
1
1
1
14102037504
1
1
1
1671849
16
1603530885636
225
1
225
1
3302724675600
29272814649
39601
2224254244
1
324
1
1214747848336
1
9
4
1
208331996356
2560000
129603600025
1
79477225
212012877878244
1
480350330274816
1
10816
318832022033424
4
2005914187809
1
9
116704809
1
323892009
1664100
1
55696
4
1
51949805625
11335860900
1264371364
1
1
1
1
160503561
841
18496
232074756
61487137156
1
24128651556
558880896914083239721
1
1
7904810281
27918399744
1
1
1
1
1
3110570669761
420578064
27920656
158236884100
795240000
1
22554633124
105625
381547230498756
1
29194418950596
323532169
5329
1
1
1
32604100
1
2116
1
1
1
441
4214809
1
68561126132505616
9216
1
355096336
36
1
11759233600
1593413913025
25
1
5446006334224
1
1
1
1
1
5184
1113025
2550409
1
841
1
292341604
2579236
114601927942441
1
1
37249
1
1
1
1
59049
27692620921
9
101344489
1
1
2153609649
1396741129
1
90193303684
9
2237046506225476
224022224586384
745732175840663881
10680809104
9
4
275059340521
133408944977841
36
1
1
1
268478386201
1
1
1
1
1
1
1
1
1
16
47290156369
517142301822169
1
1
1
36
1
576
1
1
1
1
256
1
22365382259461201
1
1
4
1
632028180004
400
1
1
1
121947849
1
1
14063113744
300619594408225
478532075141376
5414929
1
1
1
1
1
1
1
1
10609
100
1
591608329
1
439996855114404
841
50888592225
4900
13000104324
1369
1020100
9
10634765625
1694831648449
462884286736
706230625
1
27490634809
853690413716361
225
1
34969
715716
1397124
113806224
9517225
1
1
1
256
40990051600
1
1
935075241
1
139216401
16641
147792649
743009520400
1779030442809
3775249
1
11025
2500
1
16779370565169
3358334795776
203826966784
88335567369
1
1
1
306425025
1
5508667173025
132107829229489
4
4973493529
37736449
441
2421722521
489382884
1
3600
1
4
29268100
526827906263824
25
1
1
1018081
2083221695569
1
562209037636
1
223197663844
1
1
1483911349281
9
1
1809025
1
44969019481
1
1
1
32364721
196
617796
1
1
1
193321216
1329409
139129
1
175244644
165642356924944
1217379015801
1
1
1
1
1
3848145265561
1
1
80089
15831678976
105736160930481
1
61095982391280225
958967774361
414855424
179828100
944784
23104
4
1
9
1
10609
6084
449991369
1
1
2102956164
1
3446785328704
8266775040000
1
1
1
1
180966861604
5764801
4953471366333604
215241292578816
3047150780881
1
4
9
746159078025
30902481
900
4
47817225
25600
169
1
4485924
1063607769
4
4277552409
1
1482946724169
1
1433194459921
1
1
291419041
169
1
602007640792336
30958754401
150638262216484
21144649744
1
158241908171776
1
4
1
9
1
139594225
224551573652025
31627065600
9
1
1
48668772100
1
2732686711056
88209
17161
121947849
1
1
197492248801
2617924
1
2745866373030225
1
1
1032256
4
1
32080750321
17590982161
625
144
12719328400
16
42849
1
1
1
121231903007296
1
1
115942975653124
1556049951346401
83894333193684225
191739409
4
1
326994418842169
135373225
1
1
47089
16
19321
1296
26406900004
225
1
1
4145296
34596
2533954585600
16
1
16900
13519643076
1044312028377489
1
64
1
1
10816
1
1
1
1
1
196043766442969
2056356
12448088041
1
1
9126441
17161
1
8398404
1
19881
12321
1
18222084386618401
164788569
69613656336
9
1
86361927876
1
709297939491904
10816
1225449
3041459264484
4256490770953369
1
124161033561049
529
900
1
1
1
49284
121
121
58844241
9025
1175056
112225
1
153561664
192691378094224
1686276253489
1
16
2871764308434025
144
1
258678328910400
35721
10595025
1
1
47869501681
136445761
4
1
7396
4
1
1
1
16
364275396
106203268417009
1
3078550976400
1
1
1
1556885073208689
155993680206049
4
102400
289
16384
1
1
1
1
1
4970109001
75625
1
1
324
1
1
3721
1
22381689203041
1
1
12544
4
1
319408384
1
1
5331190225
9192452436689284
1830609
144
1
3401922276
210770581843600
16
196
297025
281199361
1
4
13397766807616
19347975409
11414358244
50218569025
4
676
1
442225
1
1
595185943123489
4758449243769
743044
1
36
1
3215797264
18769
53597041
484
1148083033623876
29506624
10404
1
1
64516
1
1
1
144
202606756
1
3969
1
1270129
12122917312804
21316
1
1
24727257967801
1
9945502015201
163216
1084187329
65025
3972049
37636
1
1
2009549584
77722748944
11513075401
1
1
37249
1
1430416
1
30976
144
107801269142121
486534497355729
1085764
1
1
1
1206179420644
1
4
1
1092025
11236
169624541025
1
412855421496336
134741119041
16667842816
324
1324801
426143923209
1280584193641
1
103530625
93663684
1
6918073029729
1
1
4671722500
1
8192954363203600
196
83832336
28900
1
1
1841449
3261636
378225
1753092513936
1
132572196
1
1
361
4
11683015744
1
101761
113390893002256
61038643600
1
1
1
1
256
1
3199648027536
10829524225
7257636
137517392621961
621554761
298760197271761
33856
144
1
5750404
4541148214009
5404161169
1
1
1
1
1
88209
1
147942753101584
144
4
186771308944900
4304934544
1537366888836
1194838359476356
144
121
4
125316
1
1
45401263898116
16384
185014404
2833367594121
250157844671641
207216025
1
25
17161
1
1081600
172160641
53678865969
1
1
3136112001
576
121
1
1
110522075650704
16
1
1
1918225
100439662197681
1167464251166976
1
163118875240000
1
678207274862569
256
25189828988809
60233121
14211977796
121
41209
1
184036356
71289
288898009
302500
1
1
105001009
181299977293824
1
36
1
1
198725409
1
353891344
1413152715121
729
2777492229561
16
1
5135603518969
1500625
2721787246656
305340676
1
4897369
4273708617025
185477161
1483580028529
4624
10763701132864
1
123010281
5116644
289
148225
2998393538569
1812023045522496
1
1
1
4657952416441
1
1
1
1788996703820089
1
25
1
1
1
362543839061056
4
38809
676
1
15319507984
1
196
1
284089
1
4
63606353209
1
1
1
6390784
76235075449
3346655358880656
785511888190225
5929
1
1
1
4
85676217025
1
1
139176499641481
1
150552900
1
16
1
1
13186617889
1
1
1
1958451905809
4
1
121572676
1
1
1189063755364
961
1
799942965927169
1
1
1
1
1
2408704
36100
1
19321
201848025625
1
85264
1
256
1
1
29241
182858628285529
4
1
1
158546098897081
285103225
799653428084736
12100
1
38110848400
676
556865604
1
4
1
4
118336
1
141376
1112480686564
784
12982095721
1
9409
121
215570775616
10745284
1
106249235906529
580617216
256
1
13713156984384
1
2202256
3649456226025
124184278440000
296926177550116
1
1
34917675537924
20685630625
1
270273600
1
1908627903961
4
1
23754515625
13700473002225
1828680130369
1
247715648830225
1
1
486070209
11173124209
4047758884
42436
4
24880144
4186116
10816
1
4686592841316
1
245239139172769
137641
1065024
16
48701011489321
35101382674176900
2331729
1
1207779020100
344569
784
29001408804
19504356964
1625625
289
39601
1
9
1
1
1
1
1
1
1
17598675600
1
4
31520096521
1
8982009
1
16
2348209917769
1339748375625
169457363021241
1435204
1
1
16384
4
4
1
157858418045584
4
131884920301456
2711044575625
1
4
1
1
388229932561
1517414739264064
1096268921442304
1
103775254236196
23313930721
3844
3020762185156
1363770170289081
200704
522729
452828055625
49
642166281
1600386924096
119443041
1
640481690601
1521000000
795262650625
4
1
1
17139600
297457974180900
1
13225
564152658602404
1
4
2601
527215052234896
169104016
111260304
275958544
1
1
1
196
14243076
156135221086464
1
2292196
7246606129
132066064
1
121
121
1
1
1
1
23777501983524
1
1
225
305550400
4
10323369
1
2202256
1
5494336
7821066644689
1473413138284096
2823169492441
2453914369
1
58570559835683809
36
162855882250000
4
14641
1
20464160809
1
111556
324
159551432288689
17556619563844
1
1
1
1
16462173025
24432503481
5347619250064
7294014025
246988947037924
8271376
606841
1
12882023001
14403600225
4
196
4
51076
14043909049
15482721866481
1
4
1
4
196
6241
1
529
1611517854001225
27225
21904
7133391647281
1
2886176265625
4
1
1
1
1
1
10490470929
1
1
182169009
1
118495220573601
1
24502500
1
148815601
1
1
3572100
2214144
1
1
45468049
190515548691169
282699573025
33549783556
2244004
11348948347662249
1196836
1
1399489
1
1
1
4
16384
40632883776
1
1
1600225
3678724
1
1
853776
9
1
52441
45212176
238733401
125087045429824
1
1
29713401
123514705556089
1
1170724
1354844784484
93726597904
1
1
100
1
169
19397153808400
6217472432196
2030625
116021984400
169
4
4695889
1
1
36414943929
17528171236
426749410831396
1
68121
760034101888656
1
484
291465578403769
6980164
28934350201
102389120289
4
148279329
1361889
4
13456
1
290650261147024
1600
30823069225
28561
844561
1103784606348516
1
1423249
1
5846724
1
1
50625
1
109561
1
1
4
1
338891281
1
25309227194787600
1650616588983961
331167204
4036081
637303764255376
9
1870756475536
9859600
4
679019364
196
1
1648656
221841
1
1
20445568144
64
1
1
156725361
1
137258446590225
15487304704
1
1
10201
1
625
13924
2773497205924
277638972900004
16641
14614633881
3929537077636
285948100
1
1825987416517476
226231681
676
1944336218458384
2366243405826304
1
144
1
139287204
25
101209878225
10816
48400
1
1
1
1691042760801
1448259136
1
12977082889
1
2876498689
551968036
806586014609764
9
225
43947252496
9
1
1
2116
1
1
1
8281
517881049
3279721
17910568839744
13289072394724
1
198584464
4
66262482225
126395492630625
4902300804996
106667584
16
2758894424064
13211131322944
4649698691856
324
725904
5631129
128890609
1223236
124375758102544
1
747639649
731756601
1
2702810682804969
4
10879115809
134217577323361
11316496
1
53333838212004
125316
737881
1
123562765942641
1
1
1
55995289
1
225
1
378932864575204
49729
1
1356768358416
1
1
180526096
1
430230564
1
4
215443684
232082099001
1
1
1
1
11881
1
1
1
1272384
254211136
961
1
16
1
171243396
480290580900
1
4950625
3415104
28561
21338782084
134202030393600
109870353392836
497334601
7194032564075449
1
1
1
1
340497265794624
1
64
34493775625
9
13363213958329
1
1
484
1907161
188540361
1
1
15625
1
4063893128100
1
43468497081
18020109121
1180953225
16
2975997611664
300014725696
1
2380256524864
53092915561
37662388624
1
5774620465936
1
225
1
1
256307287824
3341584
221001196799881
5456896
23280625
8555625
2009637268524484
121
1
324399939343236
3782480419600
1
128787676900
1
251545214471329
4
34583353156
18450495523216
1276900
118967949861049
102434641
32041
288600807945025
1201849571521
1
36
1
372297025
19785798244
2742200209681
14884
1
1
43264
51984
68962029618244
94249
1
1
196
16384
2572078212900
144
1
324
16
105288121
1
1
1
2304324
1
1
1
1
602120129296
1
14463670225
1453644971584
1782225
1
625
2066247208704064
1
752835832125316
1
449229700516
808201
871236936658729
1230258711601936
47060642725776
13225
76729
1
1
1
48841
1
1
41209
6990736
1
1
1647929336089
1
1
1
1
18371633764
4916674161
611779165588900
1
1
1
18225810009
1
1489942479424
50176
1
1
1
256
1
1
1063999161
19183635025
225180036
106652753507524
2401
6398860982409
13456
1
1
2401
1
180156289763375524
2263484142144
124683977775204
225
1
1
1
4
46225
1
1971216
3520048900
11026260036
1
29929
1
8100
1
1
1
74321641
16
169
3010225
4
16
121
11449
1
100
1
154401843600
1
1
79235494144
16298352225
1708920864049
1
4
1391160497413696
1
1
1
1
124086366032836
337364946045009
1
1
1
16
77284
856615824
6565058444169
125182509873001
446224
4
625
1
169
1
1
12544
1
1
606962601565321
1
309582159932809
1
471906801069372900
1
201601
42601729
1
1
32382362401
196757893476
346443769
1425636
169
1
3127503825625
2536457575876
5900041
1
1
9
12091323198564
1
2420675445904
1
408321
721835689
76176
4
1
1
4
144
6744409
1
1
2289169
1788966419630625
387026929
24025
22201
1
10588516
1
1
256
2025
4
1
1692417321
375188570946225
1
1
1
1
1375945422049
1
1444
736415086506961
1276900
144
1936080608839056
1
1
1069156
32763172036
23104
4
1
335842276
4
1
1
1
436921
1
956603041
1
4
105922094087716
1
1
36100
24028410121
1053507224025
25406447236
91439952755776
2317452093124
1128812751936
130626589781601
1
171366923936961
40894029784336
131821328934409
16248961
16641
1745408257321
24770667769
239883471901584
1221025
466489
1
1
6229367056900
19742498064
1
3844
1
34225
1
1
2503749240976
1577536
1
74529
134860810756
1607448693904
4
101636017197961
21316
1
1
8401377597222841
2611456
1
1
19600
1
9
554461209
105740089
1459264
146047225
1592898934201
122080401
1
1
32455463716
1
169
370646011204561
287296
1
196
1
1
229401316
1
585881444080144
8004729123169
1906619686416
187069793603716
103039074009
298759534921
1
1368900
29929
1
24068836
1909924
4
1
1
1024
1
1493284
14372892769
1
1
122595918769
1
484
26816893321009
417303184
59074596
13142788164
4451775065929
1
58602240144100
1
7569
155762480874256
59845696
1
1
1
617470428256493956
9892584981504
1
1
1
356643225
29407448196
152596609
1
1580049
19881
1
1
1
11148825744
1
1
265477881554064
16
1
1
1302346569616
5462983744
7859965494969
1
1
1920630625
1
36730872409
1
1
11449
766127041
5555562077423449
2362989988804
1
196
26522500
1
1
1
407353489
6578345449
1
1
3404925419536
456976
1
89401
642369025
1
1681
1
1
225283129600
561784804
1
266613086980681
16258290064
140215698895441
1
4
1
5854052835225
717679560569764
1835008569
1
1
1
10609
6411024
1
361
1
23824161
1
1521
4
1
4
388287025
1
52739795755089
70336049182281
1
23104
85596619761
26433872366029830625
63332755600
1
9
2025
3095463728449
21904
1452025
570029711337025
7495050568681
706375200398400
6431585107249
12719102841
1
194602500
1
9
1
1
1
13045751524
1
10234357225
1
169
1
1348543367824
20118585600
1
1
1
13456
5564881
4
1
1
1
1
133494916
1
1
1
1
1149938811904
11527810839169
1
1
62001
18114198921
402016866304
1
289
44100
1
2067844
144
1
1
1
1313128062724
771728400
313600
1
2704
1
1119719516224
1
1
1
975125529
1
16364038084
1
1
1
543380016323169
228333932649
137923696904464
4
1
1
119053630768900
182196004
1697809
196
1
1
16
97360224676
1
17628935076
14969522500
649176434481481
8054244
1
1
1
1
1
52900
89965225
169
16
1
1
9
62927729316
1
348100
1
1
107004108029841
1
1
1693731884940676
1
12591518693209
1
1396339262224
4
42341049
144
28561
11730625
55880232100
1
659496657564889
248004
1
387250722043969
1
1
1
1
5262436
14468481225
1
128794240050025
1
603173264491396
1
2579732893327041
1
16
535516896172644
1
1
2542640728356
31024947321
1
1
1
1
1
2569609
1
9
1040400
1
1
1
1
6545221239769
1809025
142129
3727227943609
1470241126225
1737124
534811876
1
1
1
3969
14493249
1
283868845444686096
100
1
1
1
1
1
1
183854003524
20167124121
1
9
1
1
177241
1
3218436
39199248144
207025
107453495601
1895531321290000
56632576576
1369
174091721049
10425595019161
1
1225
129600
1
4
36776883529
1
46005102144
4
29433862969
951167281
4
900
1
121
11176506961
2413570423489
1
1
51022449
169215868890000
1872214787521
120868036
1
1
1036324
184307776
1
273440387377089
1
9
25264784601
50176
20766249
5476
1
111799304043361
196
26740752676
1
4
1
1
529
1
7075600
4
36
1
1
1
26245129
1
1282212864
1
36
1366485156
70755552903424
1
441
1
2929623876
791747044
96434917076598961
1
1
25
33437048164
5143361338404
1
169
143712144
1
1
376412459427904
1
1380625
576
956734184454400
24649
81
152670736
2641857201
37636
192759319320841
841
1
7842696481
1
307581444
1
1
1
9
15070999696
36100
1
53986323111113030625
1
13924
47961
1
4
440874009
38257305192001
13924
1
34886394841
7524049
25022494225
1
121594729
5441256022500
155680469931204
9
1
72709729
34596
21904
1
379431441
9
1
21069393409
1
28561
18431477856731241
1
1
660785685885504
1
12321
1
1
28708164
1
1
9
1033622500
1
4
324
1
164664355929921
1
144
1
1
7607137674816
1
28561
1
25401346884
560655592479889
890997903769744
4
441
1
1
1
17189316
1
429499014512164
18634779507204
1
36864
4
1
1
2304
484
1075603374769
1
1
9
1
698280839424
1
1619895108001
1
163622958327361
1
10698799225
169
31310240809
14283596196
677329
147273831023449
73262866153129
10250955009
15543356929
1
64
14161
1
169
1
1
1013479118089
1
31329
1
102030201
2304958851740169
1
314391694436836
1
1
124638653764
1
17161
737176801
1
2502724
24656222529
1
1
355353093225
980241082675204
9
1163560321
12769
121
1
1
576
9190143825625
1
1
1138772839689
30286092841
1
9
284563161
1
227283665364900
7524049
1
1
121801
70756
13554082084
1214452801
13282001224704
1
40487769
422631364
144142955462025
143185156
90000
1
19516648804
130188100
1
1
452218130307241
101327160836525625
1
1
748225
5329
1
209381411186322496
1
353864179993284
23587737889
1
36
1
16900
1
1
289
1
256
1
196715800342681
104632441
226533774979521
1
9516101415957049
772500366400
121
64516
6724
14641
180234974726244
3866968864521
1
4
123904
1
1
121
12185289769
739785601
16
215443537220025
22248705600
1
25
1367026301601
10816
1
101616225529
1
289
2916
9
15351953409
1
15976009
1
306035772025
1
1
9
31173786055801
13456
171396
10166672544484
1
1252161
54756
996004
1
38416
3456624640000
306110016
1
1
1
11025
1
1
12176460409
57198969
1
110261802315844
441
144
1
1
32400
448253584
5974362436
1
23104
5992704
16467745454209
1052177423049
77707695121
5779216
1
1
1
1
1
169
38478745600
1
23716
4
1
1
6262301046681
1
9
1
117874449
1
1
498279541374976
1112905879739536
10609
164300688188289
671468591369521
24336
1733675189481
229441
27225
1
1
1
1
1
2502724
11992878144
121
44167225600
64
1479621739458409024
60711974404
256
14161
1
4
4
1048576
5365718225604
1
1
724063144561
625
1798281
1
1
13505625
311680099127296
215062225
1
4
1
234212416
1
1
1
1484560900
225
41981551236
42025
1
178102023267169
196
1
1046529
2307361
70012630801
2549601116280625
173056
1
1
15515721
1
117115684
4
1
1444988169
2124538929183841
12547584256
32959676304
1
1278348516
1
8315477693649
7144929
1
81
1
1
1
1
31460881
1
34738622689
21517268646241
14161
1
1
1
1
1
4
314721
25
1
1
1
10816
20164
1849
69169
1927293592900
1
1
92471944464
441
1
4
1153476
21159484369
1
1
1
1749635816644
1
115304644
1
1
50625
1106188580025
1
144
1444
841
1
1
225412250176
55225
1
441
6512193610000
16
1
9
1
676
124456336
395731449
361
140067225
1525986251887876
3499915089636
47524
28554578361
27902361600
1
33856
4
171426649
4
4
1
24649
14805535684
21155411601
1
134583201
1046529
4
3803712996721
2085931584
149769
3829927280400
1156
196
1
1
1
1
1
12598715536
1
1
1
2688491474244
1
341584324
1
1
1348626980416
1
2107554834564
16
13118884
1
1
364389921
1
1
271247098315561
1
136375684
47845124178289
1
1562225625
144
60025
1
1
465078036286224
1
48972804804
6468374890000
225
211954843051561
107122500
4112784
1558477592100
81153195876
1
1
25921
361
1083681
1
14231297025
4
1
1
4
1
1024
1
56341193769
1
1
1
1
25
1
37933015696
1470439988689
6066516780900
1
17260704400
779191396
1
2500
1
1
1321007146218244
1617984
25478225161
295289856
1043725061746756
128470935588004
9
1
15376
3806709264241
15876
333902529
1
1
146611644201
1
1
26236872484
12764932324
78610701376
193067467896384
2738118135076
1
1444804
1
1
1
1
94249
146572892022682449
1
1243166687927761
1
2228720552100
225
1
5900041
2641034881
9
1
196
61997514049
1525570819600
1
144
57121
1
1054729
62267881
4
1
9
4
4166632160289
1
1
1
70687388641
5257849
1
4
3541924
52358134761
1
1
5559937634304
342594149471401
4
28759072225
14161
1946650010176
4
196
65480464
1434375103716
1156
48441600
4
1
1
164876283053056
1782187620196
1
1
1
24201833238139456
1
1
1
1
1
1
1
4
1
1
83556261721
2500
4
104329
380445025
1
6345361
1
1
165520910133049
1300899924900
1
1
134896540563009
8497225
1587600
16374529369
14641
137738961424
1
577464449640100
573189341125129
18722996224
296968120614169
7040308676164
698293626160516
256
512796025
7817616
111690381046689
1
261371889
576
1
140625
1
1
1874867470564
3597493650436
3705705850441
1
52441458001
441
1
1
2121741824400
7240308100
1
1
19225486336
1
1
1024
1
1
1
1
4
106319036356
1
1
1
1
1
4
1764
1430966212900
36328682819584
12087243364
4
289
1
4
619983012100
1
1
4
1
1
6056521
1338649
16384
1
1
1
4
900
282576100
1
10522040929
1
1645985755562500
1030095764961025
1
25600
1
4
1
676
1
326958724
20090968467025
1
41593563025
1
1925786226529
119028100
1
1
4588164
1311148662916
1
1
1
126547380451584
1
1178058427456
1
9
20261170540081
2147848526916
130959305689
4
121
1398386025
1
7123561
7557001
1309999280704
10897898449
1274641
1
1
1
5285401
139358025
1
1
1
400
1
831744
17969121
40046813689
1
1
1
1
33856
16
40000
1
1
1
12883612036
1
1
2173050412129
3604218716484
1
1
4
1
4985489618041
1923286354276
782426933401
46416117136
817073411574016
2689600
1
1
841
1
1
14161
9
355812769
21609
16760836
1
55398249
121281851942416
13689
155871404613409
4
1
16831689169
2601
13924
369331524
5271605533507329
9
3780465480540100
1
1
3744225
1
1
1
1
9
68124654049
4
1
158080329
14044146064
1
1
1
1
1
1
1
1
121
1791065626249
1
1
7217521936
1
1
289
4466451798184324
1
1444
6232313025
1
15567347778795684
441
450076225
1
36
13225
271237282534089
14810646601
2712222241
1
1763584
1
1
1
1
28828644100
1
1113025
9
1
1
95870736900
324
1
1
1889882600928400
3656524137616
1115136
22900768900
9
284718288100
2209
12100
1
1
15209548929
7744
1
11664
1
241081
1
150422179267584
96310915600
428546430057769
1
1
203634555323364
4
103607989797601
1
3279721
4
149939608670289
4
16258800100
13689
180096400
169
4101078612544
1
32761
2235025
1
3857296
1
564300025
1023723051264
1
1
9
108208760401
4
1921267665604
7342620414529
39308613696
4495487406172816
1
1
1
1225
1
1
1
3721
25921
1
1
41616
209973575916225
1
1
529
5476
154703844
1
36864
9
1
1
1
926678894842801
144
285876286276
2500
337567129
34225
108900
2762244
1
388129
1
143328784
225
1
1
348100
1
1
113939378229121
2521747089
1
1
1
9
1444
22934521
1
3249
10415018916
4
32761
1
11733744724852921
1
29952186489
441
1
9
1
4
26044149924
529
1
43763384809
1
4
1
1
49
7396
1
4
1
4
121
1
1
1936
44944
1
1
1
1671849
801342864
1065024
1784342938849
6086964361
1
124656979370121
6446323521
1
654481
1
1904772618225
1
9
236236900
4
1
256
1
6378418225
784
1
23409
324
1
4318084
1
5875043974801
2479796619169
1
841
144
1
1
1
1
1798192495089
1
1
1
225
361
1664100
1
1
1115136
3589167001857649
723930199214401
1
169
32001649
1
1
1
60516
193146899152900
1809025
15376
133956
1
13166185536
1396123795267600
1
9
2975702500
1
1
289
225
4164423838864
169
28480950169
31329
1
1
1750329
1
16014396304
70476025
1
198978784608256
8151025
119236233636
1
25
1
10246401
2080863612522256
1
1
1
1
21314226720881329
1
5116644
1
36
1
1
145377108761049
4418404
1
6990736
1
196151957441476
9
1
27751824
1
2109289329
1
291142419906816
14115049
4
7155427051369
1
4661281
1
1
25
1834689213049
4
160801
1
1
13963676224
1
365039236
1
9
163660849
4
17347225
144
225
576
43749160569
22831814404
4875264
9
1
40940666244
300311258319081
6064787857041
11155600
15625
54537914830441
120589507600
6426225
114328337308249
1
1
225
25
11271651299584
255968001
13439764900
1
191462569
144
130256569
1
169
517763766062929
1
1
196
1270045603369
9853235682333156
1
1
1
1
1
1
18275625
1
1
1
43264
1156
405509079209536
305415189681424
1
1
1
4
8027741888929
4
1
295936
1
1385329
115132900
18496
157828969
133242072560809
3983148400371721
9597604
95377582852407769
1
1483155042109504
224580196
1
12007118929
1
15421973034724
40804
19044
57932638864
12025581355264
230493124
1
2566992079602064
1
130834847521
1
1
4
1
1
1
4
6885654146809
1729225
77284
1
1
3944196
514245059088784
9
1
584412203795161
91387103809
61293875776
141515906596
340513209
1
441
1
1
576
1
2567550241
1
18031118400
193035288713796
2601
113002200964
1
1
1
23074521409
433180969
36610612921
16
1630154110277889
102799321
1
1
592546206121984
11215021801
1
2498915993616
1
1
12057809162499136
1291100422756
1
28495128025
1
16
3279721
1
1266594935761
22500
15376
1
1
2362820899609
1557504
4
1077743241
1
1
1
1
77284
7689529
37249
1
405096129
1
20449
27407133601
1024
6077832286276
1024214841225
164018403739089
1
1
156501733609
4
4
1
1
1118938724401
1
1
23409
718668864
1
1631109769
1
1
1635841
1522756
3841600
9
1
13456
1
1
289
1353301789225
7632817956
1
25146664929
110095263331641
9
1
2809
1
1
1
1
1
324900
4
1
3822025
2572816
1
1
59049
3515625
1
122369834596
18777494961
3844
193349025
1
1
1
16
20164
1
97160630436
1066087801
51862774756
2310400
1
1
1
1
1
4
350172289577881
1
1
13598358544
4080400
262051848100
8622955901169
1
441
1
3036818566609
16386304
4231249
22657600
9
235372300055104
2500
1
900
36
729
1977224075044
353130431815225
29584
1
1
152300281
1081600
1
1
18769
1
5368489
100838851841025
136294610761
1
1
1
1
188857158285961
1
127046261390400
1336241209681
1
6651241
3928324
9
1
256
4
1
36
1
12687844
1
1
1
10404
4
696378529330225
1
2553604
35243303824
1089
144064783284601
1
23270976
1
2629628721769
1
1
16
1
19842948225
351150121
13456
194854630213156
169
4
1440000
153307487025
1
2005339210000
40298153536
4
1
196
1
1
16900
4
20495644569
1
763876
1538006746896
266799556
231289377656401
1
247679410276
1
1075369
1
35730948586369
841
15876
4577695598025
4
6084
1
1
2298971607696
122389969
4
169
147768336
7068605625
841522081
113275326096
1
1
33532201924
1
24700900
73981824016
1358659600
1
2433600
1216864909456
1065158164225
4
13456
1
1
576
1600
1
180848704
1
13225
170518075878049
1
50625
1960000
161036100
3509455209316
9
4
1
1788331171225
31490631936
2626870009
10609
10530025
433388332916361
12769
121
1
1
59466738715024
1
256
1692379837225
332644961442249
1
1
277729
4
85358634244
220552201
1
1
144
1
135536164
1
173264569
4
3326976
1
4901796
1
576
1
1
1
1
1
1447209
1
101104920900
1
1534439625625
1
87198244
64
169
38158496964
1
1620626129514001
1
212110096
324
1
1
1
1
1716100
1
1881058881289
132496
1964788120681
1
1
1
33480948484
900
1
144
10025616384
4
1
5893343719641
21025
1248533594884
1143727580304
609765583938624
1
9
6277906080625
8898664861969
319487740608400
113105761344
341258785722481
1
121
121
1
4
1
1
16
2289169
576
6960064329
1
1
7545948566121
116454788782084
5926444556041
1
18155137081
1
1
1
6724
1
1
1
1
2566404
1
1
1
1
16173989329
324900
310006449
1
196
1
64
183900721
1
1
324
16641
9
14400
1
65025
324
196
1040746828900
220078263451225
86436
539354176
1
1
1
2524921
1
1296
1
4
1156
1
1
77841
1
382958246123761
369703062896896
121
1
1
1
1
1
292446355729969
50176
12046626180625
121
1
1826822560000
1
16284056881
1
10439934976
259844043001
25712763904
19881
278290525289764
40678884
81
1575025
1
3136
1
1700186503744
1
1
1
1
1
361072431632836
1
225
27889
324
1444
75291518449
151573303103121
371332900
1
3212807292820161
1
28974507961
172819892625604
36
358232351058729
37197679689
1
131675625
1
1
484
1
4511180594116
16900
1527949921
2439784644361
7056
1967898321
1570056614361
19184400
4
1
1
1
2015641791289
1871424
1915456
4
1324801
1452025
159201
2916
1
9
770064054000784
1658944
10543009
1
13905441
4
13672822591684
1
52276370457600
20164
4770952431001
2250000
1
7338681
1
1431227002921
4
2913849
1
1
1
9
2013561
63504
1681
36
3650140165156
1
1
16
1936
1
12596470756
174689089
15876
1
4405801
157609
1
1
25
12321
4
9
17161
1
1
9
1
1
1
570768078907009
1184196411744025
1
129633842209
2209
4205259752929
31761655524
402531878116
1
1542564
520543572299776
1
67598440009
1068843754801
15129
196
1
1
12769
4
2755600
63520900
1
1
48400
48167519841
289
484
1
424038330180481
2333469636
47827065636
2715904
9
1
1
1
841
3213518731641
2771762149321
1052934567876
1969457208973489
1
961
1
144
183046206714849
34596
86074171456
1
1327104
1
1
1
1
20164
1
4
1
9253764
38025
1
256
182115025
100741369
990486784
49
103633723404225
1
149523984
1
625
1
1
3364
25017432561
1
110129933706961
1
1
13677068601
1
1745041
1
1
7568001
4
100
2516833121209
1
1
111995084369529
253637476
1
21609
3025
1
4
1
1
1
1
1
92015762281
1
30455136196
1
1767995715600
5230369
1
4575321
1
201417632540224
1
1
24212609438161
1
33712620350049
118222998841600
144
158734801
1
22603619025
14915004129
1
1
1
177024672049
1
1
15875299921924
1
8771459572225
1356917457424
13689
1
1
1
1
14161
140351409
1
2882698018201
1
1
693889
1
1225
463275946631716
484
1
10459561984
1
1
280428516
28000078080100
40804
1
1
196
1
36
19389727009
1
144
130347889
20449
499159423199376
7209225
260564164
1896129
1
1
13842463716
33124
1
1
1
81054009
1
2351407564900
1
1
18225
54060900100
101183481
1
1605289
3869887643209
12173831643967744
41898622453740900
324
9
1
1940056193881
1
144
17468236968004
4
799603715880225
116304620629444
27556
1
1
1
31024900
3364
1
2294476651009
36829448100
1
5625
24331873350953529
6657910316648361
12779009151076
450991608052969
1
1
1708249
126180289
1
4545424
169
400
1
1
18496
2583950156089
21609
1
1
9
483756182713764
1
1680274432516
225
1
43098056437921
1
1
1
1
1
1
1
169468324
235960321
5130673479801
2601
171213142504336
4
1
1
25
196
9216
4
3623468338681
1348715240964
350003575321
484
1
225
1231922406400
1
4
1
1
9
1
21625761249
1
2274064
7333264
1
324
14161
16
1
10017225
4
225
1089
2226064
1
1
1
39204
11449
307923998281
18838013117284
1
108241
1024
1
1
737335208442889
1
3424142997136
4
1
1
1
1
169
2075531364
1
11075584
1
256
1120367208676
2518569
1
1
1
13829289604
1
1
1
1
403699072645696
1
1
14470405849
1
1
1
40030005625
4
1
441
4
28312437169
1
295936
13225
1
1
1
1
36100
1
121
1
1
1
121943433616
1
1
2786542458436
14025025
938961
1
9271927560256
6571588647121
1
455263271824
1
1954524100
1
2764760841049
4
1218917569
7697376004865481
3813501431630916
1
56644
1
350700529
1
1
1
1
1
81
1
1
1
317510809481889
1
196
1
17161
841
1
1
1336336
668119104
357663744
4
1
1413721
1185921
1
1322500
1
3310034422500
17689
2704
36
9
5185008049
24686065924
11236
1237171247524
28561
1
108385443753889
1
1
1
1812009439881
121
1
1
14884
1
1371241
225
1
1
13695084676
211600429506064
4
1
1
1
1
34672302025
1
121506529
1521
1
1
1
4489054950121
1
2526516608004
9
3125824
4626801
3210468401284
2825239914025
1512900
1
621205776
1
141253225
108409744
715806748339225
1
1
1
1
583850569
1
1
7568001
1
784
2347205797120900
69905066855625
207025
403611172416
1
1
196
29778849
134420836
1
1029664796176
1
400
17838614980993284
144
207504025
1218615080281
1352569
1
1
1
867908569042944
1
766354966835689
1159461629089
1
1
4
9443329
265496912693776
1
1
11563131024
121
5978025
176928465690916
1
64
9674413978384
150479289
1
1095312951184
1
348718276
1
897961156
1
120758121
18094016196
16
7958041
1
11234940025
1
134689
1
193244112105529
12663676089
16214202225
2588881
1
127375398617041
140625
841
50865424
1
590830249
1
25
1
634668748921
4266191106576
4
495616
1186421992900
1
373687290366049
1
1
1
1
147943823462656
1
2627355711744
1122508465225
16
547891862268100
84919205281
198686822049
348830329
1
3952144
20763945409
1
1238030078224
1863129451225
2334784
1747684
1
32927731600
37170683209
1
106316721
26532801
1
1
210221001
144
165649
289
1
207244816
2313441
1
7414124506321
1
1
1
1
204276528141156
12769
1466583616
1
16
484
4
1
36
1676984401
777294400
1
4
4
1684804
256
121
1
1
168220043981089
20142763348761
1
10284849
5299204
1
4076361
576
1
147573904
1340247143296996
1
225
1602756
16703569
1
404496
103628623396
1
12560795762401936
729
537289
119846070340929
2621161
732135364
1
4
1
1
2984218384
1
1
13687830025
1
88804
1194649
1
9511056
1
212993621678601
1
1
1
234714087729
4
529
1302849025
1
1
35997472900
3534332320324
441
1
16
4
1
1
1
267639947687025
1
19669225
5508409
28791302400
305011030639225
1
1074974976100
323761
212587389184
2057956655364
1327946481
1
4
1
1201216
104448400
13456
1
105904681
1
1
304188481
3389281
23251684
121
1
4
22339786225
130347889
1
324
15899662790638225
1
1037947327209
1
133841761
1
1
144
9
6492304
13068225
169
2859468676
1
676
16630084
1
1
3810592900
190357209
1
1941078687076
4
1
1
1466252170321
576627609600
144
133739302414041
1
35474329097089
1401856
1
131769
1
81
137381841
9877914697225
1
1
1
1740206850561
1
4
1
4674244
14400
169
1
1
2298256
1016064
1127510556649
1
1
1
121
1
576
1
1
1
1
104919049
1540081
1
9
59526240400
682276
65536
4744978866813249
1
45796
1
153987003722500
1
1
426948700331169
1
1
35131129489
18831642127936
22014864
1798281
121
1
1471209892173316
324131341307904
3721
1
38416
1
1495832976
1
3283344
7200313555600
697593744
1
1998372395044
250873921
112593321
1
1
16
400
399945641846881
9966649
1
1
25
196
676
1
1934881
351750025
1
601083289
13924
37249
1047040164
18679684
1
1
3900625
592532964
4
137921536
2056078336
1
576
5922520906129
1371807822564
400
1
1
1542564
8239695617169
1
2556801
6848689
1
5461569
42889401
4
1
5776
40804
1
1
1
1
1
47089
292681
1
12544
1
1
179285860314289
102070609
1
10816
48867971056969
1136356
1
225
14473052416
948869843520361
10816
1
166905625286416
3481
1
262569616
1
1
1
19411681645161
2269994378113764
324
1671972636416644
1
1
1
16
1
1296
1
4
8073059563969
1
4
1
58184676225
14042961009
1
1
529
1089
16255990156038361
1083918360996
114244
4
845061237183969
15908889155898025
1225
1
25473436816
128478516721
38863785321
1
1
1
1
1
1
13162384
69729796096
887364
1
2682722025
34698355461961
597529
16
1
1
968765625
168100
299220804
55680425089
1
1
1
17689
400
1
1
4
611820225
16129
106296574260529
1
100
2202256
16384
22055220100
1
314366055797641
1982464
1
3622143595249
11467839744
2557718908369
15625
1
1
718495426705225
121887567376
1
1
81894985929
19321
5484514345216
16
2601
1
1923769
225
1
1
304502500
625
1
151770573030400
1
177156100
1
1
8100
11236
4
1198871704900
1
6320196
1
24401876521
876096953134225
4
4
1
27390581001
1129969
32455809
1
1
1
1
1
312476329
4
1
1
1
835396
1
1960000
1
1
1
1
16
1
1
1
131972191047225
6551521444836
1
4
961
1
815730721
1
4
1
16841291076
5080516
36
16129
1
143829045504
1215080164
324
1
1
260822500
1
1
1
14400
533055744
121
1
1
51706554788529
1
2025
761704801
1
3136
132549169
1
4
19600
2366194603536
1
11168801585867601
110502144
9
151321
1613789584
415792881
836637673041
362102841
1764
103381540900
1
4372281
49
139988178355600
1115064636661764100
1
10201
212722225
1
4148722687115241
130082127561
2493241
139447724329
1
1
4
1
4
10609
381379118481
1
1
176863401
9
181832819011600
865495302400
13924
1
100
32114889
1
1
840208370377104
1
1
16847618022225
1
1
159201
4
4
829209616
4
1835770268836
576
2548301395600
1
1
85100625
1
261633213006400
1
100238842444225
1
121
1
1
1
121660900
35721
1170966380544
5112121
18971756644
66088583929
1079704154757904
8129255308238689
1
4
152881
114244
1
4
1
2656900
1
676
149385342016
1
3218436
1594764865600
1
1
467121769
199794691265625
441041664984064
1
112614544
1
1943487225
1
25
49873162329
1
51094533681
1
234090000
1
1
4251881116081
121
1
320395357967281
1393828166025
1
1
1
2696164
175138756
1285956
1
1
21609
1
256
1
91016252721
1
6241
2111284556676
162486009
4
1
22589488804
1
1
15425366220196
1
1505517601
1
4045540890609
16994486818969
39174701476
7993075216
1
2852721
38809
1
417466624
124129501560964
39204
1063803456
276448316760225
1971216
1
227317255777936
3467138442937744
1
1
1
1
361
111788585104
13924
1
1
1
268909659225
44076321
438277867697569
