8999982 8000010 46 28
8999984 8000012 50 35
8999985 7999992 43 34
8999986 8000020 43 12
8999988 8000002 43 26
8999988 8000018 41 11
8999990 8000007 43 21
8999992 8000019 39 26
8999992 8000020 45 7
8999993 7999988 45 42
8999994 8000025 35 22
8999995 8000022 31 46
8999995 8000025 42 1
8999996 7999981 38 45
8999996 8000001 31 31
8999996 8000023 48 36
8999996 8000025 50 37
8999997 8000014 30 25
8999997 8000018 30 11
8999997 8000025 41 19
8999998 8000005 49 37
8999998 8000014 32 49
8999999 7999991 35 41
8999999 8000010 27 20
8999999 8000017 43 45
9000001 8000012 28 14
9000001 8000019 42 24
9000001 8000024 34 3
9000002 8000023 41 4
9000003 7999985 30 42
9000003 8000005 49 27
9000003 8000022 25 5
9000003 8000024 34 10
9000004 8000009 34 28
9000005 8000016 43 19
9000005 8000021 36 46
9000005 8000023 23 5
9000006 8000003 28 41
9000006 8000020 35 7
9000006 8000023 27 3
9000007 7999994 48 44
9000007 7999996 20 30
9000007 8000007 37 43
9000007 8000008 40 33
9000007 8000014 34 26
9000007 8000022 20 11
9000007 8000024 32 5
9000007 8000025 25 2
9000007 8000025 46 1
9000009 7999999 17 38
9000009 8000018 41 21
9000010 8000001 16 38
9000010 8000011 26 44
9000010 8000025 40 1
9000011 8000014 16 16
9000011 8000022 38 46
9000011 8000024 22 3
9000012 8000020 24 33
9000012 8000025 17 8
9000012 8000025 22 30
9000013 7999995 33 31
9000013 8000019 31 44
9000013 8000021 14 13
9000013 8000022 16 7
9000013 8000022 27 16
9000014 8000019 18 41
9000015 8000009 23 26
9000015 8000025 18 6
9000016 7999989 10 39
9000016 7999999 29 43
9000016 8000004 15 43
9000016 8000010 47 25
9000016 8000019 45 8
9000016 8000021 14 27
9000017 8000003 37 44
9000017 8000008 13 32
9000017 8000018 36 10
9000017 8000022 15 22
9000017 8000022 23 28
9000017 8000023 11 25
9000018 8000009 37 26
9000018 8000021 34 13
9000018 8000021 42 22
9000018 8000022 20 4
9000018 8000025 8 1
9000019 8000000 25 27
9000019 8000010 17 35
9000019 8000024 11 20
9000019 8000025 35 6
9000019 8000025 38 7
9000020 8000008 8 28
9000020 8000012 49 23
9000020 8000024 14 8
9000021 7999990 5 37
9000021 7999995 29 32
9000021 8000009 16 43
9000021 8000022 5 6
9000021 8000022 22 32
9000021 8000023 18 36
9000022 7999989 46 42
9000022 8000015 24 47
9000022 8000017 23 10
9000022 8000019 7 9
9000022 8000023 8 3
9000022 8000025 35 2
9000023 7999998 7 42
9000023 8000000 5 44
9000023 8000002 5 41
9000023 8000009 22 18
9000023 8000011 3 26
9000023 8000020 26 12
9000023 8000020 36 34
9000023 8000021 11 7
9000024 7999996 7 43
9000024 8000001 8 41
9000024 8000011 2 45
9000024 8000011 46 38
9000024 8000020 2 44
9000024 8000022 2 9
9000024 8000024 2 11
9000024 8000024 7 2
9000025 7999984 4 43
9000025 7999985 1 44
9000025 7999991 35 39
9000025 7999994 3 34
9000025 8000001 4 29
9000025 8000005 34 46
9000025 8000008 19 26
9000025 8000009 5 29
9000025 8000011 12 21
9000025 8000019 2 10
9000025 8000021 1 17
9000025 8000023 5 5
9000025 8000024 5 16
9000025 8000024 6 5
9000025 8000025 1 6
9000025 8000025 7 4
0 0 1 1
9999949 0 50 50
0 9999949 50 50
9999949 9999949 50 50
100 500 26 3
4100 500 24 13
8100 500 20 10
12100 500 38 33
16100 500 17 8
20100 500 39 31
24100 500 37 27
28100 500 29 16
32100 500 32 40
36100 500 37 13
40100 500 10 30
44100 500 25 36
48100 500 12 30
52100 500 13 37
56100 500 29 30
60100 500 11 43
64100 500 31 24
68100 500 34 20
72100 500 33 30
76100 500 23 43
80100 500 48 13
84100 500 20 39
88100 500 1 38
92100 500 24 25
96100 500 6 50
100100 500 12 15
104100 500 48 37
108100 500 24 7
112100 500 18 29
116100 500 25 28
120100 500 50 31
124100 500 37 24
128100 500 11 45
132100 500 36 39
136100 500 35 4
140100 500 14 20
144100 500 30 39
148100 500 19 39
152100 500 19 46
156100 500 47 6
160100 500 8 39
164100 500 7 5
168100 500 19 11
172100 500 49 50
176100 500 13 19
180100 500 40 17
184100 500 27 6
188100 500 2 9
192100 500 43 24
196100 500 48 47
200100 500 7 24
204100 500 21 35
208100 500 39 3
212100 500 3 18
216100 500 33 35
220100 500 29 10
224100 500 16 2
228100 500 38 37
232100 500 4 38
236100 500 32 14
240100 500 25 9
244100 500 19 25
248100 500 19 28
252100 500 39 37
256100 500 22 27
260100 500 48 3
264100 500 10 42
268100 500 35 13
272100 500 49 16
276100 500 18 38
280100 500 50 16
284100 500 21 26
288100 500 8 15
292100 500 43 25
296100 500 19 26
300100 500 25 18
304100 500 44 44
308100 500 13 6
312100 500 7 5
316100 500 13 21
320100 500 19 15
324100 500 20 11
328100 500 44 46
332100 500 31 43
336100 500 29 5
340100 500 15 19
344100 500 17 21
348100 500 1 23
352100 500 5 7
356100 500 36 22
360100 500 18 13
364100 500 11 38
368100 500 44 47
372100 500 14 4
376100 500 42 18
380100 500 28 11
384100 500 25 46
388100 500 45 35
392100 500 13 25
396100 500 32 35
400100 500 1 14
404100 500 8 47
408100 500 39 3
412100 500 1 14
416100 500 44 11
420100 500 13 23
424100 500 17 19
428100 500 2 16
432100 500 17 26
436100 500 35 7
440100 500 43 17
444100 500 46 5
448100 500 46 34
452100 500 30 48
456100 500 23 46
460100 500 20 37
464100 500 49 21
468100 500 40 38
472100 500 30 11
476100 500 16 1
480100 500 49 5
484100 500 17 41
488100 500 37 48
492100 500 31 16
496100 500 39 34
500100 500 23 22
504100 500 13 40
508100 500 3 6
512100 500 24 48
516100 500 17 18
520100 500 9 11
524100 500 13 19
528100 500 30 32
532100 500 11 26
536100 500 23 26
540100 500 39 1
544100 500 15 38
548100 500 1 37
552100 500 41 1
556100 500 42 46
560100 500 24 15
564100 500 11 42
568100 500 41 34
572100 500 42 3
576100 500 14 4
580100 500 23 7
584100 500 29 40
588100 500 14 8
592100 500 50 16
596100 500 50 48
600100 500 5 3
604100 500 4 13
608100 500 40 18
612100 500 10 12
616100 500 45 48
620100 500 22 1
624100 500 18 4
628100 500 45 46
632100 500 4 2
636100 500 15 33
640100 500 14 12
644100 500 33 23
648100 500 36 13
652100 500 16 40
656100 500 49 27
660100 500 14 49
664100 500 3 19
668100 500 31 34
672100 500 21 24
676100 500 15 34
680100 500 25 8
684100 500 41 45
688100 500 44 28
692100 500 7 10
696100 500 22 10
700100 500 36 24
704100 500 40 39
708100 500 2 47
712100 500 47 27
716100 500 47 17
720100 500 28 18
724100 500 16 18
728100 500 45 28
732100 500 24 14
736100 500 19 14
740100 500 27 26
744100 500 23 9
748100 500 20 8
752100 500 27 37
756100 500 35 27
760100 500 49 24
764100 500 28 14
768100 500 1 12
772100 500 14 29
776100 500 2 40
780100 500 18 48
784100 500 22 39
788100 500 49 8
792100 500 40 16
796100 500 31 12
800100 500 17 39
804100 500 8 39
808100 500 11 25
812100 500 49 47
816100 500 10 4
820100 500 40 25
824100 500 5 43
828100 500 3 44
832100 500 21 43
836100 500 49 35
840100 500 27 27
844100 500 9 14
848100 500 50 28
852100 500 21 6
856100 500 46 45
860100 500 1 3
864100 500 23 33
868100 500 41 22
872100 500 10 28
876100 500 43 20
880100 500 9 42
884100 500 29 32
888100 500 4 13
892100 500 21 11
896100 500 14 2
900100 500 35 48
904100 500 4 2
908100 500 5 38
912100 500 14 43
916100 500 25 38
920100 500 2 11
924100 500 25 24
928100 500 41 37
932100 500 16 42
936100 500 32 36
940100 500 19 44
944100 500 35 39
948100 500 2 19
952100 500 32 13
956100 500 30 38
960100 500 9 13
964100 500 21 20
968100 500 11 34
972100 500 14 33
976100 500 3 29
980100 500 7 48
984100 500 15 41
988100 500 13 15
992100 500 44 35
996100 500 29 18
1000100 500 31 35
1004100 500 21 22
1008100 500 9 25
1012100 500 50 1
1016100 500 25 20
1020100 500 24 11
1024100 500 11 14
1028100 500 23 16
1032100 500 19 6
1036100 500 37 16
1040100 500 44 19
1044100 500 15 24
1048100 500 26 49
1052100 500 23 18
1056100 500 30 11
1060100 500 39 42
1064100 500 50 37
1068100 500 44 47
1072100 500 19 22
1076100 500 33 19
1080100 500 42 20
1084100 500 31 45
1088100 500 47 8
1092100 500 5 14
1096100 500 22 2
1100100 500 49 9
1104100 500 22 14
1108100 500 42 28
1112100 500 20 21
1116100 500 32 39
1120100 500 11 41
1124100 500 4 50
1128100 500 18 42
1132100 500 26 43
1136100 500 5 35
1140100 500 11 12
1144100 500 24 50
1148100 500 49 44
1152100 500 30 35
1156100 500 2 39
1160100 500 8 15
1164100 500 46 48
1168100 500 47 21
1172100 500 45 30
1176100 500 31 24
1180100 500 1 4
1184100 500 20 8
1188100 500 5 42
1192100 500 27 50
1196100 500 28 1
1200100 500 9 25
1204100 500 5 2
1208100 500 42 44
1212100 500 35 35
1216100 500 16 46
1220100 500 31 22
1224100 500 24 27
1228100 500 14 19
1232100 500 30 24
1236100 500 12 8
1240100 500 46 32
1244100 500 36 10
1248100 500 36 49
1252100 500 19 35
1256100 500 34 18
1260100 500 21 13
1264100 500 7 26
1268100 500 41 37
1272100 500 26 42
1276100 500 34 10
1280100 500 23 24
1284100 500 35 34
1288100 500 38 40
1292100 500 2 20
1296100 500 40 28
1300100 500 24 15
1304100 500 13 45
1308100 500 22 31
1312100 500 7 26
1316100 500 47 31
1320100 500 12 28
1324100 500 50 47
1328100 500 26 37
1332100 500 18 37
1336100 500 34 7
1340100 500 42 7
1344100 500 23 46
1348100 500 15 41
1352100 500 17 16
1356100 500 44 41
1360100 500 34 47
1364100 500 48 3
1368100 500 4 49
1372100 500 20 1
1376100 500 2 45
1380100 500 36 47
1384100 500 38 40
1388100 500 50 37
1392100 500 30 15
1396100 500 43 38
1400100 500 16 43
1404100 500 38 19
1408100 500 34 35
1412100 500 24 42
1416100 500 15 36
1420100 500 38 16
1424100 500 37 12
1428100 500 22 7
1432100 500 48 20
1436100 500 2 19
1440100 500 27 33
1444100 500 41 26
1448100 500 27 10
1452100 500 12 29
1456100 500 35 21
1460100 500 22 7
1464100 500 19 3
1468100 500 36 45
1472100 500 44 47
1476100 500 49 41
1480100 500 43 42
1484100 500 27 1
1488100 500 38 22
1492100 500 10 27
1496100 500 50 21
1500100 500 6 15
1504100 500 39 37
1508100 500 7 19
1512100 500 8 40
1516100 500 15 49
1520100 500 27 40
1524100 500 39 15
1528100 500 26 17
1532100 500 22 29
1536100 500 6 15
1540100 500 12 38
1544100 500 19 41
1548100 500 17 5
1552100 500 5 18
1556100 500 6 46
1560100 500 16 44
1564100 500 16 42
1568100 500 44 6
1572100 500 49 18
1576100 500 42 16
1580100 500 46 28
1584100 500 44 5
1588100 500 16 49
1592100 500 27 1
1596100 500 33 11
1600100 500 45 45
1604100 500 28 18
1608100 500 6 48
1612100 500 37 7
1616100 500 49 1
1620100 500 15 33
1624100 500 49 32
1628100 500 26 39
1632100 500 22 24
1636100 500 41 3
1640100 500 49 40
1644100 500 23 3
1648100 500 44 20
1652100 500 36 13
1656100 500 27 2
1660100 500 5 4
1664100 500 26 29
1668100 500 40 42
1672100 500 24 7
1676100 500 29 38
1680100 500 38 24
1684100 500 31 20
1688100 500 41 13
1692100 500 46 1
1696100 500 8 15
1700100 500 31 5
1704100 500 9 35
1708100 500 5 21
1712100 500 17 13
1716100 500 40 38
1720100 500 6 6
1724100 500 43 34
1728100 500 46 24
1732100 500 36 14
1736100 500 25 20
1740100 500 9 18
1744100 500 17 44
1748100 500 21 9
1752100 500 3 18
1756100 500 48 15
1760100 500 24 24
1764100 500 42 49
1768100 500 7 2
1772100 500 22 29
1776100 500 41 41
1780100 500 17 38
1784100 500 49 49
1788100 500 16 49
1792100 500 16 50
1796100 500 30 32
1800100 500 27 34
1804100 500 24 37
1808100 500 47 9
1812100 500 9 38
1816100 500 31 35
1820100 500 44 1
1824100 500 34 11
1828100 500 11 2
1832100 500 44 30
1836100 500 15 5
1840100 500 42 6
1844100 500 17 19
1848100 500 31 11
1852100 500 48 23
1856100 500 40 3
1860100 500 30 32
1864100 500 7 7
1868100 500 11 20
1872100 500 44 50
1876100 500 9 3
1880100 500 47 35
1884100 500 38 18
1888100 500 9 25
1892100 500 26 12
1896100 500 32 17
1900100 500 7 20
1904100 500 1 40
1908100 500 10 20
1912100 500 45 31
1916100 500 39 42
1920100 500 11 19
1924100 500 22 17
1928100 500 3 41
1932100 500 25 20
1936100 500 24 8
1940100 500 8 46
1944100 500 28 21
1948100 500 39 45
1952100 500 20 26
1956100 500 19 4
1960100 500 19 15
1964100 500 22 15
1968100 500 45 17
1972100 500 37 28
1976100 500 16 41
1980100 500 47 42
1984100 500 49 39
1988100 500 48 34
1992100 500 1 6
1996100 500 46 24
2000100 500 16 44
2004100 500 9 17
2008100 500 18 44
2012100 500 36 50
2016100 500 22 19
2020100 500 28 50
2024100 500 21 36
2028100 500 3 5
2032100 500 45 15
2036100 500 20 10
2040100 500 39 33
2044100 500 30 9
2048100 500 38 18
2052100 500 12 25
2056100 500 50 4
2060100 500 8 4
2064100 500 28 9
2068100 500 17 16
2072100 500 11 45
2076100 500 33 18
2080100 500 8 24
2084100 500 40 8
2088100 500 33 26
2092100 500 41 3
2096100 500 29 33
2100100 500 47 23
2104100 500 45 6
2108100 500 44 29
2112100 500 21 28
2116100 500 4 31
2120100 500 33 10
2124100 500 24 27
2128100 500 15 10
2132100 500 48 17
2136100 500 27 31
2140100 500 46 5
2144100 500 41 25
2148100 500 30 11
2152100 500 2 2
2156100 500 31 32
2160100 500 47 11
2164100 500 10 25
2168100 500 37 18
2172100 500 45 13
2176100 500 41 13
2180100 500 50 49
2184100 500 3 24
2188100 500 40 42
2192100 500 40 16
2196100 500 16 42
2200100 500 38 20
2204100 500 15 50
2208100 500 39 15
2212100 500 6 47
2216100 500 18 3
2220100 500 16 39
2224100 500 14 49
2228100 500 4 49
2232100 500 9 13
2236100 500 32 42
2240100 500 14 34
2244100 500 17 43
2248100 500 49 7
2252100 500 13 23
2256100 500 4 45
2260100 500 42 20
2264100 500 6 36
2268100 500 15 5
2272100 500 25 5
2276100 500 6 35
2280100 500 38 44
2284100 500 13 5
2288100 500 9 22
2292100 500 5 39
2296100 500 18 1
2300100 500 22 10
2304100 500 16 33
2308100 500 50 21
2312100 500 37 46
2316100 500 23 1
2320100 500 18 16
2324100 500 21 49
2328100 500 6 24
2332100 500 48 18
2336100 500 24 6
2340100 500 7 22
2344100 500 42 38
2348100 500 32 25
2352100 500 24 38
2356100 500 23 30
2360100 500 15 40
2364100 500 47 33
2368100 500 28 35
2372100 500 40 40
2376100 500 48 1
2380100 500 32 33
2384100 500 42 25
2388100 500 20 42
2392100 500 24 31
2396100 500 21 14
2400100 500 39 27
2404100 500 9 19
2408100 500 12 26
2412100 500 48 17
2416100 500 40 11
2420100 500 33 20
2424100 500 46 48
2428100 500 9 17
2432100 500 41 22
2436100 500 8 50
2440100 500 24 34
2444100 500 20 13
2448100 500 49 35
2452100 500 28 15
2456100 500 36 14
2460100 500 49 46
2464100 500 7 43
2468100 500 44 47
2472100 500 46 42
2476100 500 33 21
2480100 500 35 48
2484100 500 49 43
2488100 500 30 16
2492100 500 33 32
2496100 500 16 43
2500100 500 31 26
2504100 500 16 26
2508100 500 20 45
2512100 500 43 34
2516100 500 44 33
2520100 500 12 46
2524100 500 25 8
2528100 500 40 20
2532100 500 20 50
2536100 500 21 30
2540100 500 34 50
2544100 500 9 26
2548100 500 30 4
2552100 500 47 16
2556100 500 33 34
2560100 500 7 36
2564100 500 43 38
2568100 500 7 36
2572100 500 27 8
2576100 500 11 24
2580100 500 2 2
2584100 500 43 27
2588100 500 24 17
2592100 500 35 21
2596100 500 22 8
2600100 500 11 10
2604100 500 7 33
2608100 500 8 1
2612100 500 43 8
2616100 500 23 48
2620100 500 6 48
2624100 500 6 47
2628100 500 10 3
2632100 500 44 8
2636100 500 22 17
2640100 500 25 35
2644100 500 21 3
2648100 500 17 26
2652100 500 37 49
2656100 500 26 28
2660100 500 47 21
2664100 500 28 41
2668100 500 32 38
2672100 500 21 7
2676100 500 9 9
2680100 500 49 50
2684100 500 21 46
2688100 500 3 38
2692100 500 7 37
2696100 500 34 17
2700100 500 29 44
2704100 500 28 32
2708100 500 6 30
2712100 500 11 5
2716100 500 12 9
2720100 500 22 4
2724100 500 21 46
2728100 500 12 41
2732100 500 12 21
2736100 500 49 10
2740100 500 5 27
2744100 500 32 34
2748100 500 28 1
2752100 500 43 45
2756100 500 25 24
2760100 500 38 40
2764100 500 31 42
2768100 500 20 14
2772100 500 28 6
2776100 500 14 31
2780100 500 44 36
2784100 500 43 49
2788100 500 42 18
2792100 500 44 6
2796100 500 17 11
2800100 500 20 21
2804100 500 33 2
2808100 500 24 2
2812100 500 28 7
2816100 500 18 1
2820100 500 9 24
2824100 500 33 30
2828100 500 10 20
2832100 500 40 32
2836100 500 40 45
2840100 500 29 21
2844100 500 16 15
2848100 500 13 17
2852100 500 40 5
2856100 500 8 19
2860100 500 5 21
2864100 500 9 15
2868100 500 25 49
2872100 500 50 22
2876100 500 24 13
2880100 500 34 43
2884100 500 49 20
2888100 500 11 20
2892100 500 19 50
2896100 500 16 10
2900100 500 43 10
2904100 500 13 41
2908100 500 42 2
2912100 500 13 27
2916100 500 12 46
2920100 500 7 40
2924100 500 21 6
2928100 500 13 1
2932100 500 40 22
2936100 500 7 24
2940100 500 38 15
2944100 500 29 8
2948100 500 28 36
2952100 500 37 6
2956100 500 32 20
2960100 500 42 33
2964100 500 24 36
2968100 500 39 9
2972100 500 38 5
2976100 500 9 19
2980100 500 13 3
2984100 500 47 9
2988100 500 47 44
2992100 500 33 9
2996100 500 43 30
3000100 500 42 37
3004100 500 6 18
3008100 500 15 9
3012100 500 9 12
3016100 500 26 27
3020100 500 21 49
3024100 500 10 10
3028100 500 31 41
3032100 500 47 34
3036100 500 19 16
3040100 500 10 16
3044100 500 45 44
3048100 500 46 1
3052100 500 4 10
3056100 500 45 5
3060100 500 41 4
3064100 500 4 30
3068100 500 24 12
3072100 500 40 46
3076100 500 47 7
3080100 500 41 37
3084100 500 5 11
3088100 500 47 16
3092100 500 27 11
3096100 500 26 4
3100100 500 13 38
3104100 500 28 22
3108100 500 41 9
3112100 500 42 41
3116100 500 39 14
3120100 500 18 45
3124100 500 28 49
3128100 500 43 26
3132100 500 36 34
3136100 500 43 33
3140100 500 41 13
3144100 500 43 45
3148100 500 7 42
3152100 500 20 26
3156100 500 6 19
3160100 500 47 8
3164100 500 19 43
3168100 500 46 22
3172100 500 6 48
3176100 500 16 5
3180100 500 2 50
3184100 500 32 36
3188100 500 39 47
3192100 500 13 17
3196100 500 13 15
3200100 500 17 47
3204100 500 35 34
3208100 500 17 22
3212100 500 23 45
3216100 500 29 11
3220100 500 14 13
3224100 500 31 6
3228100 500 41 17
3232100 500 22 39
3236100 500 20 7
3240100 500 4 18
3244100 500 29 7
3248100 500 11 2
3252100 500 44 20
3256100 500 49 31
3260100 500 26 43
3264100 500 37 28
3268100 500 14 11
3272100 500 32 1
3276100 500 6 11
3280100 500 24 25
3284100 500 42 17
3288100 500 47 49
3292100 500 31 40
3296100 500 21 28
3300100 500 41 43
3304100 500 24 44
3308100 500 38 28
3312100 500 34 47
3316100 500 47 42
3320100 500 46 46
3324100 500 39 23
3328100 500 31 26
3332100 500 34 30
3336100 500 21 38
3340100 500 45 41
3344100 500 33 11
3348100 500 28 10
3352100 500 42 35
3356100 500 45 38
3360100 500 5 33
3364100 500 47 27
3368100 500 2 33
3372100 500 47 3
3376100 500 1 39
3380100 500 45 20
3384100 500 28 37
3388100 500 23 3
3392100 500 11 43
3396100 500 15 45
3400100 500 37 30
3404100 500 14 14
3408100 500 37 6
3412100 500 44 1
3416100 500 25 40
3420100 500 41 23
3424100 500 43 49
3428100 500 50 11
3432100 500 6 29
3436100 500 34 11
3440100 500 18 20
3444100 500 42 40
3448100 500 1 24
3452100 500 25 6
3456100 500 12 33
3460100 500 50 29
3464100 500 44 44
3468100 500 34 21
3472100 500 11 25
3476100 500 37 5
3480100 500 37 14
3484100 500 21 24
3488100 500 11 25
3492100 500 18 17
3496100 500 17 41
3500100 500 27 42
3504100 500 32 22
3508100 500 6 43
3512100 500 31 41
3516100 500 7 20
3520100 500 11 47
3524100 500 2 26
3528100 500 7 40
3532100 500 2 6
3536100 500 44 39
3540100 500 42 45
3544100 500 13 42
3548100 500 4 29
3552100 500 46 3
3556100 500 34 36
3560100 500 37 24
3564100 500 25 8
3568100 500 19 31
3572100 500 10 25
3576100 500 25 13
3580100 500 47 13
3584100 500 18 20
3588100 500 34 28
3592100 500 49 29
3596100 500 47 45
3600100 500 46 11
3604100 500 14 39
3608100 500 29 5
3612100 500 28 9
3616100 500 14 42
3620100 500 10 8
3624100 500 8 8
3628100 500 28 45
3632100 500 40 40
3636100 500 6 1
3640100 500 45 30
3644100 500 37 4
3648100 500 29 7
3652100 500 39 25
3656100 500 21 19
3660100 500 29 40
3664100 500 4 25
3668100 500 50 3
3672100 500 14 42
3676100 500 34 7
3680100 500 28 9
3684100 500 22 39
3688100 500 24 48
3692100 500 43 20
3696100 500 9 9
3700100 500 16 37
3704100 500 7 42
3708100 500 34 17
3712100 500 34 33
3716100 500 40 3
3720100 500 11 45
3724100 500 30 37
3728100 500 10 13
3732100 500 42 15
3736100 500 15 28
3740100 500 34 14
3744100 500 36 50
3748100 500 50 39
3752100 500 14 36
3756100 500 33 39
3760100 500 47 19
3764100 500 36 5
3768100 500 37 40
3772100 500 13 4
3776100 500 3 4
3780100 500 28 19
3784100 500 46 43
3788100 500 24 41
3792100 500 20 48
3796100 500 1 17
3800100 500 39 46
3804100 500 27 8
3808100 500 40 11
3812100 500 30 32
3816100 500 47 39
3820100 500 6 27
3824100 500 20 47
3828100 500 49 26
3832100 500 35 14
3836100 500 41 10
3840100 500 3 46
3844100 500 22 12
3848100 500 47 49
3852100 500 32 9
3856100 500 29 4
3860100 500 22 25
3864100 500 17 24
3868100 500 26 49
3872100 500 11 33
3876100 500 26 31
3880100 500 26 8
3884100 500 34 45
3888100 500 49 19
3892100 500 3 6
3896100 500 10 34
3900100 500 17 12
3904100 500 40 36
3908100 500 19 21
3912100 500 17 29
3916100 500 21 15
3920100 500 39 7
3924100 500 3 17
3928100 500 42 43
3932100 500 40 37
3936100 500 34 15
3940100 500 1 30
3944100 500 6 34
3948100 500 7 37
3952100 500 23 17
3956100 500 2 20
3960100 500 17 6
3964100 500 14 42
3968100 500 35 35
3972100 500 28 40
3976100 500 2 45
3980100 500 13 20
3984100 500 37 16
3988100 500 45 20
3992100 500 38 2
3996100 500 34 12
4000100 500 13 49
4004100 500 50 42
4008100 500 19 43
4012100 500 32 23
4016100 500 22 42
4020100 500 15 42
4024100 500 38 32
4028100 500 35 18
4032100 500 8 30
4036100 500 32 27
4040100 500 11 1
4044100 500 50 2
4048100 500 11 8
4052100 500 9 27
4056100 500 50 42
4060100 500 1 49
4064100 500 50 24
4068100 500 48 4
4072100 500 7 13
4076100 500 35 44
4080100 500 10 21
4084100 500 35 45
4088100 500 11 8
4092100 500 43 38
4096100 500 3 5
4100100 500 37 17
4104100 500 40 1
4108100 500 9 31
4112100 500 45 34
4116100 500 7 22
4120100 500 30 21
4124100 500 46 25
4128100 500 3 25
4132100 500 31 39
4136100 500 14 41
4140100 500 49 18
4144100 500 38 48
4148100 500 39 11
4152100 500 30 30
4156100 500 36 30
4160100 500 28 37
4164100 500 48 16
4168100 500 7 50
4172100 500 18 38
4176100 500 18 34
4180100 500 17 44
4184100 500 8 3
4188100 500 43 36
4192100 500 39 25
4196100 500 2 24
4200100 500 20 37
4204100 500 30 35
4208100 500 41 12
4212100 500 11 19
4216100 500 32 5
4220100 500 31 10
4224100 500 39 43
4228100 500 26 2
4232100 500 8 19
4236100 500 45 9
4240100 500 23 30
4244100 500 20 36
4248100 500 48 2
4252100 500 37 8
4256100 500 28 24
4260100 500 42 8
4264100 500 21 36
4268100 500 49 46
4272100 500 9 17
4276100 500 49 44
4280100 500 4 47
4284100 500 24 21
4288100 500 3 50
4292100 500 27 32
4296100 500 22 19
4300100 500 1 50
4304100 500 20 29
4308100 500 47 40
4312100 500 37 33
4316100 500 17 16
4320100 500 36 26
4324100 500 12 50
4328100 500 45 7
4332100 500 16 36
4336100 500 36 39
4340100 500 8 37
4344100 500 35 41
4348100 500 26 2
4352100 500 35 18
4356100 500 1 7
4360100 500 10 12
4364100 500 19 43
4368100 500 18 40
4372100 500 9 17
4376100 500 26 6
4380100 500 14 26
4384100 500 5 44
4388100 500 19 42
4392100 500 45 2
4396100 500 21 6
4400100 500 35 43
4404100 500 26 29
4408100 500 23 9
4412100 500 5 16
4416100 500 1 27
4420100 500 40 17
4424100 500 50 28
4428100 500 22 40
4432100 500 33 40
4436100 500 48 38
4440100 500 41 20
4444100 500 47 24
4448100 500 25 1
4452100 500 30 5
4456100 500 23 1
4460100 500 46 29
4464100 500 35 2
4468100 500 27 23
4472100 500 34 46
4476100 500 18 28
4480100 500 24 14
4484100 500 5 10
4488100 500 36 34
4492100 500 25 31
4496100 500 6 2
4500100 500 25 4
4504100 500 24 36
4508100 500 43 37
4512100 500 11 16
4516100 500 8 24
4520100 500 30 32
4524100 500 12 42
4528100 500 37 45
4532100 500 34 36
4536100 500 49 32
4540100 500 14 15
4544100 500 14 17
4548100 500 43 34
4552100 500 31 9
4556100 500 46 42
4560100 500 16 31
4564100 500 21 1
4568100 500 48 35
4572100 500 44 41
4576100 500 45 2
4580100 500 19 14
4584100 500 40 2
4588100 500 35 17
4592100 500 25 41
4596100 500 39 6
4600100 500 43 49
4604100 500 32 18
4608100 500 11 30
4612100 500 8 31
4616100 500 37 28
4620100 500 36 27
4624100 500 2 44
4628100 500 12 4
4632100 500 28 24
4636100 500 13 6
4640100 500 25 31
4644100 500 30 35
4648100 500 46 13
4652100 500 16 49
4656100 500 43 26
4660100 500 26 49
4664100 500 36 43
4668100 500 16 45
4672100 500 41 11
4676100 500 22 32
4680100 500 17 10
4684100 500 1 1
4688100 500 20 17
4692100 500 49 19
4696100 500 41 35
4700100 500 28 28
4704100 500 1 32
4708100 500 11 13
4712100 500 22 25
4716100 500 13 14
4720100 500 45 35
4724100 500 38 38
4728100 500 36 32
4732100 500 23 46
4736100 500 15 49
4740100 500 5 25
4744100 500 12 24
4748100 500 19 28
4752100 500 24 50
4756100 500 35 16
4760100 500 4 34
4764100 500 43 40
4768100 500 25 18
4772100 500 38 6
4776100 500 43 37
4780100 500 6 38
4784100 500 27 46
4788100 500 21 39
4792100 500 22 9
4796100 500 30 31
4800100 500 40 22
4804100 500 3 47
4808100 500 17 21
4812100 500 17 15
4816100 500 37 21
4820100 500 45 46
4824100 500 45 18
4828100 500 18 29
4832100 500 16 38
4836100 500 8 7
4840100 500 12 40
4844100 500 38 12
4848100 500 22 20
4852100 500 32 15
4856100 500 35 37
4860100 500 1 28
4864100 500 39 18
4868100 500 44 48
4872100 500 49 49
4876100 500 18 47
4880100 500 24 10
4884100 500 14 1
4888100 500 41 26
4892100 500 49 30
4896100 500 29 49
4900100 500 45 36
4904100 500 37 30
4908100 500 35 49
4912100 500 35 10
4916100 500 45 34
4920100 500 22 10
4924100 500 6 40
4928100 500 38 33
4932100 500 10 36
4936100 500 29 28
4940100 500 15 49
4944100 500 2 36
4948100 500 41 45
4952100 500 25 41
4956100 500 12 42
4960100 500 47 24
4964100 500 26 22
4968100 500 42 36
4972100 500 19 36
4976100 500 35 38
4980100 500 15 29
4984100 500 28 30
4988100 500 32 30
4992100 500 50 15
4996100 500 31 44
5000100 500 14 9
5004100 500 36 21
5008100 500 7 41
5012100 500 21 5
5016100 500 23 25
5020100 500 9 15
5024100 500 17 36
5028100 500 23 33
5032100 500 42 22
5036100 500 33 22
5040100 500 11 39
5044100 500 27 47
5048100 500 19 22
5052100 500 3 47
5056100 500 41 21
5060100 500 23 8
5064100 500 1 43
5068100 500 44 17
5072100 500 30 2
5076100 500 45 41
5080100 500 27 32
5084100 500 35 40
5088100 500 6 32
5092100 500 19 30
5096100 500 26 47
5100100 500 2 25
5104100 500 2 32
5108100 500 13 38
5112100 500 36 15
5116100 500 44 6
5120100 500 14 23
5124100 500 22 40
5128100 500 9 23
5132100 500 20 7
5136100 500 13 21
5140100 500 32 36
5144100 500 25 34
5148100 500 31 31
5152100 500 33 49
5156100 500 29 28
5160100 500 6 4
5164100 500 4 18
5168100 500 49 40
5172100 500 1 12
5176100 500 40 19
5180100 500 30 36
5184100 500 44 29
5188100 500 36 38
5192100 500 13 28
5196100 500 26 36
5200100 500 40 2
5204100 500 9 35
5208100 500 16 11
5212100 500 48 4
5216100 500 3 17
5220100 500 3 28
5224100 500 44 37
5228100 500 21 19
5232100 500 7 4
5236100 500 11 1
5240100 500 1 37
5244100 500 13 4
5248100 500 46 3
5252100 500 4 41
5256100 500 35 18
5260100 500 28 37
5264100 500 45 10
5268100 500 4 48
5272100 500 17 45
5276100 500 25 25
5280100 500 26 17
5284100 500 5 1
5288100 500 48 50
5292100 500 7 43
5296100 500 37 14
5300100 500 20 24
5304100 500 46 18
5308100 500 44 1
5312100 500 30 2
5316100 500 47 46
5320100 500 11 23
5324100 500 10 30
5328100 500 45 38
5332100 500 40 3
5336100 500 8 31
5340100 500 25 49
5344100 500 6 18
5348100 500 41 47
5352100 500 10 23
5356100 500 23 6
5360100 500 15 19
5364100 500 32 27
5368100 500 26 2
5372100 500 27 50
5376100 500 47 35
5380100 500 23 18
5384100 500 35 48
5388100 500 24 37
5392100 500 40 9
5396100 500 29 40
5400100 500 30 6
5404100 500 26 35
5408100 500 42 45
5412100 500 31 33
5416100 500 37 24
5420100 500 22 29
5424100 500 3 28
5428100 500 17 43
5432100 500 16 48
5436100 500 14 8
5440100 500 45 31
5444100 500 19 41
5448100 500 29 46
5452100 500 44 15
5456100 500 3 2
5460100 500 32 50
5464100 500 32 25
5468100 500 41 12
5472100 500 33 45
5476100 500 40 23
5480100 500 27 47
5484100 500 47 30
5488100 500 44 43
5492100 500 24 46
5496100 500 3 14
5500100 500 44 8
5504100 500 4 7
5508100 500 45 6
5512100 500 10 43
5516100 500 6 4
5520100 500 15 45
5524100 500 30 22
5528100 500 2 40
5532100 500 15 30
5536100 500 27 18
5540100 500 15 50
5544100 500 2 44
5548100 500 14 24
5552100 500 13 2
5556100 500 26 19
5560100 500 10 41
5564100 500 19 15
5568100 500 21 24
5572100 500 46 28
5576100 500 3 3
5580100 500 26 19
5584100 500 8 30
5588100 500 5 38
5592100 500 3 15
5596100 500 11 6
5600100 500 49 42
5604100 500 12 28
5608100 500 2 23
5612100 500 30 40
5616100 500 44 40
5620100 500 21 8
5624100 500 42 27
5628100 500 20 37
5632100 500 50 45
5636100 500 7 8
5640100 500 40 34
5644100 500 15 4
5648100 500 35 5
5652100 500 48 9
5656100 500 29 36
5660100 500 23 3
5664100 500 45 47
5668100 500 15 3
5672100 500 42 43
5676100 500 29 26
5680100 500 32 35
5684100 500 22 21
5688100 500 37 18
5692100 500 27 38
5696100 500 8 16
5700100 500 33 25
5704100 500 46 22
5708100 500 23 14
5712100 500 41 16
5716100 500 29 25
5720100 500 37 15
5724100 500 30 8
5728100 500 44 15
5732100 500 35 1
5736100 500 31 8
5740100 500 18 10
5744100 500 34 27
5748100 500 39 39
5752100 500 38 37
5756100 500 49 22
5760100 500 47 46
5764100 500 44 17
5768100 500 12 35
5772100 500 15 28
5776100 500 35 39
5780100 500 28 46
5784100 500 43 1
5788100 500 50 2
5792100 500 22 18
5796100 500 11 5
5800100 500 23 32
5804100 500 17 43
5808100 500 7 1
5812100 500 43 30
5816100 500 27 5
5820100 500 4 10
5824100 500 25 40
5828100 500 44 18
5832100 500 22 10
5836100 500 21 1
5840100 500 40 1
5844100 500 20 8
5848100 500 47 48
5852100 500 29 40
5856100 500 19 49
5860100 500 15 9
5864100 500 13 34
5868100 500 26 36
5872100 500 45 27
5876100 500 29 32
5880100 500 31 27
5884100 500 14 7
5888100 500 11 25
5892100 500 25 7
5896100 500 25 1
5900100 500 39 12
5904100 500 24 41
5908100 500 22 14
5912100 500 31 42
5916100 500 42 48
5920100 500 13 3
5924100 500 18 35
5928100 500 46 4
5932100 500 41 22
5936100 500 42 7
5940100 500 32 7
5944100 500 15 47
5948100 500 28 12
5952100 500 48 36
5956100 500 11 25
5960100 500 3 4
5964100 500 41 44
5968100 500 29 48
5972100 500 41 30
5976100 500 7 18
5980100 500 23 38
5984100 500 15 33
5988100 500 8 33
5992100 500 31 49
5996100 500 3 47
6000100 500 41 22
6004100 500 20 6
6008100 500 35 47
6012100 500 2 11
6016100 500 17 15
6020100 500 6 38
6024100 500 50 17
6028100 500 6 17
6032100 500 34 42
6036100 500 29 35
6040100 500 16 46
6044100 500 24 8
6048100 500 20 24
6052100 500 44 37
6056100 500 19 11
6060100 500 12 19
6064100 500 20 26
6068100 500 16 32
6072100 500 21 30
6076100 500 34 35
6080100 500 39 7
6084100 500 9 50
6088100 500 2 24
6092100 500 45 40
6096100 500 29 17
6100100 500 18 49
6104100 500 48 18
6108100 500 30 10
6112100 500 46 8
6116100 500 36 35
6120100 500 48 46
6124100 500 17 14
6128100 500 34 16
6132100 500 35 37
6136100 500 13 17
6140100 500 1 44
6144100 500 2 24
6148100 500 38 4
6152100 500 27 13
6156100 500 14 27
6160100 500 4 4
6164100 500 4 18
6168100 500 37 19
6172100 500 44 47
6176100 500 49 29
6180100 500 39 17
6184100 500 31 3
6188100 500 14 29
6192100 500 37 44
6196100 500 11 2
6200100 500 12 42
6204100 500 42 24
6208100 500 2 1
6212100 500 14 45
6216100 500 48 15
6220100 500 21 45
6224100 500 50 10
6228100 500 47 42
6232100 500 21 24
6236100 500 19 44
6240100 500 23 25
6244100 500 40 20
6248100 500 23 33
6252100 500 29 16
6256100 500 27 43
6260100 500 27 20
6264100 500 23 48
6268100 500 46 11
6272100 500 27 44
6276100 500 37 12
6280100 500 27 27
6284100 500 47 33
6288100 500 40 49
6292100 500 44 10
6296100 500 49 28
6300100 500 42 35
6304100 500 6 29
6308100 500 42 35
6312100 500 18 6
6316100 500 34 5
6320100 500 50 39
6324100 500 28 23
6328100 500 16 9
6332100 500 24 27
6336100 500 10 25
6340100 500 22 26
6344100 500 21 31
6348100 500 11 45
6352100 500 15 48
6356100 500 17 36
6360100 500 17 30
6364100 500 48 22
6368100 500 31 20
6372100 500 4 25
6376100 500 20 14
6380100 500 50 9
6384100 500 4 50
6388100 500 15 15
6392100 500 48 38
6396100 500 7 14
100 100500 44 4
4100 100500 12 37
8100 100500 38 25
12100 100500 36 5
16100 100500 14 28
20100 100500 1 44
24100 100500 31 7
28100 100500 37 3
32100 100500 24 32
36100 100500 31 27
40100 100500 16 6
44100 100500 16 14
48100 100500 25 8
52100 100500 46 19
56100 100500 38 44
60100 100500 12 29
64100 100500 36 27
68100 100500 16 27
72100 100500 35 26
76100 100500 28 45
80100 100500 43 17
84100 100500 14 41
88100 100500 2 7
92100 100500 49 13
96100 100500 42 18
100100 100500 19 27
104100 100500 30 19
108100 100500 2 27
112100 100500 1 16
116100 100500 9 7
120100 100500 10 5
124100 100500 32 3
128100 100500 18 10
132100 100500 1 16
136100 100500 1 5
140100 100500 9 1
144100 100500 28 46
148100 100500 25 47
152100 100500 32 1
156100 100500 39 22
160100 100500 1 2
164100 100500 27 34
168100 100500 13 34
172100 100500 1 40
176100 100500 4 14
180100 100500 40 11
184100 100500 26 46
188100 100500 35 11
192100 100500 36 15
196100 100500 26 36
200100 100500 29 23
204100 100500 26 19
208100 100500 25 16
212100 100500 9 44
216100 100500 50 14
220100 100500 7 10
224100 100500 40 2
228100 100500 20 34
232100 100500 29 21
236100 100500 25 3
240100 100500 25 13
244100 100500 36 18
248100 100500 3 9
252100 100500 45 19
256100 100500 46 20
260100 100500 20 38
264100 100500 31 30
268100 100500 30 45
272100 100500 16 30
276100 100500 24 34
280100 100500 41 36
284100 100500 5 13
288100 100500 1 25
292100 100500 8 13
296100 100500 50 28
300100 100500 14 40
304100 100500 8 20
308100 100500 50 11
312100 100500 3 20
316100 100500 6 14
320100 100500 4 27
324100 100500 3 33
328100 100500 35 16
332100 100500 24 26
336100 100500 2 6
340100 100500 6 46
344100 100500 5 21
348100 100500 33 1
352100 100500 13 16
356100 100500 4 39
360100 100500 2 2
364100 100500 27 12
368100 100500 30 13
372100 100500 49 41
376100 100500 30 23
380100 100500 6 27
384100 100500 40 35
388100 100500 3 32
392100 100500 37 30
396100 100500 6 18
400100 100500 36 26
404100 100500 3 44
408100 100500 22 36
412100 100500 41 1
416100 100500 11 33
420100 100500 40 40
424100 100500 17 40
428100 100500 18 20
432100 100500 47 11
436100 100500 3 25
440100 100500 38 33
444100 100500 10 47
448100 100500 3 35
452100 100500 36 28
456100 100500 26 11
460100 100500 16 32
464100 100500 17 11
468100 100500 42 23
472100 100500 38 33
476100 100500 30 45
480100 100500 48 36
484100 100500 36 22
488100 100500 11 42
492100 100500 10 46
496100 100500 39 34
500100 100500 5 45
504100 100500 2 11
508100 100500 34 37
512100 100500 10 33
516100 100500 27 15
520100 100500 18 2
524100 100500 34 18
528100 100500 24 6
532100 100500 30 19
536100 100500 19 50
540100 100500 23 35
544100 100500 17 30
548100 100500 39 7
552100 100500 38 23
556100 100500 10 4
560100 100500 42 3
564100 100500 2 43
568100 100500 21 32
572100 100500 32 45
576100 100500 28 30
580100 100500 10 27
584100 100500 12 15
588100 100500 50 33
592100 100500 31 6
596100 100500 28 27
600100 100500 27 20
604100 100500 8 3
608100 100500 8 23
612100 100500 43 6
616100 100500 13 41
620100 100500 25 23
624100 100500 27 22
628100 100500 44 45
632100 100500 38 46
636100 100500 26 14
640100 100500 3 49
644100 100500 20 35
648100 100500 5 12
652100 100500 6 8
656100 100500 42 32
660100 100500 7 30
664100 100500 43 46
668100 100500 20 4
672100 100500 37 28
676100 100500 4 29
680100 100500 6 24
684100 100500 41 43
688100 100500 29 41
692100 100500 49 32
696100 100500 32 13
700100 100500 22 33
704100 100500 26 26
708100 100500 28 9
712100 100500 46 48
716100 100500 45 46
720100 100500 39 16
724100 100500 39 29
728100 100500 5 46
732100 100500 43 13
736100 100500 23 24
740100 100500 16 45
744100 100500 7 27
748100 100500 10 1
752100 100500 41 6
756100 100500 41 9
760100 100500 39 38
764100 100500 21 7
768100 100500 44 43
772100 100500 37 48
776100 100500 28 21
780100 100500 6 34
784100 100500 31 21
788100 100500 50 43
792100 100500 5 45
796100 100500 38 33
800100 100500 36 7
804100 100500 4 13
808100 100500 1 40
812100 100500 38 17
816100 100500 12 25
820100 100500 49 10
824100 100500 26 13
828100 100500 13 16
832100 100500 40 39
836100 100500 9 41
840100 100500 31 20
844100 100500 22 13
848100 100500 8 14
852100 100500 34 24
856100 100500 34 41
860100 100500 42 7
864100 100500 41 1
868100 100500 34 45
872100 100500 15 38
876100 100500 37 6
880100 100500 45 14
884100 100500 14 8
888100 100500 3 38
892100 100500 22 33
896100 100500 6 25
900100 100500 2 4
904100 100500 14 40
908100 100500 40 4
912100 100500 7 39
916100 100500 19 5
920100 100500 43 5
924100 100500 18 35
928100 100500 28 21
932100 100500 24 35
936100 100500 4 23
940100 100500 7 16
944100 100500 34 7
948100 100500 42 27
952100 100500 3 24
956100 100500 21 33
960100 100500 12 10
964100 100500 1 21
968100 100500 48 29
972100 100500 45 24
976100 100500 20 27
980100 100500 17 28
984100 100500 50 9
988100 100500 46 31
992100 100500 3 15
996100 100500 18 26
1000100 100500 4 50
1004100 100500 19 25
1008100 100500 25 7
1012100 100500 43 34
1016100 100500 23 29
1020100 100500 32 6
1024100 100500 17 18
1028100 100500 24 28
1032100 100500 38 29
1036100 100500 37 2
1040100 100500 15 22
1044100 100500 25 17
1048100 100500 3 47
1052100 100500 10 5
1056100 100500 21 49
1060100 100500 20 16
1064100 100500 17 13
1068100 100500 33 34
1072100 100500 49 10
1076100 100500 19 4
1080100 100500 2 50
1084100 100500 6 10
1088100 100500 42 7
1092100 100500 28 46
1096100 100500 37 9
1100100 100500 13 47
1104100 100500 20 43
1108100 100500 50 25
1112100 100500 23 20
1116100 100500 24 2
1120100 100500 16 6
1124100 100500 3 11
1128100 100500 20 21
1132100 100500 29 40
1136100 100500 31 11
1140100 100500 13 10
1144100 100500 3 44
1148100 100500 26 43
1152100 100500 24 8
1156100 100500 47 22
1160100 100500 48 18
1164100 100500 46 45
1168100 100500 15 50
1172100 100500 46 33
1176100 100500 21 2
1180100 100500 30 35
1184100 100500 16 6
1188100 100500 6 2
1192100 100500 9 39
1196100 100500 12 9
1200100 100500 37 34
1204100 100500 27 23
1208100 100500 34 7
1212100 100500 10 1
1216100 100500 20 16
1220100 100500 14 2
1224100 100500 38 22
1228100 100500 22 13
1232100 100500 23 42
1236100 100500 36 40
1240100 100500 4 15
1244100 100500 13 34
1248100 100500 28 24
1252100 100500 43 15
1256100 100500 38 45
1260100 100500 49 15
1264100 100500 41 9
1268100 100500 22 22
1272100 100500 34 18
1276100 100500 16 5
1280100 100500 30 36
1284100 100500 48 20
1288100 100500 49 31
1292100 100500 33 9
1296100 100500 12 11
1300100 100500 29 37
1304100 100500 40 43
1308100 100500 16 50
1312100 100500 8 39
1316100 100500 7 44
1320100 100500 33 20
1324100 100500 46 27
1328100 100500 41 27
1332100 100500 35 37
1336100 100500 32 31
1340100 100500 31 42
1344100 100500 40 39
1348100 100500 3 2
1352100 100500 35 50
1356100 100500 49 39
1360100 100500 22 31
1364100 100500 33 45
1368100 100500 32 10
1372100 100500 24 14
1376100 100500 30 12
1380100 100500 17 10
1384100 100500 45 31
1388100 100500 24 36
1392100 100500 49 4
1396100 100500 45 6
1400100 100500 19 38
1404100 100500 34 36
1408100 100500 44 22
1412100 100500 20 11
1416100 100500 14 38
1420100 100500 30 32
1424100 100500 8 37
1428100 100500 8 32
1432100 100500 19 28
1436100 100500 18 21
1440100 100500 39 7
1444100 100500 37 16
1448100 100500 27 13
1452100 100500 20 21
1456100 100500 19 3
1460100 100500 48 12
1464100 100500 15 28
1468100 100500 38 36
1472100 100500 12 29
1476100 100500 32 48
1480100 100500 28 2
1484100 100500 48 5
1488100 100500 25 36
1492100 100500 30 19
1496100 100500 22 8
1500100 100500 6 42
1504100 100500 28 29
1508100 100500 6 41
1512100 100500 34 19
1516100 100500 44 19
1520100 100500 33 42
1524100 100500 44 4
1528100 100500 14 41
1532100 100500 38 42
1536100 100500 33 13
1540100 100500 29 27
1544100 100500 21 30
1548100 100500 37 48
1552100 100500 41 10
1556100 100500 38 32
1560100 100500 40 38
1564100 100500 16 8
1568100 100500 32 11
1572100 100500 37 13
1576100 100500 15 47
1580100 100500 20 27
1584100 100500 1 30
1588100 100500 39 28
1592100 100500 34 27
1596100 100500 36 43
1600100 100500 20 19
1604100 100500 50 50
1608100 100500 46 18
1612100 100500 41 12
1616100 100500 1 13
1620100 100500 41 12
1624100 100500 23 17
1628100 100500 13 21
1632100 100500 7 50
1636100 100500 19 8
1640100 100500 24 32
1644100 100500 7 3
1648100 100500 37 34
1652100 100500 14 50
1656100 100500 16 24
1660100 100500 8 22
1664100 100500 12 5
1668100 100500 2 37
1672100 100500 42 30
1676100 100500 3 33
1680100 100500 8 41
1684100 100500 36 46
1688100 100500 10 7
1692100 100500 8 13
1696100 100500 39 3
1700100 100500 28 29
1704100 100500 50 26
1708100 100500 48 21
1712100 100500 17 3
1716100 100500 37 14
1720100 100500 9 21
1724100 100500 23 5
1728100 100500 41 38
1732100 100500 15 20
1736100 100500 34 21
1740100 100500 21 32
1744100 100500 36 45
1748100 100500 13 9
1752100 100500 28 17
1756100 100500 28 50
1760100 100500 25 46
1764100 100500 4 17
1768100 100500 3 22
1772100 100500 11 45
1776100 100500 25 36
1780100 100500 42 4
1784100 100500 31 25
1788100 100500 32 1
1792100 100500 14 36
1796100 100500 16 30
1800100 100500 27 48
1804100 100500 11 23
1808100 100500 46 33
1812100 100500 16 26
1816100 100500 21 3
1820100 100500 28 19
1824100 100500 11 31
1828100 100500 28 3
1832100 100500 10 24
1836100 100500 21 13
1840100 100500 10 29
1844100 100500 27 33
1848100 100500 26 22
1852100 100500 28 17
1856100 100500 2 20
1860100 100500 29 8
1864100 100500 42 40
1868100 100500 17 30
1872100 100500 30 16
1876100 100500 25 2
1880100 100500 35 14
1884100 100500 28 43
1888100 100500 8 40
1892100 100500 34 8
1896100 100500 48 1
1900100 100500 12 13
1904100 100500 34 37
1908100 100500 9 50
1912100 100500 7 37
1916100 100500 38 11
1920100 100500 4 13
1924100 100500 31 46
1928100 100500 31 47
1932100 100500 37 18
1936100 100500 29 9
1940100 100500 2 4
1944100 100500 3 12
1948100 100500 23 18
1952100 100500 17 12
1956100 100500 32 1
1960100 100500 14 33
1964100 100500 43 13
1968100 100500 29 28
1972100 100500 49 50
1976100 100500 42 11
1980100 100500 3 21
1984100 100500 48 6
1988100 100500 47 33
1992100 100500 42 1
1996100 100500 35 33
2000100 100500 31 33
2004100 100500 5 10
2008100 100500 34 2
2012100 100500 11 31
2016100 100500 22 13
2020100 100500 11 46
2024100 100500 45 43
2028100 100500 35 48
2032100 100500 10 49
2036100 100500 22 27
2040100 100500 3 50
2044100 100500 19 21
2048100 100500 18 44
2052100 100500 43 49
2056100 100500 1 4
2060100 100500 31 47
2064100 100500 7 42
2068100 100500 40 21
2072100 100500 26 38
2076100 100500 39 38
2080100 100500 21 50
2084100 100500 14 10
2088100 100500 32 41
2092100 100500 28 28
2096100 100500 31 29
2100100 100500 14 14
2104100 100500 11 2
2108100 100500 19 2
2112100 100500 4 44
2116100 100500 17 31
2120100 100500 41 46
2124100 100500 22 1
2128100 100500 24 5
2132100 100500 11 2
2136100 100500 14 34
2140100 100500 37 33
2144100 100500 16 31
2148100 100500 39 4
2152100 100500 17 23
2156100 100500 40 13
2160100 100500 41 47
2164100 100500 24 10
2168100 100500 14 46
2172100 100500 17 20
2176100 100500 17 45
2180100 100500 23 1
2184100 100500 35 38
2188100 100500 20 32
2192100 100500 50 42
2196100 100500 33 19
2200100 100500 42 9
2204100 100500 7 49
2208100 100500 21 29
2212100 100500 1 1
2216100 100500 49 37
2220100 100500 38 38
2224100 100500 48 9
2228100 100500 41 10
2232100 100500 38 1
2236100 100500 4 31
2240100 100500 46 12
2244100 100500 41 33
2248100 100500 13 17
2252100 100500 18 4
2256100 100500 11 39
2260100 100500 16 45
2264100 100500 18 9
2268100 100500 21 12
2272100 100500 1 41
2276100 100500 7 42
2280100 100500 36 25
2284100 100500 50 42
2288100 100500 50 45
2292100 100500 20 37
2296100 100500 40 15
2300100 100500 38 28
2304100 100500 20 1
2308100 100500 21 8
2312100 100500 27 25
2316100 100500 42 21
2320100 100500 10 20
2324100 100500 41 1
2328100 100500 21 11
2332100 100500 38 38
2336100 100500 23 16
2340100 100500 40 49
2344100 100500 40 26
2348100 100500 49 34
2352100 100500 18 28
2356100 100500 28 35
2360100 100500 46 3
2364100 100500 21 3
2368100 100500 5 5
2372100 100500 11 19
2376100 100500 32 1
2380100 100500 34 44
2384100 100500 26 20
2388100 100500 9 42
2392100 100500 35 43
2396100 100500 39 40
2400100 100500 49 7
2404100 100500 36 46
2408100 100500 48 11
2412100 100500 50 16
2416100 100500 22 35
2420100 100500 8 4
2424100 100500 8 44
2428100 100500 39 32
2432100 100500 38 8
2436100 100500 50 5
2440100 100500 7 49
2444100 100500 12 10
2448100 100500 31 18
2452100 100500 40 41
2456100 100500 33 22
2460100 100500 7 39
2464100 100500 21 47
2468100 100500 8 32
2472100 100500 49 44
2476100 100500 38 15
2480100 100500 43 43
2484100 100500 30 28
2488100 100500 7 7
2492100 100500 38 12
2496100 100500 7 42
2500100 100500 25 7
2504100 100500 15 20
2508100 100500 22 20
2512100 100500 4 3
2516100 100500 28 13
2520100 100500 33 25
2524100 100500 37 28
2528100 100500 18 10
2532100 100500 3 49
2536100 100500 2 32
2540100 100500 43 2
2544100 100500 3 23
2548100 100500 13 22
2552100 100500 12 28
2556100 100500 31 4
2560100 100500 1 37
2564100 100500 8 34
2568100 100500 8 11
2572100 100500 31 15
2576100 100500 1 39
2580100 100500 6 18
2584100 100500 33 14
2588100 100500 32 2
2592100 100500 22 6
2596100 100500 38 39
2600100 100500 16 27
2604100 100500 28 48
2608100 100500 23 15
2612100 100500 10 14
2616100 100500 5 35
2620100 100500 26 3
2624100 100500 34 30
2628100 100500 41 17
2632100 100500 11 8
2636100 100500 38 3
2640100 100500 13 31
2644100 100500 11 24
2648100 100500 9 5
2652100 100500 27 9
2656100 100500 3 36
2660100 100500 40 50
2664100 100500 22 31
2668100 100500 30 24
2672100 100500 12 10
2676100 100500 5 18
2680100 100500 34 35
2684100 100500 19 38
2688100 100500 41 33
2692100 100500 46 24
2696100 100500 33 8
2700100 100500 45 39
2704100 100500 16 36
2708100 100500 14 43
2712100 100500 4 11
2716100 100500 42 5
2720100 100500 41 9
2724100 100500 9 4
2728100 100500 9 36
2732100 100500 15 18
2736100 100500 22 32
2740100 100500 22 14
2744100 100500 35 10
2748100 100500 46 20
2752100 100500 35 19
2756100 100500 20 5
2760100 100500 28 33
2764100 100500 23 23
2768100 100500 24 3
2772100 100500 37 30
2776100 100500 2 6
2780100 100500 40 19
2784100 100500 20 25
2788100 100500 43 27
2792100 100500 22 16
2796100 100500 2 20
2800100 100500 48 5
2804100 100500 23 10
2808100 100500 7 6
2812100 100500 41 50
2816100 100500 43 18
2820100 100500 38 17
2824100 100500 19 47
2828100 100500 16 9
2832100 100500 7 21
2836100 100500 7 22
2840100 100500 16 36
2844100 100500 32 19
2848100 100500 24 9
2852100 100500 19 26
2856100 100500 28 10
2860100 100500 41 20
2864100 100500 18 14
2868100 100500 44 1
2872100 100500 10 47
2876100 100500 3 30
2880100 100500 12 15
2884100 100500 28 50
2888100 100500 29 18
2892100 100500 24 14
2896100 100500 47 12
2900100 100500 47 7
2904100 100500 11 32
2908100 100500 47 47
2912100 100500 20 1
2916100 100500 47 32
2920100 100500 22 6
2924100 100500 40 14
2928100 100500 32 3
2932100 100500 16 24
2936100 100500 3 1
2940100 100500 22 33
2944100 100500 20 45
2948100 100500 50 10
2952100 100500 48 41
2956100 100500 32 30
2960100 100500 4 22
2964100 100500 27 31
2968100 100500 31 28
2972100 100500 13 28
2976100 100500 18 44
2980100 100500 27 50
2984100 100500 22 17
2988100 100500 34 21
2992100 100500 8 41
2996100 100500 20 10
3000100 100500 39 14
3004100 100500 24 7
3008100 100500 13 37
3012100 100500 29 11
3016100 100500 16 29
3020100 100500 19 38
3024100 100500 23 18
3028100 100500 45 21
3032100 100500 50 19
3036100 100500 4 32
3040100 100500 19 42
3044100 100500 25 7
3048100 100500 24 49
3052100 100500 18 40
3056100 100500 1 50
3060100 100500 17 40
3064100 100500 26 18
3068100 100500 39 44
3072100 100500 34 49
3076100 100500 31 26
3080100 100500 28 46
3084100 100500 42 4
3088100 100500 9 48
3092100 100500 35 9
3096100 100500 49 21
3100100 100500 22 1
3104100 100500 9 48
3108100 100500 37 19
3112100 100500 41 4
3116100 100500 7 5
3120100 100500 4 22
3124100 100500 49 7
3128100 100500 40 22
3132100 100500 15 43
3136100 100500 9 39
3140100 100500 16 14
3144100 100500 28 6
3148100 100500 14 31
3152100 100500 21 42
3156100 100500 38 1
3160100 100500 2 11
3164100 100500 39 17
3168100 100500 17 23
3172100 100500 9 45
3176100 100500 12 46
3180100 100500 11 37
3184100 100500 29 45
3188100 100500 30 41
3192100 100500 49 10
3196100 100500 30 17
3200100 100500 11 42
3204100 100500 31 16
3208100 100500 42 25
3212100 100500 13 34
3216100 100500 50 50
3220100 100500 33 4
3224100 100500 10 47
3228100 100500 12 36
3232100 100500 28 20
3236100 100500 7 14
3240100 100500 16 48
3244100 100500 32 41
3248100 100500 3 37
3252100 100500 11 42
3256100 100500 19 33
3260100 100500 21 6
3264100 100500 49 31
3268100 100500 40 14
3272100 100500 5 38
3276100 100500 15 2
3280100 100500 41 50
3284100 100500 34 14
3288100 100500 30 44
3292100 100500 13 44
3296100 100500 17 45
3300100 100500 29 42
3304100 100500 5 11
3308100 100500 32 9
3312100 100500 17 20
3316100 100500 8 29
3320100 100500 3 44
3324100 100500 29 38
3328100 100500 35 3
3332100 100500 11 9
3336100 100500 16 1
3340100 100500 3 20
3344100 100500 28 43
3348100 100500 1 6
3352100 100500 17 6
3356100 100500 27 5
3360100 100500 11 15
3364100 100500 28 45
3368100 100500 20 49
3372100 100500 32 47
3376100 100500 20 2
3380100 100500 50 4
3384100 100500 32 45
3388100 100500 44 41
3392100 100500 17 31
3396100 100500 29 15
3400100 100500 18 16
3404100 100500 37 47
3408100 100500 8 11
3412100 100500 33 43
3416100 100500 41 34
3420100 100500 22 28
3424100 100500 21 47
3428100 100500 20 26
3432100 100500 39 11
3436100 100500 27 36
3440100 100500 17 50
3444100 100500 15 43
3448100 100500 44 44
3452100 100500 49 32
3456100 100500 13 48
3460100 100500 46 38
3464100 100500 10 31
3468100 100500 46 2
3472100 100500 11 39
3476100 100500 6 39
3480100 100500 12 13
3484100 100500 43 14
3488100 100500 6 6
3492100 100500 41 30
3496100 100500 2 10
3500100 100500 36 16
3504100 100500 46 16
3508100 100500 14 6
3512100 100500 31 43
3516100 100500 19 1
3520100 100500 40 6
3524100 100500 28 27
3528100 100500 34 21
3532100 100500 47 14
3536100 100500 45 4
3540100 100500 16 31
3544100 100500 16 48
3548100 100500 44 21
3552100 100500 30 27
3556100 100500 13 29
3560100 100500 17 31
3564100 100500 2 7
3568100 100500 6 12
3572100 100500 9 33
3576100 100500 31 22
3580100 100500 18 14
3584100 100500 50 37
3588100 100500 37 4
3592100 100500 17 29
3596100 100500 35 13
3600100 100500 34 24
3604100 100500 44 48
3608100 100500 44 47
3612100 100500 41 19
3616100 100500 28 34
3620100 100500 12 41
3624100 100500 20 48
3628100 100500 46 47
3632100 100500 22 31
3636100 100500 1 34
3640100 100500 7 18
3644100 100500 5 43
3648100 100500 2 20
3652100 100500 43 30
3656100 100500 45 2
3660100 100500 10 17
3664100 100500 45 35
3668100 100500 19 36
3672100 100500 33 29
3676100 100500 37 31
3680100 100500 10 41
3684100 100500 13 42
3688100 100500 14 17
3692100 100500 10 23
3696100 100500 45 21
3700100 100500 1 43
3704100 100500 33 7
3708100 100500 21 10
3712100 100500 39 22
3716100 100500 28 43
3720100 100500 39 8
3724100 100500 8 12
3728100 100500 49 17
3732100 100500 18 5
3736100 100500 12 21
3740100 100500 26 49
3744100 100500 44 36
3748100 100500 50 32
3752100 100500 6 1
3756100 100500 24 46
3760100 100500 31 22
3764100 100500 41 2
3768100 100500 50 44
3772100 100500 1 18
3776100 100500 45 22
3780100 100500 31 46
3784100 100500 29 1
3788100 100500 37 37
3792100 100500 36 49
3796100 100500 34 19
3800100 100500 34 46
3804100 100500 28 36
3808100 100500 6 45
3812100 100500 19 31
3816100 100500 12 27
3820100 100500 45 3
3824100 100500 25 12
3828100 100500 15 48
3832100 100500 49 20
3836100 100500 13 33
3840100 100500 15 11
3844100 100500 39 22
3848100 100500 32 15
3852100 100500 1 46
3856100 100500 4 5
3860100 100500 1 47
3864100 100500 4 35
3868100 100500 37 29
3872100 100500 6 36
3876100 100500 36 10
3880100 100500 43 19
3884100 100500 34 35
3888100 100500 13 21
3892100 100500 33 33
3896100 100500 46 10
3900100 100500 23 43
3904100 100500 2 44
3908100 100500 34 31
3912100 100500 18 5
3916100 100500 31 42
3920100 100500 20 12
3924100 100500 32 17
3928100 100500 47 46
3932100 100500 17 28
3936100 100500 19 18
3940100 100500 27 5
3944100 100500 11 28
3948100 100500 3 48
3952100 100500 25 44
3956100 100500 38 30
3960100 100500 15 24
3964100 100500 19 10
3968100 100500 36 19
3972100 100500 32 16
3976100 100500 23 29
3980100 100500 26 8
3984100 100500 19 4
3988100 100500 38 9
3992100 100500 1 11
3996100 100500 9 25
4000100 100500 22 39
4004100 100500 41 30
4008100 100500 33 44
4012100 100500 31 24
4016100 100500 29 35
4020100 100500 11 37
4024100 100500 34 21
4028100 100500 49 47
4032100 100500 41 32
4036100 100500 45 2
4040100 100500 9 12
4044100 100500 11 3
4048100 100500 8 34
4052100 100500 39 35
4056100 100500 41 32
4060100 100500 48 45
4064100 100500 46 32
4068100 100500 19 16
4072100 100500 36 9
4076100 100500 36 18
4080100 100500 21 31
4084100 100500 21 24
4088100 100500 13 5
4092100 100500 18 6
4096100 100500 3 43
4100100 100500 3 12
4104100 100500 1 29
4108100 100500 10 37
4112100 100500 24 27
4116100 100500 39 43
4120100 100500 41 4
4124100 100500 31 20
4128100 100500 31 49
4132100 100500 3 36
4136100 100500 31 50
4140100 100500 47 29
4144100 100500 35 6
4148100 100500 45 4
4152100 100500 48 27
4156100 100500 35 4
4160100 100500 7 29
4164100 100500 29 47
4168100 100500 27 6
4172100 100500 25 29
4176100 100500 26 10
4180100 100500 5 45
4184100 100500 31 39
4188100 100500 13 11
4192100 100500 16 4
4196100 100500 33 49
4200100 100500 5 29
4204100 100500 19 7
4208100 100500 17 38
4212100 100500 6 13
4216100 100500 37 18
4220100 100500 45 42
4224100 100500 42 21
4228100 100500 20 19
4232100 100500 29 17
4236100 100500 6 15
4240100 100500 48 34
4244100 100500 29 7
4248100 100500 5 30
4252100 100500 13 28
4256100 100500 41 31
4260100 100500 4 16
4264100 100500 22 2
4268100 100500 16 43
4272100 100500 4 5
4276100 100500 40 4
4280100 100500 22 20
4284100 100500 50 13
4288100 100500 15 28
4292100 100500 10 49
4296100 100500 30 13
4300100 100500 10 39
4304100 100500 50 37
4308100 100500 46 29
4312100 100500 4 32
4316100 100500 50 21
4320100 100500 34 5
4324100 100500 20 16
4328100 100500 48 37
4332100 100500 6 14
4336100 100500 37 6
4340100 100500 35 19
4344100 100500 12 4
4348100 100500 44 37
4352100 100500 35 11
4356100 100500 44 15
4360100 100500 12 24
4364100 100500 29 4
4368100 100500 43 48
4372100 100500 34 20
4376100 100500 36 35
4380100 100500 34 9
4384100 100500 29 9
4388100 100500 16 26
4392100 100500 36 44
4396100 100500 28 18
4400100 100500 1 47
4404100 100500 1 28
4408100 100500 42 16
4412100 100500 44 44
4416100 100500 10 23
4420100 100500 3 37
4424100 100500 22 49
4428100 100500 41 2
4432100 100500 33 49
4436100 100500 47 31
4440100 100500 50 18
4444100 100500 2 25
4448100 100500 12 35
4452100 100500 48 16
4456100 100500 36 37
4460100 100500 29 44
4464100 100500 37 9
4468100 100500 38 38
4472100 100500 1 13
4476100 100500 42 22
4480100 100500 2 43
4484100 100500 10 38
4488100 100500 42 16
4492100 100500 28 10
4496100 100500 17 27
4500100 100500 17 35
4504100 100500 4 18
4508100 100500 33 11
4512100 100500 5 6
4516100 100500 38 47
4520100 100500 44 46
4524100 100500 13 41
4528100 100500 43 14
4532100 100500 2 2
4536100 100500 49 14
4540100 100500 47 2
4544100 100500 29 26
4548100 100500 37 4
4552100 100500 45 30
4556100 100500 15 50
4560100 100500 12 32
4564100 100500 49 29
4568100 100500 30 22
4572100 100500 48 16
4576100 100500 19 11
4580100 100500 50 3
4584100 100500 12 44
4588100 100500 43 5
4592100 100500 10 36
4596100 100500 44 5
4600100 100500 16 44
4604100 100500 15 28
4608100 100500 42 22
4612100 100500 10 47
4616100 100500 49 39
4620100 100500 50 11
4624100 100500 47 15
4628100 100500 45 11
4632100 100500 49 48
4636100 100500 42 46
4640100 100500 46 31
4644100 100500 26 5
4648100 100500 3 4
4652100 100500 26 42
4656100 100500 21 44
4660100 100500 28 50
4664100 100500 29 45
4668100 100500 12 10
4672100 100500 35 26
4676100 100500 12 28
4680100 100500 50 24
4684100 100500 11 45
4688100 100500 27 33
4692100 100500 25 44
4696100 100500 2 25
4700100 100500 2 18
4704100 100500 20 1
4708100 100500 46 43
4712100 100500 22 31
4716100 100500 8 46
4720100 100500 33 36
4724100 100500 47 2
4728100 100500 49 23
4732100 100500 17 28
4736100 100500 2 20
4740100 100500 11 39
4744100 100500 1 13
4748100 100500 5 35
4752100 100500 40 33
4756100 100500 25 6
4760100 100500 39 27
4764100 100500 32 2
4768100 100500 11 3
4772100 100500 35 9
4776100 100500 48 9
4780100 100500 4 34
4784100 100500 14 33
4788100 100500 33 7
4792100 100500 36 17
4796100 100500 30 8
4800100 100500 1 22
4804100 100500 17 18
4808100 100500 9 30
4812100 100500 20 19
4816100 100500 25 46
4820100 100500 27 23
4824100 100500 5 20
4828100 100500 25 35
4832100 100500 34 3
4836100 100500 35 39
4840100 100500 12 40
4844100 100500 30 21
4848100 100500 30 12
4852100 100500 43 21
4856100 100500 35 24
4860100 100500 11 36
4864100 100500 25 37
4868100 100500 45 41
4872100 100500 11 45
4876100 100500 35 33
4880100 100500 48 21
4884100 100500 38 3
4888100 100500 15 16
4892100 100500 22 35
4896100 100500 33 46
4900100 100500 2 45
4904100 100500 9 30
4908100 100500 2 38
4912100 100500 27 13
4916100 100500 8 10
4920100 100500 15 3
4924100 100500 30 2
4928100 100500 29 19
4932100 100500 22 11
4936100 100500 43 7
4940100 100500 20 50
4944100 100500 10 48
4948100 100500 40 30
4952100 100500 3 47
4956100 100500 36 32
4960100 100500 38 7
4964100 100500 24 26
4968100 100500 46 46
4972100 100500 5 29
4976100 100500 4 12
4980100 100500 24 41
4984100 100500 37 39
4988100 100500 30 12
4992100 100500 4 48
4996100 100500 13 26
5000100 100500 38 3
5004100 100500 4 12
5008100 100500 24 33
5012100 100500 22 4
5016100 100500 44 30
5020100 100500 7 23
5024100 100500 28 18
5028100 100500 34 31
5032100 100500 26 28
5036100 100500 18 7
5040100 100500 33 41
5044100 100500 26 32
5048100 100500 9 9
5052100 100500 16 36
5056100 100500 14 39
5060100 100500 42 43
5064100 100500 19 37
5068100 100500 45 23
5072100 100500 5 50
5076100 100500 22 17
5080100 100500 17 4
5084100 100500 21 24
5088100 100500 6 43
5092100 100500 42 42
5096100 100500 26 37
5100100 100500 7 30
5104100 100500 29 2
5108100 100500 16 25
5112100 100500 38 1
5116100 100500 34 34
5120100 100500 40 8
5124100 100500 1 2
5128100 100500 4 21
5132100 100500 9 26
5136100 100500 38 7
5140100 100500 24 16
5144100 100500 10 48
5148100 100500 49 36
5152100 100500 35 27
5156100 100500 20 40
5160100 100500 29 49
5164100 100500 27 50
5168100 100500 38 33
5172100 100500 46 28
5176100 100500 27 24
5180100 100500 15 3
5184100 100500 28 29
5188100 100500 36 16
5192100 100500 24 14
5196100 100500 10 3
5200100 100500 2 7
5204100 100500 26 32
5208100 100500 37 5
5212100 100500 2 43
5216100 100500 40 28
5220100 100500 37 41
5224100 100500 14 22
5228100 100500 44 6
5232100 100500 37 7
5236100 100500 5 44
5240100 100500 50 26
5244100 100500 8 6
5248100 100500 9 45
5252100 100500 2 33
5256100 100500 46 7
5260100 100500 12 27
5264100 100500 35 33
5268100 100500 33 14
5272100 100500 31 36
5276100 100500 13 4
5280100 100500 26 41
5284100 100500 13 16
5288100 100500 48 24
5292100 100500 49 33
5296100 100500 8 6
5300100 100500 40 26
5304100 100500 4 24
5308100 100500 16 42
5312100 100500 24 1
5316100 100500 6 47
5320100 100500 20 41
5324100 100500 32 46
5328100 100500 16 42
5332100 100500 23 18
5336100 100500 45 9
5340100 100500 3 45
5344100 100500 30 49
5348100 100500 39 13
5352100 100500 27 9
5356100 100500 47 1
5360100 100500 36 5
5364100 100500 32 8
5368100 100500 17 19
5372100 100500 19 27
5376100 100500 49 33
5380100 100500 22 50
5384100 100500 11 24
5388100 100500 13 4
5392100 100500 22 31
5396100 100500 45 41
5400100 100500 42 48
5404100 100500 50 36
5408100 100500 2 10
5412100 100500 27 41
5416100 100500 9 40
5420100 100500 24 13
5424100 100500 8 49
5428100 100500 3 3
5432100 100500 14 39
5436100 100500 16 33
5440100 100500 11 17
5444100 100500 42 41
5448100 100500 2 39
5452100 100500 12 42
5456100 100500 2 43
5460100 100500 25 30
5464100 100500 8 21
5468100 100500 32 37
5472100 100500 38 36
5476100 100500 30 25
5480100 100500 8 48
5484100 100500 17 22
5488100 100500 31 39
5492100 100500 40 39
5496100 100500 38 16
5500100 100500 49 48
5504100 100500 32 34
5508100 100500 33 41
5512100 100500 6 23
5516100 100500 38 37
5520100 100500 22 47
5524100 100500 20 23
5528100 100500 34 27
5532100 100500 10 27
5536100 100500 37 21
5540100 100500 23 16
5544100 100500 2 17
5548100 100500 30 40
5552100 100500 49 50
5556100 100500 32 46
5560100 100500 30 13
5564100 100500 32 2
5568100 100500 31 28
5572100 100500 12 13
5576100 100500 38 31
5580100 100500 50 25
5584100 100500 31 5
5588100 100500 20 40
5592100 100500 8 13
5596100 100500 4 30
5600100 100500 41 28
5604100 100500 6 28
5608100 100500 35 36
5612100 100500 16 1
5616100 100500 34 4
5620100 100500 14 8
5624100 100500 20 43
5628100 100500 24 34
5632100 100500 22 20
5636100 100500 3 46
5640100 100500 49 49
5644100 100500 13 8
5648100 100500 15 46
5652100 100500 15 28
5656100 100500 28 23
5660100 100500 14 45
5664100 100500 34 16
5668100 100500 28 36
5672100 100500 19 37
5676100 100500 50 28
5680100 100500 11 28
5684100 100500 20 39
5688100 100500 15 3
5692100 100500 50 13
5696100 100500 23 39
5700100 100500 44 35
5704100 100500 37 21
5708100 100500 24 17
5712100 100500 32 30
5716100 100500 30 15
5720100 100500 50 34
5724100 100500 38 25
5728100 100500 15 35
5732100 100500 9 17
5736100 100500 35 15
5740100 100500 41 4
5744100 100500 13 18
5748100 100500 24 43
5752100 100500 41 46
5756100 100500 1 47
5760100 100500 17 30
5764100 100500 7 19
5768100 100500 8 1
5772100 100500 23 27
5776100 100500 38 30
5780100 100500 26 39
5784100 100500 13 1
5788100 100500 29 11
5792100 100500 50 34
5796100 100500 2 29
5800100 100500 40 12
5804100 100500 34 19
5808100 100500 28 49
5812100 100500 33 46
5816100 100500 29 6
5820100 100500 37 9
5824100 100500 43 50
5828100 100500 8 43
5832100 100500 1 30
5836100 100500 45 33
5840100 100500 26 6
5844100 100500 39 29
5848100 100500 14 25
5852100 100500 26 39
5856100 100500 27 10
5860100 100500 22 25
5864100 100500 21 44
5868100 100500 5 27
5872100 100500 39 23
5876100 100500 9 44
5880100 100500 40 50
5884100 100500 6 35
5888100 100500 16 34
5892100 100500 27 2
5896100 100500 6 17
5900100 100500 16 27
5904100 100500 32 3
5908100 100500 21 46
5912100 100500 14 10
5916100 100500 27 32
5920100 100500 49 31
5924100 100500 43 8
5928100 100500 37 33
5932100 100500 35 24
5936100 100500 19 13
5940100 100500 42 27
5944100 100500 42 45
5948100 100500 16 43
5952100 100500 48 26
5956100 100500 27 26
5960100 100500 37 46
5964100 100500 50 9
5968100 100500 50 32
5972100 100500 1 22
5976100 100500 22 49
5980100 100500 2 39
5984100 100500 27 46
5988100 100500 7 40
5992100 100500 38 46
5996100 100500 6 29
6000100 100500 49 2
6004100 100500 2 14
6008100 100500 5 2
6012100 100500 16 44
6016100 100500 43 1
6020100 100500 28 15
6024100 100500 47 10
6028100 100500 14 36
6032100 100500 47 32
6036100 100500 39 24
6040100 100500 40 19
6044100 100500 47 13
6048100 100500 32 19
6052100 100500 29 41
6056100 100500 20 8
6060100 100500 20 23
6064100 100500 20 43
6068100 100500 21 26
6072100 100500 46 35
6076100 100500 9 45
6080100 100500 14 6
6084100 100500 6 4
6088100 100500 44 5
6092100 100500 42 15
6096100 100500 29 41
6100100 100500 34 23
6104100 100500 8 20
6108100 100500 24 29
6112100 100500 16 37
6116100 100500 11 20
6120100 100500 38 26
6124100 100500 46 13
6128100 100500 27 30
6132100 100500 37 12
6136100 100500 12 41
6140100 100500 42 39
6144100 100500 32 13
6148100 100500 13 33
6152100 100500 50 33
6156100 100500 19 38
6160100 100500 36 14
6164100 100500 15 31
6168100 100500 6 45
6172100 100500 49 18
6176100 100500 37 23
6180100 100500 45 12
6184100 100500 7 47
6188100 100500 26 43
6192100 100500 17 37
6196100 100500 31 40
6200100 100500 8 27
6204100 100500 33 18
6208100 100500 41 6
6212100 100500 45 29
6216100 100500 10 41
6220100 100500 12 31
6224100 100500 14 23
6228100 100500 34 5
6232100 100500 34 17
6236100 100500 47 44
6240100 100500 21 12
6244100 100500 14 12
6248100 100500 47 13
6252100 100500 44 6
6256100 100500 9 36
6260100 100500 24 24
6264100 100500 50 43
6268100 100500 44 29
6272100 100500 20 37
6276100 100500 19 35
6280100 100500 13 20
6284100 100500 11 1
6288100 100500 12 43
6292100 100500 11 27
6296100 100500 40 7
6300100 100500 3 40
6304100 100500 14 7
6308100 100500 34 16
6312100 100500 31 20
6316100 100500 6 6
6320100 100500 16 41
6324100 100500 45 15
6328100 100500 10 45
6332100 100500 30 37
6336100 100500 50 8
6340100 100500 11 8
6344100 100500 40 16
6348100 100500 48 24
6352100 100500 31 9
6356100 100500 16 17
6360100 100500 4 43
6364100 100500 42 27
6368100 100500 31 42
6372100 100500 2 47
6376100 100500 25 18
6380100 100500 31 48
6384100 100500 12 40
6388100 100500 41 42
6392100 100500 40 24
6396100 100500 47 39
100 200500 42 30
4100 200500 17 6
8100 200500 44 5
12100 200500 19 26
16100 200500 49 37
20100 200500 10 27
24100 200500 48 35
28100 200500 49 48
32100 200500 22 14
36100 200500 19 41
40100 200500 37 28
44100 200500 23 26
48100 200500 39 12
52100 200500 35 11
56100 200500 20 8
60100 200500 37 8
64100 200500 15 46
68100 200500 27 17
72100 200500 12 7
76100 200500 43 2
80100 200500 31 50
84100 200500 24 50
88100 200500 37 11
92100 200500 46 27
96100 200500 32 26
100100 200500 14 35
104100 200500 36 8
108100 200500 50 4
112100 200500 39 49
116100 200500 14 41
120100 200500 21 7
124100 200500 33 45
128100 200500 5 16
132100 200500 48 15
136100 200500 4 49
140100 200500 45 45
144100 200500 19 44
148100 200500 31 33
152100 200500 45 9
156100 200500 31 9
160100 200500 45 44
164100 200500 27 41
168100 200500 2 10
172100 200500 35 20
176100 200500 30 5
180100 200500 28 17
184100 200500 12 20
188100 200500 35 25
192100 200500 18 20
196100 200500 5 8
200100 200500 20 16
204100 200500 27 48
208100 200500 9 29
212100 200500 36 18
216100 200500 38 23
220100 200500 40 48
224100 200500 5 23
228100 200500 36 32
232100 200500 31 48
236100 200500 40 25
240100 200500 9 41
244100 200500 42 16
248100 200500 22 12
252100 200500 16 15
256100 200500 47 27
260100 200500 34 45
264100 200500 18 38
268100 200500 3 11
272100 200500 10 22
276100 200500 26 27
280100 200500 36 3
284100 200500 28 43
288100 200500 33 32
292100 200500 4 15
296100 200500 22 36
300100 200500 39 14
304100 200500 40 31
308100 200500 27 49
312100 200500 28 23
316100 200500 8 46
320100 200500 32 40
324100 200500 13 10
328100 200500 35 24
332100 200500 12 7
336100 200500 30 12
340100 200500 20 9
344100 200500 45 2
348100 200500 16 41
352100 200500 36 10
356100 200500 47 44
360100 200500 48 14
364100 200500 44 24
368100 200500 39 36
372100 200500 37 42
376100 200500 32 50
380100 200500 39 36
384100 200500 1 33
388100 200500 4 22
392100 200500 40 18
396100 200500 3 41
400100 200500 18 44
404100 200500 26 17
408100 200500 20 37
412100 200500 47 39
416100 200500 17 24
420100 200500 24 31
424100 200500 19 32
428100 200500 20 7
432100 200500 42 2
436100 200500 30 37
440100 200500 43 22
444100 200500 2 2
448100 200500 30 38
452100 200500 10 31
456100 200500 21 11
460100 200500 43 5
464100 200500 46 20
468100 200500 10 16
472100 200500 38 44
476100 200500 34 2
480100 200500 11 8
484100 200500 9 46
488100 200500 19 14
492100 200500 2 45
496100 200500 14 33
500100 200500 47 14
504100 200500 19 16
508100 200500 31 46
512100 200500 7 24
516100 200500 22 29
520100 200500 33 7
524100 200500 28 42
528100 200500 31 40
532100 200500 10 36
536100 200500 21 48
540100 200500 4 31
544100 200500 32 1
548100 200500 29 5
552100 200500 26 29
556100 200500 18 4
560100 200500 27 28
564100 200500 12 16
568100 200500 1 22
572100 200500 1 28
576100 200500 7 50
580100 200500 24 24
584100 200500 39 49
588100 200500 16 46
592100 200500 24 28
596100 200500 19 17
600100 200500 17 23
604100 200500 25 18
608100 200500 43 35
612100 200500 45 8
616100 200500 49 11
620100 200500 16 25
624100 200500 25 40
628100 200500 23 43
632100 200500 12 18
636100 200500 7 6
640100 200500 49 14
644100 200500 29 2
648100 200500 37 8
652100 200500 8 50
656100 200500 41 49
660100 200500 3 12
664100 200500 11 13
668100 200500 40 19
672100 200500 30 21
676100 200500 27 21
680100 200500 36 21
684100 200500 7 3
688100 200500 21 2
692100 200500 27 35
696100 200500 29 13
700100 200500 20 25
704100 200500 40 42
708100 200500 23 9
712100 200500 14 3
716100 200500 33 2
720100 200500 19 26
724100 200500 7 42
728100 200500 17 27
732100 200500 49 21
736100 200500 32 49
740100 200500 14 33
744100 200500 26 39
748100 200500 47 15
752100 200500 37 50
756100 200500 25 4
760100 200500 31 3
764100 200500 35 30
768100 200500 14 7
772100 200500 50 46
776100 200500 25 27
780100 200500 6 33
784100 200500 30 49
788100 200500 37 19
792100 200500 12 46
796100 200500 10 13
800100 200500 34 4
804100 200500 31 49
808100 200500 50 20
812100 200500 6 33
816100 200500 14 20
820100 200500 1 18
824100 200500 17 25
828100 200500 6 37
832100 200500 46 14
836100 200500 24 26
840100 200500 10 46
844100 200500 28 16
848100 200500 46 30
852100 200500 11 39
856100 200500 49 12
860100 200500 33 30
864100 200500 11 48
868100 200500 30 34
872100 200500 18 4
876100 200500 42 5
880100 200500 44 2
884100 200500 15 26
888100 200500 35 37
892100 200500 8 46
896100 200500 11 41
900100 200500 40 41
904100 200500 48 35
908100 200500 13 30
912100 200500 13 41
916100 200500 38 44
920100 200500 42 16
924100 200500 46 1
928100 200500 48 19
932100 200500 20 39
936100 200500 26 21
940100 200500 25 21
944100 200500 16 27
948100 200500 8 29
952100 200500 20 22
956100 200500 48 40
960100 200500 26 9
964100 200500 26 41
968100 200500 9 20
972100 200500 2 48
976100 200500 14 31
980100 200500 23 43
984100 200500 3 37
988100 200500 18 9
992100 200500 23 13
996100 200500 24 50
1000100 200500 1 35
1004100 200500 49 28
1008100 200500 20 15
1012100 200500 1 18
1016100 200500 21 27
1020100 200500 38 22
1024100 200500 6 1
1028100 200500 12 2
1032100 200500 4 24
1036100 200500 1 1
1040100 200500 20 4
1044100 200500 35 46
1048100 200500 23 18
1052100 200500 8 4
1056100 200500 41 21
1060100 200500 38 19
1064100 200500 30 12
1068100 200500 22 23
1072100 200500 19 36
1076100 200500 1 50
1080100 200500 37 26
1084100 200500 14 29
1088100 200500 15 41
1092100 200500 3 11
1096100 200500 8 9
1100100 200500 45 36
1104100 200500 8 5
1108100 200500 43 24
1112100 200500 9 49
1116100 200500 23 12
1120100 200500 17 20
1124100 200500 38 45
1128100 200500 21 20
1132100 200500 19 21
1136100 200500 16 50
1140100 200500 6 21
1144100 200500 39 28
1148100 200500 1 46
1152100 200500 1 26
1156100 200500 30 23
1160100 200500 16 33
1164100 200500 20 20
1168100 200500 7 18
1172100 200500 43 36
1176100 200500 44 27
1180100 200500 30 33
1184100 200500 19 12
1188100 200500 24 22
1192100 200500 4 8
1196100 200500 50 24
1200100 200500 6 16
1204100 200500 10 36
1208100 200500 11 43
1212100 200500 38 42
1216100 200500 2 32
1220100 200500 6 39
1224100 200500 40 43
1228100 200500 15 2
1232100 200500 11 31
1236100 200500 23 31
1240100 200500 32 18
1244100 200500 14 47
1248100 200500 31 46
1252100 200500 13 41
1256100 200500 35 36
1260100 200500 19 35
1264100 200500 5 34
1268100 200500 48 18
1272100 200500 1 40
1276100 200500 31 38
1280100 200500 28 11
1284100 200500 22 1
1288100 200500 42 25
1292100 200500 12 4
1296100 200500 36 3
1300100 200500 18 35
1304100 200500 8 46
1308100 200500 20 30
1312100 200500 26 29
1316100 200500 16 7
1320100 200500 12 15
1324100 200500 43 49
1328100 200500 44 48
1332100 200500 43 43
1336100 200500 47 10
1340100 200500 12 11
1344100 200500 24 2
1348100 200500 25 4
1352100 200500 11 27
1356100 200500 22 48
1360100 200500 22 6
1364100 200500 41 7
1368100 200500 25 1
1372100 200500 35 35
1376100 200500 44 45
1380100 200500 35 40
1384100 200500 32 6
1388100 200500 32 35
1392100 200500 15 26
1396100 200500 27 19
1400100 200500 29 34
1404100 200500 6 29
1408100 200500 31 13
1412100 200500 38 40
1416100 200500 47 6
1420100 200500 47 40
1424100 200500 16 3
1428100 200500 4 23
1432100 200500 38 47
1436100 200500 8 50
1440100 200500 2 5
1444100 200500 16 39
1448100 200500 2 26
1452100 200500 13 18
1456100 200500 38 50
1460100 200500 39 19
1464100 200500 30 43
1468100 200500 18 49
1472100 200500 48 3
1476100 200500 3 11
1480100 200500 2 44
1484100 200500 10 3
1488100 200500 34 5
1492100 200500 11 2
1496100 200500 3 15
1500100 200500 22 24
1504100 200500 33 49
1508100 200500 3 26
1512100 200500 1 43
1516100 200500 47 39
1520100 200500 35 12
1524100 200500 43 17
1528100 200500 3 12
1532100 200500 25 38
1536100 200500 36 13
1540100 200500 46 8
1544100 200500 9 21
1548100 200500 44 16
1552100 200500 45 49
1556100 200500 6 9
1560100 200500 40 3
1564100 200500 35 50
1568100 200500 20 22
1572100 200500 41 7
1576100 200500 37 21
1580100 200500 29 37
1584100 200500 15 42
1588100 200500 41 23
1592100 200500 48 31
1596100 200500 7 12
1600100 200500 48 16
1604100 200500 42 26
1608100 200500 29 2
1612100 200500 44 18
1616100 200500 44 44
1620100 200500 42 50
1624100 200500 28 8
1628100 200500 8 13
1632100 200500 49 37
1636100 200500 5 40
1640100 200500 25 9
1644100 200500 4 27
1648100 200500 29 35
1652100 200500 17 29
1656100 200500 3 24
1660100 200500 42 20
1664100 200500 18 23
1668100 200500 46 2
1672100 200500 49 43
1676100 200500 45 5
1680100 200500 17 21
1684100 200500 46 21
1688100 200500 25 36
1692100 200500 8 39
1696100 200500 38 18
1700100 200500 26 13
1704100 200500 13 9
1708100 200500 48 28
1712100 200500 32 22
1716100 200500 17 14
1720100 200500 12 15
1724100 200500 33 7
1728100 200500 9 35
1732100 200500 46 8
1736100 200500 15 27
1740100 200500 8 20
1744100 200500 12 19
1748100 200500 36 46
1752100 200500 32 44
1756100 200500 1 24
1760100 200500 20 14
1764100 200500 30 18
1768100 200500 47 48
1772100 200500 48 29
1776100 200500 30 40
1780100 200500 34 27
1784100 200500 25 36
1788100 200500 49 42
1792100 200500 11 47
1796100 200500 3 11
1800100 200500 28 17
1804100 200500 31 17
1808100 200500 24 29
1812100 200500 24 23
1816100 200500 1 32
1820100 200500 44 31
1824100 200500 13 33
1828100 200500 47 27
1832100 200500 15 4
1836100 200500 37 7
1840100 200500 40 21
1844100 200500 19 10
1848100 200500 17 34
1852100 200500 28 7
1856100 200500 27 21
1860100 200500 36 46
1864100 200500 49 42
1868100 200500 12 46
1872100 200500 31 49
1876100 200500 13 6
1880100 200500 6 31
1884100 200500 9 14
1888100 200500 25 23
1892100 200500 33 35
1896100 200500 16 6
1900100 200500 11 39
1904100 200500 40 28
1908100 200500 38 7
1912100 200500 49 38
1916100 200500 15 6
1920100 200500 10 21
1924100 200500 19 11
1928100 200500 35 8
1932100 200500 32 12
1936100 200500 44 47
1940100 200500 46 47
1944100 200500 15 13
1948100 200500 6 36
1952100 200500 6 21
1956100 200500 36 8
1960100 200500 18 35
1964100 200500 23 6
1968100 200500 13 5
1972100 200500 25 1
1976100 200500 37 23
1980100 200500 10 29
1984100 200500 44 12
1988100 200500 41 37
1992100 200500 31 27
1996100 200500 38 35
2000100 200500 1 15
2004100 200500 15 7
2008100 200500 8 27
2012100 200500 44 2
2016100 200500 2 36
2020100 200500 47 39
2024100 200500 8 10
2028100 200500 10 50
2032100 200500 11 24
2036100 200500 15 36
2040100 200500 34 35
2044100 200500 37 2
2048100 200500 50 27
2052100 200500 18 38
2056100 200500 48 48
2060100 200500 38 50
2064100 200500 43 18
2068100 200500 31 11
2072100 200500 16 11
2076100 200500 31 17
2080100 200500 41 34
2084100 200500 15 13
2088100 200500 46 6
2092100 200500 4 26
2096100 200500 50 46
2100100 200500 28 37
2104100 200500 46 6
2108100 200500 18 50
2112100 200500 37 4
2116100 200500 17 14
2120100 200500 5 36
2124100 200500 31 24
2128100 200500 26 49
2132100 200500 18 34
2136100 200500 1 11
2140100 200500 9 16
2144100 200500 3 26
2148100 200500 10 4
2152100 200500 18 35
2156100 200500 4 49
2160100 200500 34 47
2164100 200500 16 15
2168100 200500 20 37
2172100 200500 5 29
2176100 200500 40 2
2180100 200500 12 45
2184100 200500 39 10
2188100 200500 27 25
2192100 200500 32 32
2196100 200500 16 40
2200100 200500 12 49
2204100 200500 35 8
2208100 200500 44 37
2212100 200500 32 31
2216100 200500 12 8
2220100 200500 31 1
2224100 200500 18 35
2228100 200500 49 35
2232100 200500 38 12
2236100 200500 28 9
2240100 200500 19 39
2244100 200500 1 47
2248100 200500 6 37
2252100 200500 24 7
2256100 200500 33 17
2260100 200500 42 8
2264100 200500 12 43
2268100 200500 41 1
2272100 200500 25 35
2276100 200500 35 6
2280100 200500 43 22
2284100 200500 28 47
2288100 200500 12 14
2292100 200500 49 2
2296100 200500 29 20
2300100 200500 12 42
2304100 200500 5 43
2308100 200500 20 7
2312100 200500 15 43
2316100 200500 36 30
2320100 200500 31 46
2324100 200500 48 17
2328100 200500 2 39
2332100 200500 30 37
2336100 200500 21 16
2340100 200500 34 12
2344100 200500 43 10
2348100 200500 44 32
2352100 200500 37 41
2356100 200500 38 17
2360100 200500 23 10
2364100 200500 16 8
2368100 200500 28 5
2372100 200500 26 24
2376100 200500 12 28
2380100 200500 24 33
2384100 200500 19 1
2388100 200500 1 40
2392100 200500 35 36
2396100 200500 45 5
2400100 200500 41 2
2404100 200500 49 14
2408100 200500 17 18
2412100 200500 25 24
2416100 200500 17 38
2420100 200500 18 27
2424100 200500 30 5
2428100 200500 17 21
2432100 200500 2 19
2436100 200500 13 4
2440100 200500 30 19
2444100 200500 16 46
2448100 200500 16 50
2452100 200500 21 23
2456100 200500 10 48
2460100 200500 17 47
2464100 200500 40 6
2468100 200500 23 5
2472100 200500 28 3
2476100 200500 47 50
2480100 200500 33 26
2484100 200500 41 12
2488100 200500 29 33
2492100 200500 3 1
2496100 200500 38 27
2500100 200500 44 48
2504100 200500 20 41
2508100 200500 6 26
2512100 200500 12 4
2516100 200500 8 17
2520100 200500 47 28
2524100 200500 32 34
2528100 200500 14 11
2532100 200500 42 30
2536100 200500 37 41
2540100 200500 7 23
2544100 200500 41 12
2548100 200500 3 46
2552100 200500 20 3
2556100 200500 8 28
2560100 200500 39 28
2564100 200500 40 40
2568100 200500 35 31
2572100 200500 20 26
2576100 200500 16 30
2580100 200500 31 5
2584100 200500 7 50
2588100 200500 23 36
2592100 200500 23 35
2596100 200500 2 25
2600100 200500 4 8
2604100 200500 16 13
2608100 200500 13 18
2612100 200500 30 2
2616100 200500 27 5
2620100 200500 37 43
2624100 200500 36 50
2628100 200500 36 39
2632100 200500 20 20
2636100 200500 35 19
2640100 200500 37 39
2644100 200500 30 40
2648100 200500 18 40
2652100 200500 39 24
2656100 200500 34 47
2660100 200500 6 20
2664100 200500 21 27
2668100 200500 36 50
2672100 200500 1 34
2676100 200500 36 43
2680100 200500 49 38
2684100 200500 29 14
2688100 200500 10 12
2692100 200500 10 24
2696100 200500 24 7
2700100 200500 37 10
2704100 200500 21 14
2708100 200500 33 1
2712100 200500 34 25
2716100 200500 42 32
2720100 200500 48 47
2724100 200500 22 30
2728100 200500 21 42
2732100 200500 1 8
2736100 200500 8 24
2740100 200500 38 5
2744100 200500 33 27
2748100 200500 49 3
2752100 200500 34 28
2756100 200500 3 19
2760100 200500 35 45
2764100 200500 31 29
2768100 200500 37 46
2772100 200500 39 28
2776100 200500 45 19
2780100 200500 30 27
2784100 200500 33 39
2788100 200500 2 45
2792100 200500 11 42
2796100 200500 39 28
2800100 200500 1 5
2804100 200500 16 14
2808100 200500 18 14
2812100 200500 4 16
2816100 200500 5 16
2820100 200500 42 4
2824100 200500 43 22
2828100 200500 47 17
2832100 200500 42 43
2836100 200500 41 44
2840100 200500 8 29
2844100 200500 48 30
2848100 200500 26 36
2852100 200500 36 16
2856100 200500 43 16
2860100 200500 35 23
2864100 200500 12 16
2868100 200500 34 38
2872100 200500 33 7
2876100 200500 3 29
2880100 200500 21 12
2884100 200500 46 11
2888100 200500 45 2
2892100 200500 45 34
2896100 200500 22 41
2900100 200500 32 45
2904100 200500 7 44
2908100 200500 1 45
2912100 200500 23 38
2916100 200500 22 48
2920100 200500 26 5
2924100 200500 40 34
2928100 200500 44 13
2932100 200500 5 40
2936100 200500 44 22
2940100 200500 43 7
2944100 200500 13 23
2948100 200500 8 6
2952100 200500 26 28
2956100 200500 28 39
2960100 200500 31 47
2964100 200500 29 13
2968100 200500 47 12
2972100 200500 47 50
2976100 200500 25 39
2980100 200500 48 33
2984100 200500 27 11
2988100 200500 36 9
2992100 200500 13 23
2996100 200500 15 31
3000100 200500 39 1
3004100 200500 36 42
3008100 200500 13 2
3012100 200500 47 47
3016100 200500 35 44
3020100 200500 47 10
3024100 200500 8 10
3028100 200500 22 36
3032100 200500 25 23
3036100 200500 26 48
3040100 200500 20 17
3044100 200500 49 4
3048100 200500 40 30
3052100 200500 14 21
3056100 200500 47 46
3060100 200500 35 11
3064100 200500 17 20
3068100 200500 24 44
3072100 200500 13 47
3076100 200500 47 29
3080100 200500 34 43
3084100 200500 33 1
3088100 200500 43 46
3092100 200500 50 10
3096100 200500 41 47
3100100 200500 24 28
3104100 200500 34 27
3108100 200500 40 50
3112100 200500 41 32
3116100 200500 28 19
3120100 200500 24 7
3124100 200500 1 9
3128100 200500 36 46
3132100 200500 1 9
3136100 200500 12 28
3140100 200500 2 34
3144100 200500 23 17
3148100 200500 48 47
3152100 200500 13 31
3156100 200500 3 13
3160100 200500 40 31
3164100 200500 50 16
3168100 200500 22 6
3172100 200500 13 13
3176100 200500 38 6
3180100 200500 9 12
3184100 200500 5 32
3188100 200500 33 43
3192100 200500 18 37
3196100 200500 1 24
3200100 200500 38 47
3204100 200500 28 7
3208100 200500 7 18
3212100 200500 23 36
3216100 200500 16 30
3220100 200500 21 22
3224100 200500 46 21
3228100 200500 48 18
3232100 200500 9 38
3236100 200500 36 19
3240100 200500 40 18
3244100 200500 48 38
3248100 200500 4 39
3252100 200500 16 4
3256100 200500 16 19
3260100 200500 11 25
3264100 200500 46 36
3268100 200500 13 11
3272100 200500 6 30
3276100 200500 49 3
3280100 200500 41 20
3284100 200500 42 39
3288100 200500 31 41
3292100 200500 45 22
3296100 200500 9 41
3300100 200500 15 3
3304100 200500 40 20
3308100 200500 41 11
3312100 200500 13 7
3316100 200500 1 44
3320100 200500 45 37
3324100 200500 22 36
3328100 200500 48 25
3332100 200500 41 32
3336100 200500 12 26
3340100 200500 44 10
3344100 200500 34 44
3348100 200500 18 40
3352100 200500 26 28
3356100 200500 38 28
3360100 200500 50 10
3364100 200500 10 37
3368100 200500 2 13
3372100 200500 10 22
3376100 200500 17 6
3380100 200500 2 23
3384100 200500 20 45
3388100 200500 33 13
3392100 200500 50 50
3396100 200500 47 11
3400100 200500 4 31
3404100 200500 11 16
3408100 200500 10 9
3412100 200500 45 22
3416100 200500 8 17
3420100 200500 18 3
3424100 200500 19 1
3428100 200500 33 35
3432100 200500 21 45
3436100 200500 6 39
3440100 200500 16 48
3444100 200500 36 39
3448100 200500 6 39
3452100 200500 43 12
3456100 200500 24 18
3460100 200500 37 29
3464100 200500 31 49
3468100 200500 25 26
3472100 200500 3 6
3476100 200500 42 5
3480100 200500 15 46
3484100 200500 3 35
3488100 200500 23 47
3492100 200500 34 3
3496100 200500 31 15
3500100 200500 47 18
3504100 200500 20 2
3508100 200500 17 15
3512100 200500 5 38
3516100 200500 31 43
3520100 200500 28 23
3524100 200500 48 46
3528100 200500 28 30
3532100 200500 44 20
3536100 200500 12 7
3540100 200500 37 20
3544100 200500 45 2
3548100 200500 5 18
3552100 200500 31 37
3556100 200500 31 25
3560100 200500 13 11
3564100 200500 48 4
3568100 200500 17 37
3572100 200500 50 42
3576100 200500 41 10
3580100 200500 23 2
3584100 200500 50 11
3588100 200500 3 2
3592100 200500 37 43
3596100 200500 19 20
3600100 200500 36 30
3604100 200500 2 19
3608100 200500 31 32
3612100 200500 15 14
3616100 200500 2 40
3620100 200500 44 34
3624100 200500 6 38
3628100 200500 41 5
3632100 200500 20 33
3636100 200500 13 10
3640100 200500 49 30
3644100 200500 44 42
3648100 200500 31 45
3652100 200500 36 14
3656100 200500 44 48
3660100 200500 2 18
3664100 200500 3 4
3668100 200500 11 25
3672100 200500 11 33
3676100 200500 1 28
3680100 200500 42 49
3684100 200500 50 31
3688100 200500 37 44
3692100 200500 42 16
3696100 200500 34 9
3700100 200500 11 45
3704100 200500 39 33
3708100 200500 8 38
3712100 200500 43 14
3716100 200500 8 44
3720100 200500 2 30
3724100 200500 38 1
3728100 200500 40 44
3732100 200500 9 29
3736100 200500 40 4
3740100 200500 39 46
3744100 200500 12 42
3748100 200500 46 29
3752100 200500 45 1
3756100 200500 22 34
3760100 200500 35 12
3764100 200500 20 39
3768100 200500 13 31
3772100 200500 23 9
3776100 200500 13 38
3780100 200500 30 50
3784100 200500 5 39
3788100 200500 43 20
3792100 200500 29 40
3796100 200500 15 19
3800100 200500 11 28
3804100 200500 46 15
3808100 200500 21 32
3812100 200500 15 11
3816100 200500 11 13
3820100 200500 18 15
3824100 200500 8 14
3828100 200500 10 4
3832100 200500 39 22
3836100 200500 37 30
3840100 200500 19 23
3844100 200500 20 42
3848100 200500 21 7
3852100 200500 46 47
3856100 200500 31 29
3860100 200500 12 6
3864100 200500 27 39
3868100 200500 27 7
3872100 200500 41 12
3876100 200500 25 32
3880100 200500 47 15
3884100 200500 11 29
3888100 200500 4 38
3892100 200500 48 2
3896100 200500 31 46
3900100 200500 12 7
3904100 200500 41 28
3908100 200500 7 36
3912100 200500 22 4
3916100 200500 27 23
3920100 200500 39 24
3924100 200500 4 9
3928100 200500 40 8
3932100 200500 25 2
3936100 200500 10 10
3940100 200500 20 25
3944100 200500 32 43
3948100 200500 47 47
3952100 200500 26 31
3956100 200500 23 9
3960100 200500 4 8
3964100 200500 11 15
3968100 200500 36 14
3972100 200500 26 19
3976100 200500 39 8
3980100 200500 41 6
3984100 200500 50 22
3988100 200500 8 14
3992100 200500 37 25
3996100 200500 8 20
4000100 200500 24 29
4004100 200500 36 11
4008100 200500 30 33
4012100 200500 8 42
4016100 200500 39 37
4020100 200500 4 28
4024100 200500 21 12
4028100 200500 23 8
4032100 200500 46 18
4036100 200500 40 47
4040100 200500 14 14
4044100 200500 5 40
4048100 200500 34 12
4052100 200500 13 46
4056100 200500 1 34
4060100 200500 11 38
4064100 200500 13 26
4068100 200500 45 40
4072100 200500 8 18
4076100 200500 31 9
4080100 200500 32 23
4084100 200500 8 35
4088100 200500 20 1
4092100 200500 41 33
4096100 200500 50 50
4100100 200500 37 14
4104100 200500 31 28
4108100 200500 6 35
4112100 200500 23 37
4116100 200500 28 16
4120100 200500 7 25
4124100 200500 6 22
4128100 200500 34 24
4132100 200500 35 42
4136100 200500 12 5
4140100 200500 18 34
4144100 200500 11 3
4148100 200500 33 10
4152100 200500 3 36
4156100 200500 20 13
4160100 200500 34 14
4164100 200500 9 24
4168100 200500 42 26
4172100 200500 14 24
4176100 200500 42 23
4180100 200500 16 23
4184100 200500 20 3
4188100 200500 12 22
4192100 200500 45 3
4196100 200500 10 19
4200100 200500 28 9
4204100 200500 27 49
4208100 200500 19 19
4212100 200500 11 5
4216100 200500 16 49
4220100 200500 9 49
4224100 200500 28 22
4228100 200500 27 41
4232100 200500 36 14
4236100 200500 9 3
4240100 200500 13 15
4244100 200500 16 20
4248100 200500 44 5
4252100 200500 23 26
4256100 200500 49 30
4260100 200500 5 4
4264100 200500 26 2
4268100 200500 38 16
4272100 200500 8 22
4276100 200500 38 35
4280100 200500 19 13
4284100 200500 18 24
4288100 200500 49 27
4292100 200500 14 34
4296100 200500 11 22
4300100 200500 17 26
4304100 200500 40 16
4308100 200500 41 38
4312100 200500 39 6
4316100 200500 4 41
4320100 200500 32 13
4324100 200500 25 5
4328100 200500 23 37
4332100 200500 26 11
4336100 200500 27 5
4340100 200500 3 41
4344100 200500 48 32
4348100 200500 50 38
4352100 200500 5 28
4356100 200500 27 15
4360100 200500 23 19
4364100 200500 11 15
4368100 200500 48 37
4372100 200500 45 8
4376100 200500 29 14
4380100 200500 9 50
4384100 200500 45 26
4388100 200500 34 21
4392100 200500 23 34
4396100 200500 38 16
4400100 200500 49 12
4404100 200500 8 11
4408100 200500 41 27
4412100 200500 24 35
4416100 200500 12 5
4420100 200500 2 6
4424100 200500 39 41
4428100 200500 45 22
4432100 200500 45 33
4436100 200500 3 44
4440100 200500 16 33
4444100 200500 20 32
4448100 200500 48 4
4452100 200500 36 4
4456100 200500 8 6
4460100 200500 7 41
4464100 200500 30 15
4468100 200500 8 17
4472100 200500 13 6
4476100 200500 3 26
4480100 200500 38 33
4484100 200500 1 46
4488100 200500 7 48
4492100 200500 33 40
4496100 200500 46 19
4500100 200500 7 47
4504100 200500 33 6
4508100 200500 40 37
4512100 200500 27 50
4516100 200500 10 50
4520100 200500 45 22
4524100 200500 45 42
4528100 200500 41 43
4532100 200500 34 5
4536100 200500 7 2
4540100 200500 39 47
4544100 200500 14 47
4548100 200500 37 2
4552100 200500 6 37
4556100 200500 46 27
4560100 200500 37 19
4564100 200500 13 29
4568100 200500 40 36
4572100 200500 33 23
4576100 200500 14 4
4580100 200500 12 18
4584100 200500 45 45
4588100 200500 17 5
4592100 200500 9 18
4596100 200500 26 26
4600100 200500 11 34
4604100 200500 47 6
4608100 200500 14 22
4612100 200500 15 43
4616100 200500 47 6
4620100 200500 50 40
4624100 200500 26 2
4628100 200500 20 5
4632100 200500 12 32
4636100 200500 9 1
4640100 200500 20 29
4644100 200500 42 26
4648100 200500 48 25
4652100 200500 3 35
4656100 200500 47 30
4660100 200500 3 30
4664100 200500 19 2
4668100 200500 13 18
4672100 200500 36 25
4676100 200500 19 4
4680100 200500 25 8
4684100 200500 42 35
4688100 200500 42 28
4692100 200500 33 13
4696100 200500 10 43
4700100 200500 39 49
4704100 200500 8 12
4708100 200500 38 10
4712100 200500 20 38
4716100 200500 2 9
4720100 200500 27 47
4724100 200500 12 3
4728100 200500 48 9
4732100 200500 31 38
4736100 200500 27 17
4740100 200500 19 47
4744100 200500 14 30
4748100 200500 26 32
4752100 200500 5 44
4756100 200500 25 30
4760100 200500 2 11
4764100 200500 13 34
4768100 200500 48 2
4772100 200500 47 13
4776100 200500 31 30
4780100 200500 32 1
4784100 200500 38 49
4788100 200500 17 10
4792100 200500 43 43
4796100 200500 9 6
4800100 200500 17 27
4804100 200500 8 37
4808100 200500 25 35
4812100 200500 42 17
4816100 200500 20 10
4820100 200500 15 42
4824100 200500 35 5
4828100 200500 5 19
4832100 200500 21 24
4836100 200500 6 12
4840100 200500 38 48
4844100 200500 42 19
4848100 200500 46 41
4852100 200500 29 20
4856100 200500 13 21
4860100 200500 2 33
4864100 200500 11 43
4868100 200500 7 48
4872100 200500 3 35
4876100 200500 8 9
4880100 200500 32 18
4884100 200500 35 21
4888100 200500 29 5
4892100 200500 48 49
4896100 200500 50 4
4900100 200500 2 3
4904100 200500 12 7
4908100 200500 48 11
4912100 200500 23 7
4916100 200500 2 40
4920100 200500 28 43
4924100 200500 42 3
4928100 200500 24 39
4932100 200500 45 22
4936100 200500 44 3
4940100 200500 32 5
4944100 200500 26 11
4948100 200500 33 34
4952100 200500 18 28
4956100 200500 42 16
4960100 200500 34 50
4964100 200500 4 36
4968100 200500 11 40
4972100 200500 39 28
4976100 200500 43 47
4980100 200500 47 27
4984100 200500 26 41
4988100 200500 33 16
4992100 200500 24 35
4996100 200500 10 45
5000100 200500 5 22
5004100 200500 19 7
5008100 200500 2 31
5012100 200500 29 19
5016100 200500 7 32
5020100 200500 42 16
5024100 200500 34 40
5028100 200500 37 33
5032100 200500 26 38
5036100 200500 27 50
5040100 200500 39 44
5044100 200500 38 13
5048100 200500 6 46
5052100 200500 27 48
5056100 200500 13 2
5060100 200500 8 50
5064100 200500 22 26
5068100 200500 29 13
5072100 200500 26 2
5076100 200500 15 9
5080100 200500 34 7
5084100 200500 1 29
5088100 200500 27 22
5092100 200500 26 49
5096100 200500 46 39
5100100 200500 8 23
5104100 200500 44 21
5108100 200500 10 28
5112100 200500 5 13
5116100 200500 32 11
5120100 200500 45 44
5124100 200500 22 41
5128100 200500 34 30
5132100 200500 9 44
5136100 200500 38 41
5140100 200500 11 20
5144100 200500 26 26
5148100 200500 26 39
5152100 200500 19 7
5156100 200500 43 18
5160100 200500 33 33
5164100 200500 22 15
5168100 200500 14 39
5172100 200500 38 47
5176100 200500 33 4
5180100 200500 23 31
5184100 200500 9 8
5188100 200500 38 37
5192100 200500 3 10
5196100 200500 4 39
5200100 200500 10 10
5204100 200500 5 24
5208100 200500 3 45
5212100 200500 19 7
5216100 200500 10 47
5220100 200500 10 37
5224100 200500 29 42
5228100 200500 37 26
5232100 200500 50 8
5236100 200500 4 49
5240100 200500 33 13
5244100 200500 21 38
5248100 200500 40 14
5252100 200500 18 23
5256100 200500 13 39
5260100 200500 29 24
5264100 200500 1 15
5268100 200500 36 16
5272100 200500 23 25
5276100 200500 39 27
5280100 200500 46 36
5284100 200500 39 45
5288100 200500 31 47
5292100 200500 49 5
5296100 200500 45 33
5300100 200500 2 48
5304100 200500 29 30
5308100 200500 3 17
5312100 200500 10 20
5316100 200500 36 29
5320100 200500 46 34
5324100 200500 3 35
5328100 200500 41 10
5332100 200500 45 34
5336100 200500 44 36
5340100 200500 14 32
5344100 200500 36 19
5348100 200500 29 24
5352100 200500 14 31
5356100 200500 4 2
5360100 200500 23 35
5364100 200500 32 34
5368100 200500 25 38
5372100 200500 26 28
5376100 200500 32 15
5380100 200500 33 7
5384100 200500 4 20
5388100 200500 45 50
5392100 200500 4 17
5396100 200500 16 5
5400100 200500 37 15
5404100 200500 44 49
5408100 200500 39 3
5412100 200500 39 15
5416100 200500 26 23
5420100 200500 18 7
5424100 200500 6 31
5428100 200500 33 4
5432100 200500 27 24
5436100 200500 15 26
5440100 200500 25 23
5444100 200500 26 6
5448100 200500 9 50
5452100 200500 40 19
5456100 200500 22 44
5460100 200500 32 38
5464100 200500 50 37
5468100 200500 25 20
5472100 200500 48 46
5476100 200500 6 28
5480100 200500 41 32
5484100 200500 45 22
5488100 200500 31 6
5492100 200500 45 20
5496100 200500 18 19
5500100 200500 49 48
5504100 200500 17 17
5508100 200500 27 4
5512100 200500 44 30
5516100 200500 40 23
5520100 200500 17 15
5524100 200500 15 16
5528100 200500 5 45
5532100 200500 11 14
5536100 200500 36 6
5540100 200500 41 7
5544100 200500 28 47
5548100 200500 14 23
5552100 200500 30 17
5556100 200500 21 37
5560100 200500 10 23
5564100 200500 22 31
5568100 200500 19 29
5572100 200500 26 18
5576100 200500 38 33
5580100 200500 46 41
5584100 200500 35 4
5588100 200500 1 9
5592100 200500 39 27
5596100 200500 46 24
5600100 200500 9 11
5604100 200500 48 21
5608100 200500 29 9
5612100 200500 33 8
5616100 200500 14 38
5620100 200500 44 29
5624100 200500 46 16
5628100 200500 2 45
5632100 200500 4 16
5636100 200500 29 18
5640100 200500 44 20
5644100 200500 47 10
5648100 200500 41 13
5652100 200500 49 25
5656100 200500 12 25
5660100 200500 36 32
5664100 200500 36 18
5668100 200500 3 47
5672100 200500 25 9
5676100 200500 20 26
5680100 200500 49 4
5684100 200500 49 33
5688100 200500 35 48
5692100 200500 19 18
5696100 200500 9 35
5700100 200500 40 12
5704100 200500 38 35
5708100 200500 14 12
5712100 200500 25 27
5716100 200500 17 43
5720100 200500 13 36
5724100 200500 16 6
5728100 200500 21 28
5732100 200500 42 3
5736100 200500 9 32
5740100 200500 38 43
5744100 200500 50 27
5748100 200500 6 25
5752100 200500 40 3
5756100 200500 41 13
5760100 200500 6 1
5764100 200500 30 14
5768100 200500 42 35
5772100 200500 33 29
5776100 200500 21 41
5780100 200500 28 50
5784100 200500 11 22
5788100 200500 29 35
5792100 200500 1 19
5796100 200500 1 48
5800100 200500 29 29
5804100 200500 36 44
5808100 200500 2 8
5812100 200500 14 31
5816100 200500 3 6
5820100 200500 20 22
5824100 200500 45 11
5828100 200500 13 23
5832100 200500 13 5
5836100 200500 38 13
5840100 200500 30 44
5844100 200500 19 35
5848100 200500 47 28
5852100 200500 46 5
5856100 200500 4 50
5860100 200500 8 50
5864100 200500 44 19
5868100 200500 50 29
5872100 200500 36 48
5876100 200500 12 22
5880100 200500 29 12
5884100 200500 28 29
5888100 200500 34 12
5892100 200500 30 6
5896100 200500 8 34
5900100 200500 10 18
5904100 200500 5 34
5908100 200500 42 34
5912100 200500 46 41
5916100 200500 11 34
5920100 200500 11 46
5924100 200500 2 2
5928100 200500 39 21
5932100 200500 33 46
5936100 200500 45 24
5940100 200500 8 21
5944100 200500 30 16
5948100 200500 43 20
5952100 200500 11 19
5956100 200500 46 38
5960100 200500 22 26
5964100 200500 26 1
5968100 200500 10 38
5972100 200500 9 45
5976100 200500 13 34
5980100 200500 30 6
5984100 200500 5 21
5988100 200500 18 40
5992100 200500 8 26
5996100 200500 48 48
6000100 200500 7 8
6004100 200500 30 37
6008100 200500 16 21
6012100 200500 43 27
6016100 200500 44 11
6020100 200500 1 31
6024100 200500 16 41
6028100 200500 22 4
6032100 200500 18 6
6036100 200500 16 36
6040100 200500 33 5
6044100 200500 12 23
6048100 200500 48 27
6052100 200500 25 14
6056100 200500 9 40
6060100 200500 37 19
6064100 200500 28 10
6068100 200500 29 19
6072100 200500 27 37
6076100 200500 47 32
6080100 200500 6 1
6084100 200500 23 41
6088100 200500 26 9
6092100 200500 11 38
6096100 200500 44 29
6100100 200500 17 1
6104100 200500 15 32
6108100 200500 23 32
6112100 200500 14 21
6116100 200500 21 47
6120100 200500 14 35
6124100 200500 12 40
6128100 200500 1 41
6132100 200500 23 2
6136100 200500 24 40
6140100 200500 8 24
6144100 200500 26 26
6148100 200500 19 36
6152100 200500 9 24
6156100 200500 32 37
6160100 200500 19 5
6164100 200500 32 39
6168100 200500 50 43
6172100 200500 2 50
6176100 200500 28 30
6180100 200500 50 24
6184100 200500 38 15
6188100 200500 35 15
6192100 200500 22 28
6196100 200500 5 32
6200100 200500 20 19
6204100 200500 3 17
6208100 200500 4 14
6212100 200500 32 44
6216100 200500 5 37
6220100 200500 50 16
6224100 200500 46 30
6228100 200500 38 30
6232100 200500 32 11
6236100 200500 47 38
6240100 200500 1 19
6244100 200500 31 36
6248100 200500 36 22
6252100 200500 34 36
6256100 200500 40 30
6260100 200500 40 18
6264100 200500 37 37
6268100 200500 26 11
6272100 200500 19 15
6276100 200500 38 7
6280100 200500 29 37
6284100 200500 12 16
6288100 200500 22 23
6292100 200500 38 40
6296100 200500 8 19
6300100 200500 39 40
6304100 200500 43 10
6308100 200500 23 50
6312100 200500 16 44
6316100 200500 46 32
6320100 200500 46 36
6324100 200500 26 38
6328100 200500 11 11
6332100 200500 6 15
6336100 200500 45 21
6340100 200500 26 14
6344100 200500 18 1
6348100 200500 13 6
6352100 200500 2 34
6356100 200500 28 18
6360100 200500 49 35
6364100 200500 39 3
6368100 200500 5 8
6372100 200500 29 48
6376100 200500 24 26
6380100 200500 7 47
6384100 200500 46 43
6388100 200500 22 20
6392100 200500 31 34
6396100 200500 1 24
100 300500 31 48
4100 300500 2 1
8100 300500 47 33
12100 300500 43 20
16100 300500 43 25
20100 300500 5 30
24100 300500 6 18
28100 300500 41 7
32100 300500 37 35
36100 300500 20 39
40100 300500 36 28
44100 300500 30 21
48100 300500 30 3
52100 300500 1 12
56100 300500 50 46
60100 300500 49 1
64100 300500 43 19
68100 300500 13 45
72100 300500 21 33
76100 300500 41 6
80100 300500 22 4
84100 300500 21 49
88100 300500 8 17
92100 300500 19 16
96100 300500 23 24
100100 300500 42 6
104100 300500 2 47
108100 300500 8 23
112100 300500 19 10
116100 300500 19 28
120100 300500 34 32
124100 300500 6 14
128100 300500 31 21
132100 300500 5 9
136100 300500 48 4
140100 300500 8 46
144100 300500 1 7
148100 300500 9 5
152100 300500 25 9
156100 300500 49 40
160100 300500 48 9
164100 300500 43 41
168100 300500 32 23
172100 300500 37 28
176100 300500 18 41
180100 300500 27 44
184100 300500 42 26
188100 300500 18 37
192100 300500 35 1
196100 300500 1 5
200100 300500 14 48
204100 300500 42 17
208100 300500 11 29
212100 300500 49 41
216100 300500 15 4
220100 300500 33 45
224100 300500 17 27
228100 300500 25 8
232100 300500 1 33
